station,name,lat,lon,cap,empty_certain,empty_possible,full_certain,full_possible,L_mean,U_mean,band_mean,trips_out,trips_in,truck_pick,truck_drop,net_users,net_truck
710,CE-710 Molino del Rey - Glorieta de la Lealtad,19.416795,-99.192508,39,0.0,0.09901942934429214,0.0,0.2785913075142404,4.843160714750176,28.267797227351938,23.424636512601765,31207,24716,86,5864,-6491,5778
407,CE-407  Prolongación Xochicalco-General Emiliano Zapata,19.36726591257277,-99.15865559132271,19,0.017660675735427993,0.05836606237157645,0.0047337893723827604,0.030327463781309336,5.269045699274326,7.965432933648919,2.6963872343745936,9442,9207,98,318,-235,220
428,CE-428  Prolongación Uxmal-Av. Popocatépetl (Eje 8),19.363404,-99.160395,27,0.00819309699066247,0.05394439097979036,0.0,0.0009883736052227743,5.736442375217832,9.152495643353188,3.416053268135355,12090,11677,287,634,-413,347
483,CE-483 Colegio Salesiano - Marina Nacional,19.44304,-99.17759,23,0.007100684058574141,0.24737950945457382,0.0,0.00013004915858194396,3.390095456082399,5.612921684396702,2.222826228314303,8280,7807,213,680,-473,467
443,CE-443 Bruno Traven-Golondrinas,19.359583,-99.162085,31,0.08567638567378469,0.19574999349754207,0.0,0.0,2.389627279111504,3.889068067729602,1.4994407886180976,4395,4177,47,210,-218,163
423,CE-423 Moras-José María Rico (Eje 8),19.367816,-99.175269,23,0.043956615600697066,0.09532603324056493,0.0,0.00015605899029833277,3.4140245012614767,5.109527401357713,1.6955029000962363,8001,7797,103,265,-204,162
438,CE-438 Adolfo Prieto-José María Olloqui,19.36473,-99.174447,23,0.05870419018388951,0.18321325461024268,0.0,0.0005982261294769423,2.553645277915052,4.937498374385518,2.3838530964704656,7959,7446,66,481,-513,415
415,CE-415 San Francisco-Parroquia,19.37099,-99.176135,27,0.0009103441100736078,0.23133144328556193,0.0,0.0,2.4986344838348895,6.382110437745467,3.8834759539105783,8097,7062,53,949,-1035,896
417,CE-417 Goya-Augusto Rodin,19.373447,-99.184465,27,0.016646292298488827,0.13800816708715893,0.0,0.0,3.0342029287070513,6.626498816552657,3.5922958878456055,10307,9762,121,537,-545,416
022,CE-022 Reforma - Manchester,19.424784,-99.172119,35,0.0021848258641766587,0.2207454417769917,0.003043150310817489,0.04999089655889927,4.590189091476578,12.883397924415428,8.29320883293885,19698,14791,1261,6117,-4907,4856
094,CE-094 Lic. Verdad-Moneda,19.433766,-99.130918,23,0.06759955263089448,0.08513017920774052,0.00496787785783026,0.011262257133196348,6.648347075194423,7.563711082789294,0.9153640075948709,6598,6789,161,16,191,-145
405,CE-405 División Del Norte-Municipio Libre,19.370565558464016,-99.15662247688942,27,0.0,0.07678102322677972,0.00018206882201472156,0.1107238536166671,5.251176944885167,16.589512835851952,11.338335890966786,29910,28083,199,1860,-1827,1661
375,CE-375 Tenayuca-División Del Norte,19.376793,-99.158847,23,0.0,0.1382942752360392,7.802949514916639e-05,0.03768824615704736,3.2047493952714126,11.197674721044555,7.992925325773142,10651,9801,138,802,-850,664
394,CE-394 Dr. Roberto Gayol-Félix Cuevas,19.372474,-99.171639,35,0.0394569147137618,0.14783988347595392,0.0,0.00023408848544749915,3.1240408874554584,6.828907326969595,3.704866439514136,15544,14378,129,1203,-1166,1074
337,CE-337 San Borja-Martín Mendalde,19.384849,-99.16704,19,0.006086300621634978,0.028584805056311287,7.802949514916639e-05,0.00798501833693136,5.6154966577366245,7.83182042812183,2.2163237703852054,17790,17562,185,423,-228,238
412,CE-412 Parroquia-Avenida Universidad,19.368107,-99.164376,34,0.004811818867531927,0.060498868572320334,0.0,0.008531224802975525,6.290737898925794,11.849116966213229,5.558379067287435,18725,19348,1075,551,623,-524
381,CE-381 San Lorenzo-Manzanas,19.375543381100602,-99.17801052342838,23,0.0028870913205191564,0.12497724139724815,0.0,0.07758732800998777,3.2212656384113196,12.33318594428694,9.111920305875621,16650,15340,147,1301,-1310,1154
332,CE-332 Calle 27-Avenida 3,19.385494,-99.183744,23,0.008245116654095249,0.14432855619424143,0.0,0.09407756131817827,3.2992951335604856,13.00842718547611,9.709132051915624,8894,6530,39,2118,-2364,2079
399,CE-399 Heriberto Frías-San Lorenzo,19.372469,-99.164538,35,0.00018206882201472156,0.058756209847322285,0.0,0.009831716388794964,5.631388664915338,14.518714073919941,8.887325409004603,22948,22618,924,1189,-330,265
377,CE-377 Heriberto Frías-Miguel Laurent,19.375397,-99.163778,35,0.0014565505761177724,0.035035243321975704,7.802949514916639e-05,0.0067365464145446976,7.168049522719588,14.347777459879834,7.179727937160247,26344,27276,1213,351,932,-862
360,CE-360 Heriberto Frías-Matias Romero,19.379435,-99.162794,23,0.01597003667386272,0.11990532421255234,0.0,0.011912502926106069,3.2476135979400214,9.531380861965824,6.283767264025801,13748,13039,113,711,-709,598
362,CE-362 Augusto Rodin-Alberto Balderas,19.382123281154726,-99.18109126394484,19,0.05703956095404063,0.16344578250578717,0.0005722162977605535,0.0015605899029833277,2.7232033708741903,5.358519520378703,2.6353161495045128,7125,6144,45,940,-981,895
365,CE-365 Holbein-Avenida Revolución,19.381123,-99.18667,21,0.0030951699742502664,0.04205789788540068,0.001534580071266939,0.10960543085286238,7.531302832470674,11.932062319556792,4.400759487086119,20603,19974,244,833,-629,589
424,CE-424 Amores-José María Rico (Eje 8),19.367103332434564,-99.17058136315518,11,0.0,0.06414024501261477,0.007464821702603584,0.10546986760995657,3.8114027102244648,6.37690847140219,2.565505761177725,12156,11815,84,400,-341,316
421,CE-421 María Luz Bringas-Oso,19.36952,-99.179421,31,0.08515618903945692,0.3156553177100944,0.0,0.0010664031003719406,2.0926730304054932,6.209509194475512,4.116836164070018,7612,6424,258,1267,-1188,1009
287,CE-287 13 de Septiembre-Puente de la Morena,19.398946,-99.183254,19,7.802949514916639e-05,0.0819309699066247,0.007672900356334694,0.166644991806903,5.803053554243504,12.109345332535698,6.306291778292194,14245,12248,88,1969,-1997,1881
288,CE-288 11 de Abril-Avenida 2,19.396339843986805,-99.1835709661791,15,0.001534580071266939,0.05834005253986007,0.04187582906338596,0.26059250396649936,5.939865269071709,10.715192342705542,4.775327073633834,18298,16172,98,2123,-2126,2025
372,CE-372 Dr. Roberto Gayol-Tlacoquemécatl,19.377966,-99.170272,19,0.0,0.013317033838791063,0.007412802039170807,0.07693708221707805,7.305381434182121,11.05597315785367,3.750591723671548,28491,28909,481,151,418,-330
434,CE-434 Jose María Olloqui-Amores,19.363698614576656,-99.17118497195588,27,0.06257965510963144,0.2852758342653523,0.0,0.0,1.7893983925924,4.6252243347985535,2.835825942206154,5022,4025,22,895,-997,873
439,CE-439 Amores-Avenida Coyoacán,19.362037,-99.172683,19,0.026920175826462403,0.13262413192186648,0.0,0.008037038000364137,3.0603948292454546,5.762426197102505,2.70203136785705,9577,8723,81,859,-854,778
378,CE-378 Miguel Laurent-Amores,19.375865,-99.168219,31,0.0007022654563424974,0.038936718079434024,0.0,0.0013265014175358285,5.399927172471194,10.955601217260124,5.555674044788931,16259,16485,469,278,226,-191
437,CE-437 Moras-Comunal,19.364916,-99.175985,19,0.05984862277941062,0.2762504226597654,0.0006502457929097199,0.010221863864540796,2.7397456238458138,5.121153796134939,2.381408172289125,6429,6381,404,390,-48,-14
374,CE-374 Pitágoras-Pilares,19.376959,-99.161099,31,0.0,0.04450282206674123,5.201966343277759e-05,0.009883736052227742,5.65362707103285,13.59572918563217,7.942102114599319,24485,24126,253,538,-359,285
384,CE-384 Empresa-Poussin,19.375865,-99.185573,23,0.0019507373787291597,0.08747106406221551,0.002418914349624158,0.2598122090150077,5.142819985954691,16.79314380835956,11.65032382240487,24241,21060,112,2943,-3181,2831
348,CE-348 Indiana-Avenida San Antonio,19.3854574,-99.1782718,19,0.019091216479829375,0.12776029339090175,0.00041615730746222073,0.009337529586183578,3.596067313444482,7.264415949228808,3.6683486357843265,10276,9258,90,1020,-1018,930
397,CE-397 San Lorenzo-Gabriel Mancera,19.37313576931919,-99.16706666355822,31,0.011340286628345514,0.08539027752490441,0.0,0.0011184227638047183,4.0402111998335375,8.201654225297162,4.161443025463625,21131,20344,324,1012,-787,688
353,CE-353 Carolina-Holbein,19.3823345657493,-99.17888358246273,23,0.032954456784664604,0.20165422529716232,0.0,0.0010403932686555517,2.3088407418004007,5.49798423804198,3.1891434962415794,7211,6215,43,927,-996,884
387,CE-387 Cadiz-Empresa,19.374267,-99.180546,19,0.002705022498504435,0.09072229302676411,2.6009831716388796e-05,0.04640153978203761,3.9316721720810466,9.123182563008818,5.191510390927771,11482,10729,204,804,-753,600
367,CE-367 Boston -Augusto Rodin,19.379593,-99.181351,19,0.05729965927120451,0.19957343875985123,0.0,0.004187582906338596,2.2577314224776965,6.353707701511171,4.095976279033475,6997,6037,32,874,-960,842
390-391,CE-390-391 Oso-Félix Cuevas,19.373161,-99.178243,47,0.0,0.07735323952454028,0.0,0.4596457460920228,4.881421177204984,46.906988841782194,42.02556766457721,43846,36540,408,6557,-7306,6149
303,CE-303 Montecito-Av. Insurgentes,19.394861698080163,-99.17300574486944,26,0.0,0.10526178895622545,0.0014305407444013837,0.48625380393788853,6.098031055739069,26.38146019195256,20.28342913621349,18394,20487,4060,1870,2093,-2190
370,CE-370 Tlacoquemécatl-Av. Insurgentes,19.378799,-99.176821,31,0.009103441100736078,0.10944937186256405,7.802949514916639e-05,0.04260410435144485,4.677894244024241,14.883163835929981,10.20526959190574,17902,17298,705,1253,-604,548
354,CE-354 Boston-Av. Insurgentes,19.381714,-99.176664,23,0.00541004499700887,0.16682706062891772,0.004577730382084428,0.08237313704580332,4.079017868754389,10.394257029157021,6.315239160402633,15510,16168,1657,938,658,-719
333,CE-333 Georgia-Carolina,19.387624,-99.180978,23,0.009441568913049132,0.16778942440242411,0.0,0.0014825604078341614,2.6455380133690536,7.8599110463755295,5.214373033006477,10096,8698,79,1302,-1398,1223
445-446,CE-445-446 Riff-Avenida Río Churubusco,19.35857050753971,-99.15610156956063,59,0.011782453767524124,0.04187582906338596,0.0,0.0,6.654121257835461,10.569667334252348,3.9155460764168857,12181,12310,337,206,129,-131
429,CE-429 Pirineos-Av. Popocatépetl (Eje 8),19.363060918104924,-99.15833439679318,19,0.004551720550368039,0.04983483756860093,0.0,0.02431919265482352,5.422945873540198,8.250552708923973,2.827606835383775,10097,9734,118,424,-363,306
414,CE-414 Parroquia-José Ignacio Bartolache,19.370213835587535,-99.17385498530166,27,0.015241761385803835,0.13410669232970063,0.0,0.0,3.4663042630114185,7.272296928238874,3.805992665227456,10305,9320,106,994,-985,888
432,CE-432 Carrillo Puerto-Avenida México-Coyoacan,19.361245,-99.16239,35,0.023200769891018803,0.04983483756860093,0.0,2.6009831716388796e-05,6.19223866621583,8.403724607901786,2.2114859416859574,14829,15224,577,219,395,-358
358,CE-358 Nicolás San Juan-Matias Romero,19.380087,-99.16427,23,0.011808463599240513,0.09803105573906937,0.0,0.0014565505761177724,3.419902723229381,7.068327827918953,3.6484251046895726,9975,9420,71,580,-555,509
409,CE-409 Azores - División Del Norte,19.3650233,-99.1554899,23,0.0046557598772335946,0.04559523499882956,0.0,0.013655161651104118,6.811064582412151,9.707311363695476,2.8962467812833252,11389,11434,208,199,45,-9
413,CE-413 Parroquia-Avenida Coyoacán,19.369823,-99.172164,35,0.005227976174994148,0.1346268889640284,0.0,0.0,3.22277420865087,6.680053060056702,3.4572788514058312,11912,11216,98,739,-696,641
345,CE-345 Patricio Sanz - Miraflores,19.384447,-99.172039,23,0.03516529248055765,0.11935911774650818,0.0,0.0,2.966707415403022,4.499336749291232,1.5326293338882098,7464,7064,54,424,-400,370
419,CE-419 Actipan-Cadiz,19.370615,-99.181606,30,0.015709938356698833,0.09800504590735298,0.00031211798059666555,0.011782453767524124,5.747808671677895,9.85861055478971,4.110801883111816,17814,18830,1271,315,1016,-956
307,CE-307 Minnesota-Dakota,19.393711808925048,-99.17581468826029,27,0.025229536764897132,0.14929643405207169,0.0,0.0030171404791011,3.1887533487658333,6.691367336853331,3.502613988087497,6910,6265,126,660,-645,534
361,CE-361 Porfirio Díaz-Capulín,19.380691,-99.175036,27,0.01963742294587354,0.18771295549717792,0.0,0.0013525112492522174,2.9018909147657816,7.550576117772518,4.648685203006736,8796,7868,156,989,-928,833
393,CE-393 Adolfo Prieto-Félix Cuevas,19.373307,-99.172471,35,0.027726480609670454,0.13129763050433063,0.0,0.0,3.5172055036803913,8.717689286550316,5.200483782869925,18505,17477,151,1026,-1028,875
306,CE-306 Dakota-Minnesota,19.393699,-99.175664,35,0.026165890706687126,0.1218560615912815,0.0,0.0015605899029833277,4.570343589876973,8.774026582048014,4.203682992171041,14663,14518,682,791,-145,109
349,CE-349 Augusto Rodin-Avenida San Antonio,19.385632,-99.180848,19,0.0345930761827971,0.1329882695658959,0.0,0.006840585741410253,2.8064348323666346,6.104403464509585,3.29796863214295,10853,9731,68,1081,-1122,1013
284,CE-284 Dakota-Vermont,19.397693,-99.172981,31,0.0004681769708949983,0.038780659089135694,0.0,0.005149946679844981,5.01591801701043,9.916846568002706,4.900928550992275,17083,18466,1822,475,1383,-1347
308,CE-308 Nueva York-Arizona,19.393643,-99.178156,31,0.0062943792753660886,0.06913413270216141,0.0,0.0007802949514916638,4.31612349468099,9.39103181002419,5.074908315343199,15402,13805,183,1709,-1597,1526
312,CE-312 Avenida 2-Calle 7,19.39270929935713,-99.18373167525715,27,0.00013004915858194396,0.035035243321975704,0.006970634899992197,0.20935313548521342,8.435690691081229,19.3401045595235,10.904413868442271,14269,12494,211,1797,-1775,1586
325,CE-325 Providencia -Avenida Del Valle,19.38817793281278,-99.16966706519814,23,0.0055140843238744245,0.06986240799022031,0.0,0.0024449241813405465,4.180586261606887,7.704788410018987,3.5242021484120998,14262,13352,142,978,-910,836
327,CE-327 Georgia -Pensilvania,19.38885,-99.17772,23,0.018024813379457435,0.06307384191224283,0.00031211798059666555,0.004447681223502484,4.493250448669597,7.305797591489583,2.812547142819986,18723,17812,191,1012,-911,821
335,CE-335 Magdalena-Ameyalco,19.386989,-99.173438,35,0.009337529586183578,0.13868442271178505,0.0,0.00044216713917860954,4.210679636902749,8.234816760735558,4.0241371238328085,9690,9942,1134,819,252,-315
324,CE-324 Amores-Avenida Eugenia,19.387483,-99.165409,19,0.0023408848544749917,0.07363383358909668,0.00010403932686555518,0.004889848362681093,4.056155226675683,6.892657424506464,2.83650219783078,11968,11626,98,418,-342,320
059,CE-059 Popocatépetl - Ámsterdam,19.4152434,-99.1667561,35,0.0,0.03446302702421515,0.00018206882201472156,0.13306629906104508,8.330298852966422,20.335864956953728,12.005566103987308,38598,41976,3774,506,3378,-3268
072,CE-072 Mazatlán - Alfonso Reyes,19.409859,-99.179565,31,0.0,0.030535542435040447,0.0,0.001144432595521107,5.5881603246027,10.541732774988946,4.953572450386246,38656,38615,553,675,-41,122
067,CE-067 Vicente Suárez - Michoacán,19.411813726946605,-99.17595729242748,23,0.010169844201108018,0.05776783624209952,0.0004941868026113872,0.00517595651156137,4.720446328712253,7.9178869612713605,3.197440632559107,24267,24566,893,623,299,-270
343,CE-343 Enrique Rébsamen-División Del Norte,19.384079,-99.160915,15,0.0010664031003719406,0.06523265794470309,0.0017946783884308269,0.04060134730928291,4.053190105860015,7.859312820246053,3.806122714386038,9845,9253,64,639,-592,575
330,CE-330 Calle 15-Avenida Patriotismo,19.389358,-99.182606,19,0.0075688610294691394,0.1738497151923427,0.0,0.2796577106146123,2.197622701381122,13.829635602257653,11.632012900876532,7651,4723,29,2624,-2928,2595
315,CE-315 Alabama-Montana,19.391444264426035,-99.17368702595921,27,0.0028870913205191564,0.0663770905402242,0.0016906390615652716,0.05703956095404063,5.234322573932947,11.770463235102868,6.536140661169922,17777,20131,3069,769,2354,-2300
341,CE-341 San Borja-Avenida Cuauhtémoc,19.382889,-99.158352,31,0.027440372460790178,0.0912164798293755,0.0,0.0,3.7173251489062866,6.54227898145499,2.8249538325487036,13006,11749,90,1297,-1257,1207
300,CE-300 Providencia -Luz Saviñón,19.393228574754442,-99.16839435702059,23,0.00031211798059666555,0.04257809451972846,0.0,0.07282752880588862,4.697323588316384,12.693916300361536,7.996592712045153,17878,16863,544,1485,-1015,941
074,CE-074 Nuevo León - Ozulama,19.410468,-99.172802,35,0.0013525112492522174,0.03321455510182849,0.0,0.02998933596899628,7.830545946367727,15.24841990272323,7.4178739563555025,42632,44388,1937,377,1756,-1560
042,CE-042 Sinaloa - Valladolid,19.420603,-99.168239,23,0.0014565505761177724,0.08104663562826749,0.0047337893723827604,0.08219106822378859,6.150752984628189,11.576507919993757,5.4257549353655685,24082,24049,1388,1446,-33,58
076,CE-076 Chilpancingo - Campeche,19.4087182,-99.1699442,19,0.00150857023955055,0.049574739251437044,0.0025489635082061018,0.07990220303274638,5.082191068223788,9.550342029287071,4.468150961063282,26107,25316,392,1190,-791,798
064,CE-064 Sonora - Ámsterdam,19.412967269545486,-99.16692517703268,27,0.0,0.03004135563242906,0.0010924129320883293,0.28847504356646814,8.514812599162484,21.639191614430256,13.12437901526777,71243,76128,4853,284,4885,-4569
056,CE-056 Alvaro Obregón - Medellin,19.417102,-99.165607,35,0.0,0.03651780372980987,0.0011704424272374959,0.3145368949462897,8.607277550914246,30.337139438707833,21.729861887793586,47380,48095,3804,3117,715,-687
071,CE-071 Amsterdam - Michoacan,19.411361,-99.171271,35,0.015839987515280776,0.07594870861185528,0.0,0.0009623637735063854,5.980310557390694,8.906650713969881,2.926340156579187,28111,28753,925,387,642,-538
083,CE-083 Alfonso Reyes - Nuevo León,19.40655,-99.172275,15,0.0009883736052227743,0.11215439436106849,0.0029651208156683227,0.13636954768902645,3.5312248029755247,9.700860925429813,6.169636122454288,20028,18615,200,1549,-1413,1349
081,CE-081 Aguascalientes - Insurgentes,19.407927,-99.168734,27,0.0,0.019351314796993264,0.001638619398132494,0.09202278461258355,7.2727651052097695,16.065934923401045,8.793169818191277,23906,21908,318,2199,-1998,1881
079,CE-079 Saltillo - Alfonso Reyes,19.407548521979454,-99.17434785516434,31,0.0010664031003719406,0.03901474757458319,0.00013004915858194396,0.011834473430956902,5.737352719327906,11.03204411267459,5.294691393346685,26458,25812,482,1107,-646,625
128,CE-128 Orizaba-Río de Janeiro,19.422148,-99.160645,23,0.0012224620906702733,0.053658282830910085,0.009441568913049132,0.1674252867583947,8.130127188077093,14.087809191874529,5.957682003797435,28943,31500,2540,163,2557,-2377
049,CE-049 Mazatlán - Juan de la Barrera,19.41689,-99.17562,39,0.0024709340130569355,0.063620048378287,0.0,0.0025749733399224907,4.988295575727625,11.395713579733139,6.407418004005514,27886,27385,756,1311,-501,555
066,CE-066 Mazatlán - Francisco Márquez,19.411825,-99.178456,27,0.0023668946861913802,0.03363071240929071,0.00013004915858194396,0.004811818867531927,5.528779878794184,10.101386324030484,4.572606445236299,34305,34543,840,668,238,-172
040,CE-040 Oaxaca - Puebla,19.42235098990008,-99.16417356581859,23,0.0,0.03997711134808958,0.0008063047832080526,0.2521132988269566,7.051525476630166,16.93661404010716,9.885088563476994,30747,31758,1506,650,1011,-856
053,CE-053 Fernando Montes de Oca - Tula,19.4148233,-99.1783527,15,0.0004941868026113872,0.030743621088771555,0.009545608239914688,0.19515176736806514,5.5906312586157565,10.279475641792597,4.688844383176841,41882,42638,1128,443,756,-685
046,CE-046 Durango - Salamanca,19.419178,-99.169949,39,0.0,0.08957786043124301,0.00013004915858194396,0.01916924597497854,7.8407678102322675,15.675605378833199,7.834837568600931,31938,33974,2820,952,2036,-1868
447,CE-447 Agustín Melgar-Zamora,19.418879,-99.176854,27,0.0,0.04580331365256067,0.0,0.05282596821598564,5.302910500169064,13.968137956147423,8.66522745597836,25740,24692,1138,2206,-1048,1068
060,CE-060 Mazatlán - Fernando Montes de Oca,19.414099314684794,-99.17715847497675,39,0.00023408848544749915,0.05935443597679923,0.0,0.0009103441100736078,4.666085780425001,12.259474081202695,7.593388300777694,27547,27278,608,984,-269,376
302,CE-302 Luz Saviñón-Magdalena,19.393914210245562,-99.1716746986458,39,0.0,0.0947017972793716,0.00150857023955055,0.23244986604936665,6.452362993211434,29.17868754389159,22.726324550680157,32768,36133,7531,3949,3365,-3582
070,CE-070 Parque México - Michoacán,19.4113523,-99.1698939,45,0.019299295133560487,0.07852368195177777,0.0,0.0018206882201472156,6.112804640153978,9.653549041537701,3.5407444013837233,34427,35475,1383,419,1048,-964
125,CE-125 Morelia-Circular de Morelia,19.424197,-99.156127,35,0.002653002835071657,0.035243321975706815,0.0,0.0027570421619372123,6.820506151325201,13.133716544853955,6.313210393528754,26322,25539,731,1547,-783,816
100,CE-100 20 de Noviembre-Mesones,19.428485,-99.1338,23,0.011340286628345514,0.10796681145472989,0.0,0.02954716882981767,5.232189767732203,8.789242333602102,3.557052565869899,10823,11247,640,283,424,-357
105,CE-105 San Jerónimo-5 de Febrero,19.426755,-99.135014,23,0.0005462064660441647,0.08700288709132052,0.0010664031003719406,0.013186984680209119,4.670455432153354,8.927796707155304,4.25734127500195,7549,7125,316,714,-424,398
102,CE-102 Echeveste-Bolivar,19.428214,-99.139494,15,0.01035191302312274,0.03186204385257627,0.02848076572944573,0.138346294899472,6.719379925611881,8.911046375529951,2.191666449918069,12946,12946,351,351,0,0
097,CE-097 República de Salvador-Pino Suárez,19.429189,-99.132759,27,0.022160376622363254,0.07813353447603194,0.0011184227638047183,0.019663432777589928,5.740265820480142,8.734361588680521,2.99409576820038,13522,14697,1271,199,1175,-1072
099,CE-099 Ernesto Pugibet-Luis Moya,19.429947,-99.14591,27,0.0,0.03264233880406794,0.00023408848544749915,0.08986396858012329,8.211459931854241,14.891018805108331,6.6795588732540905,20956,23264,2215,69,2308,-2146
107-108,CE-107-108 Tolsa-Balderas,19.427305,-99.149533,59,0.0,0.009077431269019689,0.0,0.045517205503680394,14.525268551512472,30.439774234660703,15.91450568314823,43201,41006,1221,3198,-2195,1977
122,CE-122 José María Vértiz-Av. Dr. Río de la Loza,19.425502,-99.146337,31,0.0015605899029833277,0.030821650583920723,0.0,0.0,6.1018284911696625,9.492522173381538,3.390693682211876,10580,10052,90,576,-528,486
029,CE-029 Reforma - Bucareli,19.434944,-99.150295,35,0.0,0.028428746066012953,0.0003641376440294431,0.3818243295965875,10.484407105886024,29.917626862954197,19.433219757068173,52596,58989,7240,1167,6393,-6073
110,CE-110 Dr. Valenzuela-Dr. Río de la loza,19.425126,-99.143391,35,0.0032512289645485995,0.027102244648477124,0.0,0.00541004499700887,9.053892371316358,12.401721850859625,3.3478294795432673,17064,17509,788,386,445,-402
093,CE-093 Palma Norte-República de Cuba,19.436741,-99.134811,35,0.0008063047832080526,0.07875777043722527,0.0,0.0805524488256561,5.9873852316175515,15.006138320285068,9.018753088667516,10681,12765,2263,419,2084,-1844
091,CE-091 Republica de Cuba-Allende,19.4374,-99.137571,19,0.0022108356958930476,0.045517205503680394,0.028766873878326008,0.21814445860535284,7.383514968658153,12.70549067547533,5.3219757068171765,14241,15019,1324,626,778,-698
112,CE-112 Av. Morelos-Abraham González,19.432819,-99.151734,23,0.0,0.021718209483184644,0.0015605899029833277,0.18563216895986684,6.7628943740734,16.171118682862122,9.408224308788721,25811,27360,1559,142,1549,-1417
065,CE-065 Marconi - Tacuba,19.436522,-99.139811,19,0.00013004915858194396,0.02439722214997269,0.034176918875334875,0.4807917392774469,9.098733321195413,17.376310245272713,8.277576924077302,19252,21280,2154,276,2028,-1878
088,CE-088 2a Cerrada de 5 de Mayo - Palma,19.433757,-99.135331,15,0.0,0.16092282882929748,0.03664785288839181,0.2944052851978048,4.696881421177205,10.474445340338647,5.777563919161443,13080,15186,2092,76,2106,-2016
003,CE-003 Reforma - Insurgentes,19.43163,-99.158547,31,0.00026009831716388793,0.09790100658048742,0.00023408848544749915,0.02221239628579603,4.997685124977242,12.439358077353239,7.441672952375998,30072,28372,724,2508,-1700,1784
109,CE-109 Nezahualcóyotl-Isabel la Católica,19.425311,-99.137421,31,0.003407287954846932,0.0371420396910032,0.0,0.015605899029833278,6.641428459957864,11.92818685463105,5.286758394673186,10787,12007,1335,296,1220,-1039
113,CE-113 General Prim-Versalles,19.430369,-99.154419,15,0.010846099825734128,0.09295913855437356,0.018727078835799934,0.15301583998751528,4.924909615834785,8.610086612739616,3.68517699690483,22917,24784,2337,531,1867,-1806
123,CE-123 Claudio Bernard-Dr. Lavista,19.424161,-99.153117,27,0.0011704424272374959,0.032928446952948213,0.0038234452623091527,0.10554789710510573,7.126537831300231,15.210731656566182,8.08419382526595,34072,31547,333,2799,-2525,2466
259,CE-259 Tómas Alva Edison-Ponciano Arriaga,19.437569,-99.15468,27,0.0009363539417899966,0.03646578406637709,0.009831716388794964,0.11272661065882904,8.917704892449345,14.697765755455562,5.7800608630062165,20219,21233,1594,744,1014,-850
016,CE-016 Reforma - Río Tiber,19.4267528,-99.16861944,31,0.0,0.15582490181288527,0.002626993003355268,0.16703513928264885,6.217442193149011,17.866803651780373,11.649361458631363,38706,37855,6048,7057,-851,1009
025,CE-025 Reforma - Estocolmo,19.427338,-99.16672,27,0.0028350716570863786,0.11111400109241293,0.013681171482820506,0.27957968111946313,8.860457252841574,18.478997060889014,9.618539808047442,30876,33269,2647,455,2393,-2192
116,CE-116 Londres-Roma,19.428985,-99.15664,23,0.0,0.025307566260046297,0.002939110983951934,0.16360184149608553,7.470777954066637,15.21572554425573,7.744947590189091,40475,41942,2296,975,1467,-1321
019,CE-019 Reforma - Río Rhin,19.429453,-99.16283,31,0.0,0.18680261138710433,0.0006502457929097199,0.1093193227039821,4.818243295965875,16.342419434546258,11.524176138580383,43856,38293,4402,10071,-5563,5669
005,CE-005 Río Pánuco Río Tiber,19.4298428,-99.1693702,23,5.201966343277759e-05,0.08853746716258745,0.004889848362681093,0.1780112882669649,5.779332587718158,14.957473925143704,9.178141337425547,35994,36902,4508,3754,908,-754
261,CE-261 Paseo de la Reforma-Río de la Plata,19.42491,-99.172455,43,0.0,0.2686035321351471,0.002314875022758603,0.10068405857414102,6.167347257263246,17.152157515540875,10.984810258277628,19251,19365,6026,5913,114,-113
263,CE-263 Sadi Carnot - Gómez Farias,19.436274,-99.158425,29,0.0,0.1019065206648113,0.0,0.006918615236559419,4.389965406923817,10.502067781621452,6.112102374697636,12570,11212,260,1624,-1358,1364
111,CE-111 Guillermo Prieto - Joaquín Velázquez de León,19.438197,-99.165918,27,0.0008063047832080526,0.04775405103128983,0.0031471896376830443,0.22342445444377976,8.645251905220173,18.29279267563139,9.647540770411215,39681,37211,1396,3958,-2470,2562
265,CE-265 Mina - Jesús García,19.440839,-99.152265,33,0.020859885036543815,0.1274481754103051,0.003979504252607485,0.11527557416703514,6.505605118734882,16.174551980648687,9.668946861913803,11083,14012,3600,862,2929,-2738
264-275,CE-264-275 Héroes Ferrocarrileros - Jesús Garcia,19.440985,-99.152935,71,0.02057377688766354,0.16638489348973912,0.0,0.038624600098837364,5.506853590657268,20.21434702317476,14.707493432517492,7657,12778,6195,1260,5121,-4935
255,CE-255 José Rosas Moreno-Guillermo Prieto,19.437118,-99.161862,35,0.00031211798059666555,0.037194059354435975,0.0,0.041121543943610686,8.51850599526621,16.918641246391136,8.400135251124926,26959,24699,1158,3487,-2260,2329
268-269,CE-268-269 Luis Donaldo Colosio - Av. Jesús García,19.442467,-99.151658,69,0.02156215049288631,0.10206257965510963,0.0019247275470127708,0.14986865034983224,23.15392618409759,33.51970244752516,10.365776263427575,19569,19484,1216,1500,-85,284
007,CE-007 Río Elba - Río Lerma,19.42528,-99.175106,23,0.0,0.07423205971857362,0.013082945353343563,0.32259994277837023,6.861653705100528,18.34528051603506,11.483626810934533,46858,49475,5988,3546,2617,-2442
254,CE-254 Alfonso Herrera-Miguel Shultz,19.439177,-99.159957,31,0.0006502457929097199,0.03173199469399433,0.0,0.04725986422867844,9.045725284157411,15.200899940177386,6.155174656019976,23086,22660,1406,1902,-426,496
115,CE-115 Roma-Dinamarca,19.429924814772583,-99.15965178055556,27,0.005748172809321924,0.08242515670923609,0.0006762556246261087,0.05602517751710146,5.380471818347336,11.956615600697063,6.576143782349728,36961,35294,2372,4066,-1667,1694
273-274,CE-273-274 Luis Donaldo Colosio - Av. Jesús García,19.442707,-99.152956,70,0.01703643977423466,0.07529846281894556,0.0038754649257419305,0.518063828127032,22.702499544827944,68.92691237287694,46.224412828049005,40468,55184,30095,16062,14716,-14033
035,CE-035 Liverpool - Génova,19.424558,-99.163518,41,0.00023408848544749915,0.0865867297838583,0.00028610814888027674,0.017582646240278825,6.52607485629568,14.102582776289438,7.576507919993758,31508,32191,1316,757,683,-559
012,CE-012 Río Lerma - Villalongín,19.432223,-99.161686,15,0.0006242359611933311,0.08141077327229693,0.0030171404791011,0.0724373813301428,4.007854969178349,7.835409784898692,3.8275548157203425,25337,25285,408,529,-52,121
006,CE-006 Río Pánuco - Río Sena,19.430963,-99.166986,15,0.00015605899029833277,0.06502457929097198,0.006346398938798866,0.20839077171170703,4.675033162535438,10.712643379197337,6.037610216661898,35319,33388,1304,3303,-1931,1999
132,CE-132 Colima-Frontera,19.420667,-99.15645,23,0.0014825604078341614,0.055400941555908134,0.0005982261294769423,0.06627305121335865,5.953130283247067,11.991598824355606,6.038468541108539,23207,24898,1910,375,1691,-1535
144,CE-144 Frontera-San Luis Potosí,19.415192,-99.154837,27,0.00026009831716388793,0.024475251645121855,0.0021328062007438813,0.09777095742190547,8.60790178687544,15.182641038312482,6.574739251437043,21363,23285,2180,390,1922,-1790
147,CE-147 Coahuila-Orizaba,19.412182,-99.158443,27,0.00150857023955055,0.017634665903711603,0.0,0.03729809868130153,7.254350144354566,12.142403828647229,4.888053684292663,21883,22680,1228,544,797,-684
271-272,CE-271-272 Jesús García - Carlos J. Meneses,19.443684,-99.152465,74,0.0,0.07782141649543528,0.009701667230213021,0.7023434858376466,29.276484511145213,118.0050719171847,88.72858740603948,93853,151362,86461,29829,57509,-56632
002,CE-002 Río Guadalquivir - Río Nazas,19.430495377066244,-99.17115971451493,23,0.00541004499700887,0.08679480843758941,0.0007802949514916638,0.05742970842978646,4.0526699092256875,10.6817957187817,6.629125809556013,24808,23759,1577,2677,-1049,1100
137,CE-137 Álvaro Obregón-Mérida,19.418782,-99.157081,27,0.0004681769708949983,0.052045673264493976,0.001664629229848883,0.05553099071449008,7.076546934741332,12.511847478346816,5.435300543605483,29054,30398,1816,609,1344,-1207
139,CE-139 Tonalá-Guanajuato,19.416128,-99.162097,23,0.0,0.028558795224594896,0.001898717715296382,0.16906390615652717,7.399432985668582,15.558795224594897,8.159362238926315,40784,44915,4351,384,4131,-3967
190,CE-190 Gobernador Ignacio Esteva-Maestro José Vasconcelos,19.409577,-99.183818,31,0.000754285119775275,0.025099487606315186,0.0,0.014305407444013837,7.1692459749785415,12.35048248237834,5.181236507399797,30231,28982,343,1563,-1249,1220
185,CE-185 General Antonio Léon-General Pedro Antonio de los Santos,19.412776,-99.182805,29,0.0015605899029833277,0.02957317866153406,0.00013004915858194396,0.02369495669363019,7.555804093947512,13.415975238640206,5.860171144692694,30513,30226,709,957,-287,248
228,CE-228 Campos Elíseos-La Fontaine,19.427705,-99.19912,19,0.0022108356958930476,0.12658985096366426,0.004031523916040263,0.2503446302702422,3.7107706713137567,13.532811402710225,9.822040731396468,18863,15431,351,3696,-3432,3345
220,CE-220 Plinio-Presidente Masaryk,19.432655,-99.205727,27,0.004551720550368039,0.3268135355164252,0.004837828699248316,0.16961011262257134,5.0471818347335295,12.715088303378677,7.667906468645148,8891,8228,1512,1999,-663,487
204,CE-204 Temístocles-Homero,19.435882,-99.19152,27,0.00033812781231305436,0.10757666397898405,0.00013004915858194396,0.23544099669675136,4.562098473222878,19.788956225453223,15.226857752230343,21020,15339,1906,7423,-5681,5517
199,CE-199 Anatole France-Av. Ejército Nacional,19.437934,-99.197241,23,0.06437433349806226,0.32189767732202773,0.0018466980518636045,0.03753218716674903,3.6963872343745936,7.48451114521289,3.788123910838297,9655,9283,1204,1508,-372,304
247,CE-247 Herschel-Rousseau,19.432276,-99.18064,27,0.006580487424246365,0.24506463443181523,0.015137722058938279,0.18992379119307098,5.549561734335579,13.300803703800037,7.751241969464457,15885,18636,5554,2844,2751,-2710
158-159,CE-158-159 Huatabampo-Eje 1 Pte. Av. Cuauhtémoc,19.407517,-99.155373,74,0.0,0.009467578744765521,5.201966343277759e-05,0.04187582906338596,15.879314380835956,36.88090098057066,21.0015865997347,54895,53773,3326,4087,-1122,761
207,CE-207 Torquato Tasso-Homero,19.434861,-99.183322,23,0.0,0.18555413946471766,0.0046817697089499835,0.21432101334304368,5.51821988711733,14.73451764767082,9.21629776055349,19098,20817,3376,1723,1719,-1653
222,CE-222 Alejandro Dumas-Presidente Masarik,19.431417,-99.195774,27,0.011600384945509402,0.20935313548521342,0.002392904517907769,0.06062891773090228,5.7576143782349725,11.449111764246885,5.691497386011912,23837,23360,1298,1832,-477,534
216,CE-216 Alejandro Dumas-Horacio,19.433419,-99.195746,27,0.0014045309126849948,0.22480297552474834,0.00010403932686555518,0.0387546492574193,3.776965693031966,9.843316773740474,6.0663510807085075,14456,12678,853,2620,-1778,1767
212,CE-212 Hegel-Horacio,19.433863944714325,-99.18809428821986,35,0.0,0.09345332535698495,2.6009831716388796e-05,0.35009233490259317,5.39657190417978,30.8362160896819,25.439644185502118,31407,27276,4611,8343,-4131,3732
140,CE-140 Mérida-Zacatecas,19.416596,-99.156879,19,0.007516841366036362,0.052409810908523424,0.002314875022758603,0.05711759044918979,5.462038650609931,9.382396545894348,3.9203578952844174,23519,23390,635,790,-129,155
229,CE-229 Carlos Dickens-Séneca,19.430515,-99.203331,23,0.011756443935807735,0.22415272973183864,0.007204723385439696,0.07826358363461389,4.810752464431555,9.267225011054178,4.456472546622623,12354,11404,462,1355,-950,893
231,CE-231 Isaac Newton-Aristóteles,19.429711892530808,-99.19357940565533,27,0.009519598408198299,0.2112518532005098,0.00015605899029833277,0.033136525606679325,4.8987437251280985,10.912971103076963,6.014227377948865,17037,16656,1196,1629,-381,433
460,CE-460 Juan Vázquez De Mella-Homero,19.43716476942747,-99.20793056498951,35,0.0007282752880588862,0.23754779306577886,0.007022654563424975,0.14950451270580278,6.412177803209613,15.14383436939163,8.731656566182016,19732,18189,2166,3505,-1543,1339
214,CE-214 Platón-Horacio,19.434353,-99.20322,27,0.04140765209249096,0.2943792753660884,0.008167087158946082,0.040731396467864854,5.036959970868988,8.704736390355555,3.667776419486566,12463,11076,230,1516,-1387,1286
218,CE-218 Hegel-Ibarbourou,19.432451,-99.188033,23,0.0007802949514916638,0.1822248810050199,0.000754285119775275,0.08713293624990247,3.81496605716961,12.219236871537442,8.40427081436783,16217,16428,2438,2263,211,-175
243,CE-243 Lago Filt-Miguel de Cervantes Saavedra,19.441123,-99.195857,23,0.017192498764532993,0.12721408692485758,0.01100215881603246,0.05906832782791895,5.298306759955263,8.642312794236222,3.3440060342809583,21128,20714,839,1220,-414,381
192-193,CE-192-193 Rubén Darío.Reforma,19.425907,-99.190733,49,0.0,0.06133118318724478,0.0014305407444013837,0.33394022940671575,11.612817645069837,40.987879418420164,29.375061773350325,42896,36405,1129,7074,-6491,5945
464,CE-464 Mateo Alemán-Prolongación Moliere,19.442421,-99.199838,23,0.004031523916040263,0.10011184227638047,0.013967279631700783,0.12175202226441595,6.0854422971883375,10.804458085156188,4.719015787967852,27080,27137,1615,1562,57,-53
195,CE-195 Reforma-Circuito Mahatma Gandhi,19.424858,-99.185181,31,0.00031211798059666555,0.09444169896220772,0.007178713553723307,0.1309074830285848,7.746690248914089,17.470205737768875,9.723515488854787,37590,36932,424,1103,-658,679
120,CE-120 Marsella-Nápoles,19.425437,-99.159458,15,0.00452571071865165,0.051655525788748144,0.01836294119177049,0.14419850703565948,5.476552136707675,8.789632481077847,3.3130803443701717,25721,26590,1014,237,869,-777
143,CE-143 Córdoba-San Luis Potosí,19.414303,-99.157542,23,0.00020807865373111036,0.016334174317892164,0.002288865191042214,0.10115223554503602,7.675735427991781,13.400447369105521,5.724711941113741,23089,24433,1704,434,1344,-1270
150,CE-150 Campeche-Medellín,19.4098481,-99.164553,31,0.0,0.02203032746378131,2.6009831716388796e-05,0.05987463261112701,7.877441672952376,17.753218716674905,9.875777043722527,35441,36912,2212,855,1471,-1357
161,CE-161 Quintana Roo-Manzanillo,19.405533,-99.164913,23,0.0028610814888027675,0.0693942310193253,0.00020807865373111036,0.020859885036543815,4.775587171950997,9.307384191224283,4.531797019273285,15455,14286,253,1412,-1169,1159
031,CE-031 Hamburgo - Insurgentes,19.427922277979096,-99.16124593467885,37,0.0,0.04400863526412984,0.0007282752880588862,0.06850989674096808,7.983483756860093,19.30691601425339,11.323432257393295,55658,56541,3864,3214,883,-650
280,CE-280 Anaxágoras-Obrero Mundial,19.4015,-99.156406,39,0.0020807865373111034,0.01685437095221994,0.0011184227638047183,0.09475381694280438,11.459775795250605,22.204229198637083,10.74445340338648,22733,25144,2683,545,2411,-2138
032,CE-032 Londres - Sevilla,19.42268552552878,-99.16998323054486,35,0.00020807865373111036,0.04507503836450178,0.00031211798059666555,0.015944026842146332,6.9880094675787445,13.23437459359638,6.2463651260176345,46617,47613,1884,982,996,-902
118,CE-118 Liverpool-Dinamarca,19.427171,-99.158108,19,0.0012224620906702733,0.06806772960178947,0.005644133482456368,0.1376440294431295,5.59809608031836,10.943012458709392,5.344916378391032,25460,26054,2225,1725,594,-500
134,CE-134 Álvaro Obregón-Orizaba,19.418286,-99.159932,31,0.00010403932686555518,0.050667152183525375,0.001664629229848883,0.287798787941842,8.593310271282546,23.72853538637605,15.135225115093505,53207,61315,7859,206,8108,-7653
033,CE-033 Londres - Florencia,19.424187,-99.166497,17,0.0021067963690274923,0.06286576325851172,0.024293182823107135,0.22345046427549614,6.667490311337685,11.324862798137696,4.657372486800011,32242,33498,1752,589,1256,-1163
165,CE-165 Bajío-Eje 2 Pte. Monterrey,19.404268,-99.160503,23,0.00028610814888027674,0.03818243295965875,0.006866595573126642,0.11158217806330793,7.991754883345905,12.80157099383567,4.809816110489765,26633,26775,1056,973,142,-83
179,CE-179 Nuevo León-Quintana Roo,19.404435569698265,-99.17138099675866,27,0.0011184227638047183,0.038442531276822636,0.0,0.004811818867531927,5.159882435560642,9.661456030379483,4.501573594818842,22224,21530,196,883,-694,687
293,CE-293 Mier y Pesado-Eje 4 Sur Xola,19.397373,-99.164598,31,0.012276640570135512,0.046011392306291775,0.0,0.00015605899029833277,5.465523968059927,8.061305173355528,2.5957812052956015,11717,11540,251,419,-177,168
037,CE-037 Guadalajara - Puebla,19.4204342,-99.1725775,35,0.0,0.07529846281894556,0.001014383436939163,0.11277863032226182,6.962883970140713,19.610944937186257,12.648060967045543,35558,33894,2138,3787,-1664,1649
156,CE-156 Tepic-Ario,19.406959,-99.163021,19,0.0,0.03859859026712097,0.0059042317996202565,0.11358493510546987,6.823887429448331,11.469061305173355,4.645173875725024,18505,18133,564,953,-372,389
285,CE-285 12 de Octubre-Minería,19.399763,-99.177538,19,0.006840585741410253,0.076598954404765,0.0032512289645485995,0.09558613155772883,5.467890862746118,10.224282778890421,4.7563919161443025,15703,12865,128,2865,-2838,2737
131,CE-131 Colima-Jalapa,19.419579,-99.161314,19,0.006424428433948032,0.0916846568002705,0.006944625068275808,0.2606185137982157,5.601217260124327,13.455822300829714,7.854605040705387,30737,36018,5244,144,5281,-5100
030,CE-030 Hamburgo - Amberes,19.426099760030304,-99.16493654251099,36,0.0,0.07394595156969334,0.0012224620906702733,0.15150726974796472,8.217182094831847,22.36075636590631,14.143574271074467,40275,45752,7584,2399,5477,-5185
057,CE-057 Cuernavaca - Juan Escutia,19.414968,-99.174766,11,0.005566103987307202,0.07644289541446667,0.015423830207818555,0.14750175566364085,3.8826436392956536,6.730850261398809,2.848206622103155,16493,16348,441,600,-145,159
058,CE-058 Parque España - Juan de la Barrera,19.415358,-99.171902,27,0.0007282752880588862,0.06375009753686893,0.00010403932686555518,0.023486878039899083,4.762946393736833,11.10507972013421,6.342133326397378,21208,20800,540,1008,-408,468
175,CE-175 Mutualismo-José Martí,19.400599004903363,-99.17245991533491,23,0.009363539417899967,0.046713657762634274,0.0014565505761177724,0.018909147657814655,6.439462116680105,9.268057325669103,2.8285952089889976,29187,28944,433,679,-243,246
148,CE-148 Coahuila-Av. Cuauhtémoc,19.412829,-99.155116,21,0.06632507087679143,0.17925976018935158,0.0,0.004031523916040263,2.9296434052071683,5.4008635264129845,2.471220121205816,14031,13123,204,1076,-908,872
177,CE-177 Benjamín Hill - Carlos Zetina,19.408841,-99.181692,19,0.02070382604624548,0.1446146643431217,0.0,0.011860483262673291,2.83556584388899,7.259500091034411,4.423934247145421,14686,12863,61,1777,-1823,1716
166,CE-166 Progreso-Cda. Antonio Maceo,19.406069,-99.183549,23,0.006424428433948032,0.047962129685020935,0.00010403932686555518,0.09189273545400162,4.872915962233725,12.967539730017947,8.094623767784222,27976,25647,171,2424,-2329,2253
241,CE-241 Ejército Nacional-Juan Vázquez de la Mella,19.43869310388943,-99.20757338410112,19,0.0431763206492054,0.37753270736338335,0.008037038000364137,0.1251333003875465,3.4903373475173614,8.262049054542617,4.771711707025256,11284,9444,850,2549,-1840,1699
173,CE-173 Minería-José Martí,19.401682,-99.176398,23,0.005071917184695815,0.054672666267849244,2.6009831716388796e-05,0.09223086326631466,4.963742294587354,12.01469555491976,7.050953260332405,25708,21380,340,4561,-4328,4221
126,CE-126 Jalapa-Puebla,19.422288,-99.162138,34,0.00041615730746222073,0.0431763206492054,0.00033812781231305436,0.0661690118864931,7.582672250110542,15.83124821182407,8.248575961713527,30749,33819,3106,292,3070,-2814
127,CE-127 Puebla-Merida,19.423318,-99.15833,27,0.00023408848544749915,0.049574739251437044,0.00041615730746222073,0.0482742476656176,6.474991546804692,13.13324836788306,6.658256821078368,19666,20170,740,350,504,-390
180,CE-180 Quintana Roo-Villahermosa,19.404554,-99.169953,27,0.0,0.005566103987307202,0.00028610814888027674,0.09181470595885245,8.354592035789528,13.873722267016932,5.519130231227404,28044,29012,1213,369,968,-844
467,CE-467 Lago Mayor-Lago Alberto,19.440399,-99.186784,27,0.009467578744765521,0.0868208182693058,0.0,0.01768668556714438,4.370666111790257,10.203006736546415,5.832340624756158,21660,21534,931,1067,-126,136
167,CE-167 General Salvador Alvarado-Progreso,19.404608864422567,-99.1794095188925,23,0.0004681769708949983,0.056467344656280075,0.0007282752880588862,0.0707987619320103,5.936744089265742,12.197024475251645,6.260280385985903,22066,20588,476,1908,-1478,1432
196,CE-196 Lago Tanganica- Av. Ejército Nacional,19.438349,-99.192904,27,0.008713293624990246,0.1741098135095066,0.0006762556246261087,0.02049574739251437,4.85530730616173,9.205321611569174,4.350014305407444,10994,10120,481,1291,-874,810
152,CE-152 Tlacotalpan-Campeche,19.409098,-99.167181,35,0.0009623637735063854,0.0401591801701043,0.0,0.0,4.763076442895414,9.00215881603246,4.2390823731370455,26992,25904,174,1260,-1088,1086
200,CE-200 Emerson-Av. Ejército Nacional,19.437596,-99.188785,27,0.01035191302312274,0.24451842796577106,0.0004681769708949983,0.022992691237287696,3.629724035685489,9.424974640414076,5.795250604728587,16475,14551,685,2542,-1924,1857
461,CE-461 Presa Don Martín-Boulevard Miguel De Cervantes Saavedra,19.440106,-99.210031,31,0.006398418602231643,0.11030769630920488,0.004187582906338596,0.109579421021146,5.168127552214737,14.3588316383593,9.190704086144562,24329,19575,337,4905,-4754,4568
454,CE-454 Montes Urales-Monte Pelvoux,19.425905,-99.204236,15,0.04559523499882956,0.5332795796811195,0.02072983587796187,0.25021458111166023,2.390875751033891,10.624782167659376,8.233906416625484,12119,7365,753,5269,-4754,4516
466,CE-466 Lago Onega-Lago Ladoga,19.44269,-99.19083,27,0.0010924129320883293,0.05298202720628398,0.0022368455276094365,0.11449527921554348,6.999193695216792,15.728119229068588,8.728925533851797,24769,21572,1256,4422,-3197,3166
213,CE-213 Solón-Cicerón,19.434366028509015,-99.206306487431,27,0.013551122324238562,0.39545348141597525,0.004161573074622207,0.10684838869092517,4.283221057559758,11.088277368845423,6.805056311285666,8685,7472,644,1699,-1213,1055
157,CE-157 Tepic-Tlacotalpan,19.406236,-99.166616,30,0.0017686685567144382,0.06674122818425365,0.0,5.201966343277759e-05,4.8614456264467965,9.532499284729628,4.671053658282831,16507,14579,287,2152,-1928,1865
456,CE-456 Alpes-Montes Escandinavos,19.427517,-99.208412,27,0.014175358285431892,0.4094467708793924,0.008531224802975525,0.14081722891252893,3.5922438681821727,11.827372746898327,8.235128878716155,11544,6407,132,5023,-5137,4891
459,CE-459 Volcán-Montes Urales,19.429323620268587,-99.2071587592636,31,0.002705022498504435,0.32936249902463133,0.02031367857049965,0.17790724894009935,5.937108226909772,15.421723411449529,9.484615184539756,18256,15496,1651,4251,-2760,2600
457,CE-457 Av. Prado Norte-Explanada,19.42703,-99.212845,17,0.017764715062293546,0.4349624157931698,0.0017166488932816605,0.24217754311129608,2.1468515098707313,11.391968163965979,9.245116654095249,10735,6065,166,4570,-4670,4404
283,CE-283 Av. Coyoacán-Rafael Dondé,19.397923,-99.167248,19,0.027804510104819623,0.0749603350066325,0.00044216713917860954,0.002418914349624158,4.475095586131558,6.193044970999038,1.7179493848674798,11246,11005,102,316,-241,214
294,CE-294 Nicolás San Juan-Eje 4 Sur Xola,19.39644167553825,-99.16090227668974,21,0.0007802949514916638,0.0589642885010534,0.0,0.004239602569771374,4.851327801909122,8.725986422867845,3.8746586209587224,12298,12071,168,408,-227,240
278,CE-278 Mier Y Pesado-Obrero Mundial,19.40071,-99.163831,19,0.00020807865373111036,0.03196608317944183,0.01636018414960855,0.0643223138346295,7.1656306083699635,10.322782011600385,3.1571514032304213,12942,12847,381,494,-95,113
282,CE-282 La Morena-Eje 2 Poniente Gabriel Mancera,19.398719270170474,-99.16128046816084,19,0.0032512289645485995,0.025385595755195466,0.015657918693266056,0.045829323484277054,7.314146747470544,8.953962597861992,1.639815850391448,18008,18153,279,176,145,-103
320,CE-320 Enrique Rébsamen-Luz Saviñón,19.391374,-99.159327,19,0.011366296460061903,0.06650713969880614,0.0013785210809686061,0.019351314796993264,5.126589850963664,7.709444169896221,2.5828543189325566,14933,13705,141,1344,-1228,1203
044,CE-044 Durango - Veracruz,19.418222661839696,-99.17461395263672,25,0.002314875022758603,0.07457018753088668,0.0015605899029833277,0.04546518584024761,5.307202122402268,12.303378677139959,6.996176554737691,21161,20313,491,1382,-848,891
114,CE-114 Lucerna-Abraham González,19.428989,-99.153618,23,0.003043150310817489,0.05529690222904258,0.003069160142533878,0.037011990532421254,5.739277446874919,9.478216765937525,3.7389393190626055,23795,25253,1758,368,1458,-1390
322,CE-322 Heriberto Frías-Concepción Beistegui,19.388456876549792,-99.16064277296753,27,0.01100215881603246,0.08273727468983276,0.0,0.0,3.975758836840326,6.41558509116446,2.4398262543241347,8361,7627,68,733,-734,665
318,CE-318 Luz Saviñón-Amores,19.392195,-99.163987,23,0.011964522589538845,0.0693942310193253,0.0,0.002392904517907769,4.203943090488204,6.847790464795692,2.643847374307488,13240,12776,156,599,-464,443
009,CE-009 Río Guadalquivir - Río Lerma,19.428184,-99.170013,19,0.020911904699976593,0.1432361432621531,0.011860483262673291,0.07553255130439306,4.399615054490598,7.894061955419148,3.494446900928551,23283,23741,2013,1597,458,-416
234,CE-234 Tres Picos-Arquímides,19.42786220267939,-99.1914046928423,27,0.0,0.19190053840351654,0.0018727078835799932,0.09233490259318022,5.118526803131584,13.193487138138217,8.074960335006633,17236,16927,1124,1473,-309,349
339,CE-339 Enrique Rébsamen-Avenida Eugenia,19.386212,-99.160583,23,0.005618123650739979,0.06606497255962754,0.0,0.0,3.3141987671339765,5.387078315603298,2.0728795484693214,7755,7217,64,556,-538,492
188,CE-188 Gobernador Melchor Múzquiz-Gobernador Ignacio Esteva,19.411711,-99.190139,19,0.0,0.09990376362264936,0.00020807865373111036,0.22009519598408198,3.874970738939319,13.88649309438968,10.01152235545036,23002,20311,132,2622,-2691,2490
298,CE-298 Romero de Terreros-Gabriel Mancera,19.394092,-99.162139,19,0.0,0.03883267875256847,0.002028766873878326,0.030145394959294615,5.783208052643899,8.793273857518141,3.0100658048742424,13727,13548,184,361,-179,177
189,CE-189 Gobernador Rafael Rebollar-Gobernador José Ceballos,19.410046050731914,-99.18795973067971,19,0.0051239368481285925,0.15977839623377638,0.00015605899029833277,0.18240694982703462,3.2286784404504902,12.655915936223893,9.427237495773403,14311,11045,68,3141,-3266,3073
249,CE-249 Shakespeare-Darwin,19.42988388240091,-99.1775936633894,15,0.007724920019767472,0.2528935937784483,0.025619684240642964,0.17072853538637606,3.63432777589929,8.439045959372644,4.804718183473353,13392,12008,621,1966,-1384,1345
043,CE-043 Revillagigedo - Juárez,19.4351365,-99.1460756,31,0.0,0.0434104091346529,0.0038494550940255416,0.3934767342055297,10.150518896142742,27.199521419096417,17.049002522953675,54748,62835,8822,1051,8087,-7771
469,CE-469 Bahía de la Concepción-Bahía de Todos Los Santos,19.434183,-99.173089,27,0.0031992093011158217,0.09337529586183578,0.00010403932686555518,0.01360314198767134,4.35875360886415,9.054048430306656,4.695294821442506,12696,12285,1290,1684,-411,394
472,CE-472 Bahía de Santa Bárbara-Bahía de Ballenas,19.437667,-99.17711,23,0.0007282752880588862,0.21041953858558535,0.0035373371134288763,0.15717741306213748,3.7651572294327256,13.085806434832367,9.320649205399642,15015,14858,3344,3370,-157,26
048,CE-048 Independencia - Azueta,19.433705,-99.146665,11,0.00026009831716388793,0.06060290789918589,0.047806070694722605,0.29190834135303145,4.55913335240721,8.481624053892372,3.9224907014851613,24435,24720,464,217,285,-247
181,CE-181 Benjamín Franklin - Ometusco,19.404825166337652,-99.17472235863897,27,0.002783051993653601,0.033838791063021824,0.0,0.01706244960595105,6.440918667256223,11.250916846568003,4.80999817931178,19838,19675,716,906,-163,190
246,CE-246 Leibnitz-Thiers,19.434147,-99.179835,15,0.0025489635082061018,0.20027570421619373,0.02671209717273129,0.1766587770177127,3.8145238900304315,8.684760839597368,4.870236949566936,14539,14000,1458,1960,-539,502
479,CE-479 Lago Muritz-Av.Marina Nacional,19.444433,-99.179664,25,0.010195854032824407,0.12825448019351315,0.0,0.0028350716570863786,2.7966551356412723,7.6188519260280385,4.822196790386767,9062,7908,352,1398,-1154,1046
281,CE-281 Pitágoras-La Morena,19.398532,-99.157308,31,0.0008323146149244415,0.0215881603246027,0.0,0.018623039508934378,7.3162015241761384,13.461726532629333,6.145525008453196,23746,23632,776,835,-114,59
480,CE-480 Lago Iseo-Av. Marina Nacional,19.446073,-99.181654,19,2.6009831716388796e-05,0.04403464509584623,0.004343641896636928,0.23624730147995943,5.703357869274586,14.044840949879054,8.341483080604469,28552,27853,916,1575,-699,659
041,CE-041 Reforma - Av. de la República,19.43542,-99.150317,33,0.0,0.1304393060576898,0.003641376440294431,0.05641532499284729,6.283221057559758,13.1637839103181,6.8805628527583425,44577,44722,769,678,145,-91
226,CE-226 Wallon-Presidente Masaryk,19.4310009,-99.1821808,27,0.011080188311181627,0.24033084505943247,0.011184227638047183,0.18438369703748017,5.658230811246651,13.778942440242412,8.12071162899576,20016,23276,5930,2674,3260,-3256
468,CE-468 Lago Xochimilco-Av. Ejército Nacional,19.437250121513653,-99.1795731336424,33,0.00013004915858194396,0.27996982859520897,0.0047337893723827604,0.12991910942336204,4.487944442999454,17.924701537181054,13.436757094181601,12895,12706,2873,2962,-189,89
256,CE-256 Gómez Farías-Sadi Carnot,19.437128,-99.158363,23,0.0003901474757458319,0.05290399771113481,0.0003901474757458319,0.0318100241891435,5.374931724191745,10.83507165708638,5.460139932894634,29413,27836,338,1956,-1577,1618
119,CE-119 Turín-Abraham González,19.4268522887659,-99.1556279361248,29,0.0009623637735063854,0.01875308866751632,0.0007022654563424974,0.0773012198611075,8.821104377454677,15.813301427939761,6.992197050485084,34469,35097,1097,568,628,-529
475,CE-475 Lago Muritz-Lago Alberto,19.439249,-99.181065,23,0.001534580071266939,0.17678882617629463,0.010533981845137461,0.22787213566728223,5.189481624053893,15.399224907014851,10.20974328296096,24453,25717,3908,2584,1264,-1324
010,CE-010 Reforma - Ramírez,19.433431,-99.155142,27,0.001144432595521107,0.10130829453533435,0.0009103441100736078,0.09582022004317632,4.808749707389393,14.803911878690144,9.995162171300752,45712,44939,4683,5579,-773,896
450,CE-450 Ramos Arizpe- Av México Tenochtitlan,19.43832573320297,-99.15223784747468,31,0.0,0.02853278539287851,0.004421671391786095,0.17460400031211798,11.203839051161339,19.573698858168388,8.369859807007048,23769,25864,2451,468,2095,-1983
555,CE-555 Ribera de San Cosme - Insurgentes Centro,19.44021597,-99.1561678,35,0.0,0.021692199651468257,0.0013004915858194398,0.1912763024423232,11.015319790880953,24.984628189455613,13.969308398574661,64635,63024,1914,3612,-1611,1698
270,CE-270 De la República-Ponciano Arriaga,19.436764,-99.153865,33,0.00010403932686555518,0.04965276874658621,0.004057533747756652,0.05519286290217702,8.538429526360964,15.590787317606056,7.0523577912450905,41689,42050,1271,1077,361,-194
248,CE-248 Shakespeare-Lafayette,19.43175,-99.177399,23,0.0007282752880588862,0.16654095248003745,0.010039795042526075,0.14440658568939058,5.052019663432778,11.671937992561189,6.619918329128411,17289,16834,2032,2536,-455,504
476,CE-476 Lago Como-Laguna de Mayrán,19.442127,-99.184433,35,0.003953494420891097,0.052539860067105364,0.00010403932686555518,0.004343641896636928,5.479725336177075,11.325044866959711,5.8453195307826356,37171,37876,1559,936,705,-623
174,CE-174 Joaquín Garcia Icazbalceta-Ignacio Manuel Altamirano,19.441133258345886,-99.16170336308824,31,0.00018206882201472156,0.027336333133924622,0.0017166488932816605,0.09974770463235103,9.560017686685567,18.16141701563191,8.601399328946341,45501,43386,1941,4159,-2115,2218
237-238,CE-237-238 Andrés Bello-George Eliot,19.426744,-99.193986,63,0.0,0.05592113819023591,0.0,0.31971285145785105,11.37560797981637,52.56378911228445,41.188181132468074,61807,47595,664,13874,-14212,13210
124,CE-124 Claudio Bernard-Dr. Liceaga,19.422392,-99.150358,35,0.00028610814888027674,0.02431919265482352,0.0,0.019663432777589928,8.547376908471403,16.695736988581682,8.148360080110281,22538,21787,607,1342,-751,735
082,CE-082 Independencia - Marroquí,19.433344,-99.14404,11,0.0,0.10479361198533045,0.04468489088875595,0.2063359950061123,4.137305901630817,6.974588394413088,2.8372824927822715,27637,28216,627,85,579,-542
262,CE-262 República de Cuba-República de Brasil,19.436931,-99.133952,31,0.0017166488932816605,0.08039638983535777,0.0,0.07144900772492002,5.7666657996722765,14.169792181444587,8.40312638177231,13594,15420,2291,557,1826,-1734
235-236,CE-235-236 Campos Elíseos-Moliere,19.429417,-99.202353,55,0.0022368455276094365,0.22199391369937838,0.0038234452623091527,0.1306733945431373,9.885166592972144,20.194527531406873,10.309360938434729,25082,23736,2720,3927,-1346,1207
104,CE-104 San Jerónimo-Isabel la Católica,19.427059,-99.137116,11,0.0037454157671599863,0.06926418186074336,0.021302052175722425,0.32395245402762246,4.1801961141311414,8.657268447473145,4.4770723333420035,10413,9805,138,700,-608,562
136,CE-136 Álvaro Obregón-Tonalá,19.417715,-99.162729,23,0.0,0.04473691055218873,0.0033812781231305432,0.2673810700444768,6.974120217442193,17.388977033318593,10.414856815876401,34869,38521,3554,178,3652,-3376
183,CE-183 Gabino Barreda-Guillermo Prieto,19.437665,-99.164018,35,0.0005462064660441647,0.04447681223502484,0.0008063047832080526,0.05306005670143314,8.462558847244258,16.706661117902566,8.244102270658308,32351,30617,1372,3152,-1734,1780
095,CE-095 20 de Noviembre-Venustiano Carranza,19.430682555945197,-99.1337009892004,19,0.027518401955939346,0.1179285770021068,0.015007672900356334,0.13722787213566728,5.433713943870783,9.988373605222774,4.554659661351991,16640,19946,3211,73,3306,-3138
036,CE-036 Puebla - Veracruz,19.41966,-99.17588,31,7.802949514916639e-05,0.025749733399224907,0.00026009831716388793,0.11811064582412152,7.55192862902177,18.597471844357166,11.045543215335396,46174,45282,1842,2885,-892,1043
063,CE-063 Nuevo León - Laredo,19.413091238892452,-99.1716201604504,35,0.003173199469399433,0.06398418602231644,0.0,0.0017426587249980492,5.830780034853174,12.337139438707831,6.506359403854657,23685,24469,913,251,784,-662
087,CE-087 Gante - Venustiano Carranza,19.432024,-99.139705,25,0.004343641896636928,0.0626576846047806,0.008791323120139413,0.08528623819803886,6.580877571722111,11.851509870731137,5.2706322990090255,29732,32941,3309,242,3209,-3067
020,CE-020 Reforma- Río Támesis,19.43086152710901,-99.16025899353372,23,0.0,0.1063281920565974,0.00020807865373111036,0.12318256300881733,5.167269227768096,13.384659401253673,8.217390173485578,35655,34733,1258,2308,-922,1050
015,CE-015 Reforma - Río Mississippi,19.425597,-99.171409,23,7.802949514916639e-05,0.1664369131531719,0.013369053502223841,0.27557416703513926,6.1716908991598824,16.454651858402475,10.282960959242594,39944,42469,7635,5281,2525,-2354
075,CE-075 Alfonso Reyes - Atlixco,19.408740687234836,-99.17677424853537,33,0.011730434104091346,0.062449605951049494,0.0,7.802949514916639e-05,4.90046037402138,8.244362368975473,3.3439019949540927,24925,24375,368,937,-550,569
017,CE-017 Reforma - Río Tiber,19.427553,-99.167396,27,0.0,0.12198611074986344,0.0075428511977527505,0.34736130257237235,7.534918199079252,22.233022082347127,14.698103883267875,45195,47616,9176,7021,2421,-2155
080,CE-080 Nuevo León - Aguascalientes,19.407239898913133,-99.17207747708744,35,0.0013525112492522174,0.06492053996410643,0.0,0.016282154654459386,5.07706713137566,14.156032980466616,9.078965849090956,27602,25836,451,2091,-1766,1640
023,CE-023 Reforma - Praga,19.42528,-99.171099,36,0.0015865997346997166,0.15361406611699222,0.0021848258641766587,0.08086456680625276,5.8061487242177545,14.353603662184305,8.54745493796655,27914,29121,4435,3291,1207,-1144
085,CE-085 Rosas Moreno - Sullivan,19.434059327049166,-99.16243817658597,15,0.0,0.03464509584622987,0.013473092829089395,0.17140479101100217,6.076494915077899,10.216843967019534,4.140349051941634,28859,28619,286,589,-240,303
014,CE-014 Reforma - Río de Plata,19.42454,-99.173247,39,0.0,0.10755065414726767,0.0010924129320883293,0.35318750487684347,8.876713397664318,36.09366140401072,27.2169480063464,60414,74685,22397,8518,14271,-13879
135,CE-135 Álvaro Obregón-Morelia,19.419250969141167,-99.15503863246612,38,0.00020807865373111036,0.027284313470491844,7.802949514916639e-05,0.010950139152599682,8.654329336489193,15.733061097094701,7.078731760605509,28137,28387,1870,1777,250,-93
089,CE-089 República de Guatemala - Monte de Piedad,19.434962,-99.133729,11,0.0028090618253699897,0.1348609774494759,0.06978437849507113,0.22576533929825474,4.255260488464639,7.0092595000910345,2.753999011626395,11200,11414,309,82,214,-227
133,CE-133 Colima-Morelia,19.421138,-99.154725,35,0.00018206882201472156,0.01901318698468021,0.0,0.023278799386167972,8.908731500507193,16.95521106978438,8.046479569277187,30838,32940,2753,857,2102,-1896
141,CE-141 Zacatecas-Luis Cabrera,19.415905,-99.15954,31,0.0,0.04793611985330455,0.0,0.0939995318230291,7.164017998803548,17.89772934169116,10.733711342887611,41812,46358,4896,614,4546,-4282
092,CE-092 San Ildefonso-República de Argentina,19.436531,-99.131497,23,0.0,0.043904595937264285,0.013551122324238562,0.09345332535698495,6.394933284781647,12.186594532733373,5.791661247951725,19281,20239,1407,516,958,-891
470,CE-470 Bahía de Las Palmas-Bahía de Todos Los Santos,19.435039,-99.173879,23,0.008947382110437746,0.07425806955029,0.00020807865373111036,0.028142637917132677,4.165500559211382,9.274403724607902,5.10890316539652,15607,14784,1049,1824,-823,775
239,CE-239 Rincón del Bosque-Ruben Darío,19.430153,-99.181355,19,0.0042916222332041514,0.243243946211668,0.014747574583192447,0.2572112258433688,4.0301974146227275,13.547819075610581,9.517621660987853,18050,19907,4787,2886,1857,-1901
656,CE-656 Ignacio Allende - Paris,19.3543111,-99.1624361,35,0.01898717715296382,0.06551876609358337,0.0,0.0009103441100736078,4.750669753166697,7.555231877649752,2.8045621244830548,8296,8914,596,92,618,-504
305,CE-305 Avenida del Parque-Arizona,19.394693,-99.175531,31,0.00033812781231305436,0.051889614274195646,2.6009831716388796e-05,0.11889094077561319,4.9467318646448355,16.619502171820947,11.672770307176112,23884,23216,560,1042,-668,482
121,CE-121 Niza-Chapultepec,19.424178,-99.16115,15,5.201966343277759e-05,0.04559523499882956,0.014747574583192447,0.23796395037324108,5.9743543059276405,10.733841392046193,4.759487086118553,36344,37254,951,159,910,-792
027,CE-027 Reforma- Havre,19.42916,-99.162703,43,0.001144432595521107,0.1060941035711499,0.00028610814888027674,0.12086768798605874,8.533175540354254,24.242983847894504,15.70980830754025,77964,79752,10097,8572,1788,-1525
252,CE-252 Víctor Hugo-Shakespeare,19.427575,-99.17702,19,0.0,0.1592321897677322,0.017400577418264104,0.15889406195541914,4.772856139620776,11.027414362629074,6.2545582230082974,18536,17381,1282,2479,-1155,1197
251,CE-251 Goethe-Darwin,19.429261,-99.17538,15,0.002314875022758603,0.14653939189013446,0.00821910682237886,0.10809686061331183,3.4410487164148047,8.343147709834318,4.9020989934195125,11560,10894,463,1110,-666,647
117,CE-117 Londres-Nápoles,19.427166592327957,-99.16029106826954,31,0.0,0.08617057247639608,0.0009363539417899966,0.16752932608526022,7.504616745129659,18.860769370822172,11.356152625692511,33043,37045,6993,3153,4002,-3840
250,CE-250 Darwin-Mariano Escobedo,19.428949,-99.179796,23,0.0013785210809686061,0.19517777719978152,0.014877623741774391,0.25382994772023826,5.483912919083414,15.757536348739823,10.27362342965641,22555,23135,5595,5119,580,-476
217,CE-217 Euler-Horacio,19.432850919536445,-99.18354526173061,31,0.0,0.15587692147631804,0.006788566077977475,0.2239966707415403,7.3219496969854605,19.89988815772362,12.577938460738158,37774,45587,9779,2140,7813,-7639
224,CE-224 Hegel-Presidente Masaryk,19.431115,-99.188082,15,0.02910500169063906,0.1861263557624782,0.015892007178713554,0.1362394985304445,4.236897547272869,8.202590579238953,3.965693031966083,20560,19749,546,1363,-811,817
215,CE-215 Edgar Alan Poe-Horacio,19.43384,-99.19968,23,0.04385257627383151,0.251671131687778,0.00517595651156137,0.03131583738653211,4.171482820506151,7.630140192992951,3.4586573724868,11501,10247,276,1471,-1254,1195
202,CE-202 Calderón de la Barca-Av. Homero,19.436064,-99.198898,19,0.03935287538689625,0.3491299711290868,0.005201966343277759,0.08643067079355997,3.3881707285353864,7.760501469555492,4.3723307410201055,9150,9182,1530,1464,32,-66
240,CE-240 Ejército Nacional-F.C. de Cuernavaca,19.438634297233477,-99.20629061763975,17,0.0028090618253699897,0.38588186334434416,0.019741462272739096,0.15093505345020417,3.8865711238848286,8.270268161364996,4.383697037480167,7290,6150,460,1506,-1140,1046
047,CE-047 Plaza Madrid-Medellín,19.419506460644055,-99.16636526590081,29,0.0004941868026113872,0.058938278669337006,0.006918615236559419,0.21491923947252062,8.775405103128982,18.81813925663901,10.042734153510027,45611,48138,3829,1566,2527,-2263
258,CE-258 Circuito Interior-Juan Escutia,19.4165298,-99.1790435,33,0.0038494550940255416,0.05056311285665982,0.0,0.0021848258641766587,5.184279657710615,8.171456810674435,2.9871771529638202,18150,17986,369,526,-164,157
011,CE-011 Río Amazonas - Río Lerma,19.431192,-99.163546,15,0.001014383436939163,0.0810206257965511,0.011522355450360237,0.2279501651624314,4.219705048508336,10.441855021198013,6.222149972689676,25900,25890,1268,1331,-10,63
001,CE-001 Río Sena-Río Balsas,19.4337846,-99.1679872,35,0.0,0.04086144562644679,0.0,0.13514708559835617,6.276588550472079,23.592634015657918,17.31604546518584,58363,59518,4189,3226,1155,-963
103,CE-103 Joaquín Velázquez de León - García Icazbalceta,19.441533,-99.165268,31,0.003563346945145265,0.07940801623013499,0.0,0.011756443935807735,5.856009571618071,11.784300465575988,5.928290893957916,17016,13655,360,3687,-3361,3327
013,CE-013 Reforma - Río Mississippi,19.424941,-99.17233,28,0.002939110983951934,0.22488100501989752,0.007672900356334694,0.16120893697817776,5.268915650115744,15.510963144068457,10.242047493952715,20871,20420,3432,3952,-451,520
018,CE-018 Reforma - Río Rhin,19.428802,-99.164381,39,0.0,0.09509194475511744,0.0005462064660441647,0.19073009597627905,8.065960933232763,24.75992925325773,16.693968320024968,57918,61461,11267,7999,3543,-3268
038,CE-038 Cozumel - Puebla,19.420862316439543,-99.17145028710365,35,0.0,0.0413296225973418,0.00018206882201472156,0.20326683486357844,8.850729575779646,24.705750773792495,15.85502119801285,66062,64294,2957,4785,-1768,1828
449,CE-449 Acapulco-Puebla,19.420281,-99.174392,27,0.0011964522589538846,0.04299425182719068,0.00020807865373111036,0.05742970842978646,6.462948994720004,14.152339584362888,7.689390589642885,38161,36071,1501,3559,-2090,2058
028,CE-028 Toledo- Tokio,19.423664,-99.172568,35,0.0,0.04208390771711707,0.0019247275470127708,0.10177647150622936,8.378729159622337,17.347465341899238,8.968736182276901,53639,57792,4761,775,4153,-3986
034,CE-034 Liverpool - Génova,19.42472751913646,-99.16334755721435,23,0.006528467760813588,0.12315655317710095,0.0006502457929097199,0.04237001586599735,4.717975394699196,10.106432231383463,5.3884568366842664,32087,31824,572,899,-263,327
232,CE-232 Taine - Rubén Darío,19.42894,-99.185389,31,0.0051239368481285925,0.12820246053008036,0.0019507373787291597,0.09738080994615965,6.540380263739694,14.741566312065961,8.201186048326267,19101,20244,2419,1377,1143,-1042
227,CE-227 Campos Elíseos-Periférico,19.431783492215445,-99.20738060028725,23,0.007932998673498582,0.3187244778526283,0.014071318958566338,0.1060941035711499,4.594688792363513,8.69238172029027,4.097692927926756,10042,9280,649,1293,-762,644
211,CE-211 Isaac Newton-Horacio,19.43385,-99.188275,35,0.0,0.13176580747522562,0.00010403932686555518,0.4255208468801207,4.793169818191276,32.01529378104924,27.22212396285796,32945,23957,3605,12135,-8988,8530
478,CE-478 Laguna de Mayrán-Lago Chalco,19.440818,-99.176961,27,0.007516841366036362,0.11712227221889875,0.0,0.033110515774962934,3.219835097666918,10.148047962129684,6.9282128644627665,15421,11889,664,4036,-3532,3372
474,CE-474 Bahía de San Hipólito-Bahía del Espíritu Santo,19.438984,-99.177549,31,2.6009831716388796e-05,0.11626394777225792,0.0024449241813405465,0.22787213566728223,4.881941373839311,20.912606965432932,16.03066559159362,31808,37603,11844,5911,5795,-5933
176,CE-176 Av. Jesús García-Luis Donaldo Colosio,19.442717,-99.152262,39,0.021041953858558535,0.1762426197102505,0.021302052175722425,0.38517959788800166,13.478762972403569,29.060186750591722,15.581423778188155,11609,12851,5139,4315,1242,-824
244,CE-244 Lago Victoria-Miguel de Cervantes Saavedra,19.440508,-99.193681,23,0.04554321533539678,0.1676073555804094,0.0059302416313366454,0.03084766041563711,4.4315551278383225,7.569355216271751,3.1378000884334276,11208,10172,132,1143,-1036,1011
219,CE-219 Esopo-FC de Cuernavaca,19.433364,-99.207553,39,0.0,0.19478762972403568,0.006684526751111921,0.18022212396285797,7.342107316565662,19.62883970140713,12.28673238484147,21077,20620,3532,3804,-457,272
465,CE-465 Lago Ginebra-Lago Wetter,19.445039,-99.194078,27,0.00044216713917860954,0.06317788123910838,0.009961765547376909,0.2520352693318074,9.61336385153588,19.586053528233673,9.972689676697792,36751,30408,1785,8071,-6343,6286
257,CE-257 Manuel Maria Contreras-Villalongin,19.433803,-99.166223,19,0.00044216713917860954,0.04229198637084818,0.0008063047832080526,0.12183005175956511,5.086300621634978,11.602621791037013,6.516321169402034,42580,42767,1734,1613,187,-121
455,CE-455 Pedregal-Ferrocarril De Cuernavaca,19.426308,-99.2033,23,0.0,0.25354383957135795,0.018883137826098264,0.23036907951205557,4.745935963794314,15.910604208390772,11.164668244596458,22935,17987,1364,6091,-4948,4727
266-267,CE-266-267 Jesús García - Carlos J. Meneses,19.444031,-99.152187,75,0.018701069004083543,0.09282908939579161,0.012614768382448566,0.6003589356776862,30.41826410383125,75.9200197674721,45.50175566364086,38134,63918,31500,6882,25784,-24618
201,CE-201 Lope de Vega-Av. Ejército Nacional,19.437496732030738,-99.18721206491682,19,0.044788930215621504,0.2536998985616563,0.007256743048872474,0.0975108591047416,3.803027544411788,8.196296199963585,4.393268655551799,15303,15497,2711,2471,194,-240
208,CE-208 Hesiodo-Lamartine,19.434182,-99.189835,25,0.0,0.05961453429396312,0.010481962181704685,0.7446354722084948,8.991182667048145,34.67149582542201,25.680313158373867,77195,66283,5925,16716,-10912,10791
221,CE-221 Emilio Castelar-Presidente Masaryk,19.431799,-99.201565,25,0.0003901474757458319,0.23039508934377195,0.008531224802975525,0.0642963040029131,5.195229796863214,9.434130101178246,4.238900304315031,15159,14129,279,1274,-1030,995
210,CE-210 Eugenio Sue-Horacio,19.434076,-99.194091,27,0.0,0.19725856373709263,0.0,0.35079460035893567,3.023616927198481,23.795146565401723,20.77152963820324,20626,13336,1518,8588,-7290,7070
021,CE-021 Reforma - Dublín,19.424809702659765,-99.1717654466629,25,0.0050979270164122036,0.18212084167815434,0.003303248627981377,0.09194475511743438,4.420657008349156,12.245220693422114,7.824563685072958,22177,17326,1130,6037,-4851,4907
206,CE-206 Homero-Moliere,19.436142,-99.200996,23,0.0,0.2207714516087081,0.020105599916768538,0.250266600775093,6.427549613753999,14.779254558223009,8.35170494446901,26398,27196,2997,2161,798,-836
086,CE-086 Sullivan-Insurgentes,19.432452,-99.15924,17,0.0,0.03259031914063516,0.040003121179805964,0.34736130257237235,7.415090904361849,13.730928290893958,6.31583738653211,43710,43497,329,608,-213,279
233,CE-233 Julio Verne-Luis G. Urbina,19.429314,-99.196965,15,0.005696153145889146,0.18979374203448904,0.008947382110437746,0.139750825812157,4.521185007932998,8.203865060993055,3.6826800530600567,20534,19888,420,1052,-646,632
451,CE-451 Campos Elíseos-Goldsmith,19.428847,-99.201299,33,0.013863240304835227,0.3221317658074752,0.007516841366036362,0.11264858116367987,5.258303638775457,13.586183577392255,8.327879938616798,13332,10423,697,3440,-2909,2743
008,CE-008 Reforma - General Prim,19.431256,-99.158153,17,0.004993887689546649,0.13527713475693812,0.0014305407444013837,0.05282596821598564,3.6493614586313625,7.978697947824277,4.329336489192915,20589,19896,580,1326,-693,746
223,CE-223 Isaac Newton-Presidente Masaryk,19.431242,-99.191613,35,0.010299893359689963,0.15655317710094416,0.0,0.01295289619476162,4.405987463261113,11.638749447291076,7.232761984029963,29518,26839,1362,4025,-2679,2663
668,CE-668 Plateros - Capuchinas,19.367522,-99.181727,33,0.0,0.08526022836632247,0.0,0.035243321975706815,5.644783728249278,15.863734491637839,10.21895076338856,28392,28362,907,860,-30,-47
242,CE-242 Pról. Moliere-Miguel de Cervantes Saavedra,19.44002672090815,-99.20071095250022,31,0.0,0.13288423023903034,0.01188649309438968,0.24743152911800662,8.25799152079486,20.773584414908836,12.515592894113976,47431,54353,9393,2496,6922,-6897
050,CE-050 Cuernavaca - Veracruz,19.41682441224743,-99.17378827934954,27,0.0035113272817124874,0.07048664395141363,0.00033812781231305436,0.026373969360418238,4.992691237287695,9.983119619216064,4.990428381928369,20474,20214,979,1258,-260,279
145,CE-145 Yucatán-Chiapas,19.41286,-99.160661,27,2.6009831716388796e-05,0.013629151819387729,0.002002757042161937,0.07449215803573751,9.492574193044971,15.244154290321742,5.75158009727677,37212,38418,1422,336,1206,-1086
142,CE-142 San Luis Potosí-Eje 2 Pte. Monterrey,19.41325186264067,-99.16412428026888,31,0.00044216713917860954,0.021978307800348533,0.0,0.12026946185658179,8.300439566156006,18.92631414674747,10.625874580591464,40261,43691,3669,436,3430,-3233
155,CE-155 Jalapa-Tlaxcala,19.408218,-99.159911,35,0.00010403932686555518,0.020547767055947148,0.0,0.010898119489166904,8.911748640986293,14.933024683330299,6.021276042344006,28741,29699,1914,1052,958,-862
225,CE-225 Petrarca-Presidente Masaryk,19.431172,-99.185612,21,0.022394465107810752,0.15496657736624445,0.017114469269383828,0.11639399693083986,5.76663978984056,9.752542461050277,3.9859026712097174,20797,21590,1631,849,793,-782
553,CE-553  Jaime Torres Bodet - Ribera de San Cosme,19.442,-99.1593333,35,0.00015605899029833277,0.023018701069004083,0.001664629229848883,0.14656540172185087,10.776133378417041,23.029911306473846,12.253777928056806,40457,40757,2232,2032,300,-200
051,CE-051 Colima - Oaxaca,19.418031,-99.168435,27,0.0014825604078341614,0.09485785626966993,0.0032252191328322106,0.0997997242957838,7.310453351366816,14.462532837412542,7.152079486045725,27367,27974,1961,1446,607,-515
170,CE-170 Observatorio Oriente-Revolución,19.404029,-99.184342,23,0.002054776705594715,0.041979868390251515,0.001014383436939163,0.036673862720108204,7.135069056103207,11.408796525086483,4.273727468983275,27341,25849,394,1866,-1492,1472
452,CE-452 Leibnitz-Av. Ejercito Nacional,19.435867,-99.179856,15,0.035087262985408485,0.23060316799750305,0.02957317866153406,0.0995916456420527,3.6077457278851406,6.513434078081515,2.905688350196374,12332,11844,514,976,-488,462
552,CE-552 Fresno - Ribera de San Cosme,19.4431081,-99.1624537,23,0.0,0.07802949514916638,0.004447681223502484,0.10781075246443156,5.41464873722267,12.978151741358234,7.563503004135563,20197,18158,195,2177,-2039,1982
130,CE-130 Mérida-Durango,19.421576,-99.158015,23,0.0,0.018883137826098264,0.0015865997346997166,0.17907769136733687,7.355554399563035,15.609878534085885,8.25432413452285,24914,28867,3769,68,3953,-3701
062,CE-062 Fernando Montes de Oca - Amatlan,19.41331637033966,-99.17530506854746,19,0.007204723385439696,0.07966811454729888,0.00041615730746222073,0.014279397612297448,4.0241371238328085,7.42812183005176,3.4039847062189508,17902,17806,566,694,-96,128
061,CE-061 Avenida México - Sonora,19.413832444192096,-99.16939929138606,35,0.0004941868026113872,0.051525476630166205,0.0,0.04156371108278929,7.149712591359534,18.096912632975265,10.94720004161573,37871,40966,3158,256,3095,-2902
129,CE-129 Tonalá-Durango,19.4206,-99.163312,23,0.0018466980518636045,0.06512861861783754,0.0014825604078341614,0.05800192472754701,5.670221343667906,10.948812651182147,5.27859130751424,26555,28358,1895,212,1803,-1683
068,CE-068 Tamaulipas - Michoacán,19.41166825384696,-99.17382381861898,25,5.201966343277759e-05,0.03872863942570291,0.0022108356958930476,0.08856347699430385,7.127474185242021,13.732696959450672,6.6052227742086504,39494,41427,2088,304,1933,-1784
448,CE-448 Dr. Andrade-Arcos De Belén,19.426611,-99.14447,31,0.0011964522589538846,0.031055739069368222,0.00010403932686555518,0.022784612583556584,8.480453611465133,13.07462220719432,4.594168595729186,17534,17118,674,1076,-416,402
253,CE-253 Dante-Tolstoi,19.42644758104329,-99.17815290396902,19,0.00031211798059666555,0.10333706140921269,0.01688038078393633,0.24355606419226467,6.202226441594923,12.856191640440086,6.653965198845164,27178,27135,2024,2133,-43,109
487,CE-487 Nopaltzin - Quetzalcoatl,19.441728,-99.167477,23,0.0,0.09766691809503993,0.0026009831716388796,0.08172289125289359,5.948786641350431,11.612401487762375,5.663614846411944,13623,13137,562,1037,-486,475
554,CE-554 Heroes Ferrocarrileros - Mariano Azuela,19.4417473,-99.155639,27,0.00582620230447109,0.04684370692121622,0.004603740213800817,0.16243139906884801,8.593362290945977,16.228912528935936,7.6355502379899605,19067,18863,2490,2719,-204,229
151,CE-151 Campeche-Tonalá,19.410529,-99.160873,27,0.0021067963690274923,0.02075584570967826,0.0,0.07074674226857752,8.763492600202877,15.18128852706323,6.417795926860353,31988,34528,3067,669,2540,-2398
550,CE-550 Sor Juana Ines de la Cruz - Fresno,19.445947026056686,-99.16137836878987,23,0.0,0.060498868572320334,0.025229536764897132,0.3174760059302416,8.680287148542149,17.90131869846802,9.221031549925872,20637,19701,1465,2408,-936,943
551,CE-551 Nogal - Ribera de San Cosme,19.4435806,-99.1648833,23,0.013030925689910787,0.0494446900928551,0.007620880692901917,0.07118890940775613,8.332405649335449,11.691289307358181,3.358883658022733,23155,22394,268,1029,-761,761
549,CE-549 Sor Juana Ines de la Cruz - Dr. Atl,19.4450444,-99.1571333,27,0.0,0.04151169141935652,0.03669987255182459,0.38406117512419696,10.89915988243556,22.149062345566623,11.249902463131063,26365,28199,4647,2847,1834,-1800
162,CE-162 Tehuantepec-Medellín,19.404907,-99.162485,27,0.00026009831716388793,0.023590917366764635,0.005852212136187479,0.10710848700808906,8.916144302546362,15.302182224881005,6.386037922334642,23152,23383,1099,932,231,-167
024,CE-024 Reforma- Florencia,19.426614,-99.168078,19,0.0009103441100736078,0.1745519806486852,0.011990532421255234,0.24550680157099383,4.9782817905168155,12.798267745207689,7.819985954690873,29320,29938,4364,3827,618,-537
026,CE-026 Reforma - Versalles,19.432595,-99.154995,15,0.0051239368481285925,0.14399042838192838,0.009337529586183578,0.1346268889640284,3.9571618071631076,8.528077613337842,4.570915806174734,25539,25558,2154,2212,19,58
191,CE-191 Gobernador Rafael Rebollar-Gobernador Vicente Eguía,19.40796,-99.187901,19,0.004941868026113871,0.08757510338908107,0.0,0.12115379613493901,4.465055791089032,10.828959346633027,6.363903555543995,17961,15153,95,2735,-2808,2640
045,CE-045 Durango - Sonora,19.418749,-99.171942,40,0.00013004915858194396,0.06817176892865504,0.0,0.08500013004915859,7.481598044060655,17.688766353681693,10.207168309621037,41656,44655,4876,1959,2999,-2917
052,CE-052 Hidalgo - Trujano,19.436208,-99.141931,19,2.6009831716388796e-05,0.025489635082061018,0.0362056857492132,0.5673784690613052,9.919629619996359,19.67524124118917,9.755611621192811,56318,58588,2842,680,2270,-2162
286,CE-286 13 de Septiembre-Avenida Patriotismo,19.399201,-99.179943,19,0.00015605899029833277,0.06564881525216532,0.0,0.08211303872863943,4.510703045751294,10.924623507685904,6.4139204619346115,23734,21559,97,2197,-2175,2100
160,CE-160 Alfonso Herrera-Gabino Barreda,19.440252,-99.163455,23,0.0033812781231305432,0.07631284625588472,5.201966343277759e-05,0.08302338283871304,6.226857752230343,11.949280828153041,5.722423075922698,22891,19422,589,4033,-3469,3444
194,CE-194 Circuito Mahatma Gandhi-Reforma,19.424282,-99.180334,35,0.0,0.045829323484277054,0.0020807865373111034,0.18987177152963822,9.841834213332639,23.782401747860693,13.940567534528052,61025,60487,990,1750,-538,760
659,CE-659  Madrid - Avenida Mexico,19.3564861,-99.1694556,23,0.002418914349624158,0.13007516841366037,0.0,0.017452597081696882,4.072489400993575,7.3850755585611365,3.3125861575675604,10811,10765,282,380,-46,98
096,CE-096 López-Ayuntamiento,19.430625,-99.14248,35,2.6009831716388796e-05,0.02096392436340937,0.0005722162977605535,0.07516841366036361,8.916794548339272,17.799126069654328,8.882331521315058,33232,35828,2897,492,2596,-2405
667,CE-667 Hermes - Mosqueta,19.363955445342725,-99.1807891801136,23,0.0090514214373033,0.2070382604624548,0.00013004915858194396,0.09438967929877494,3.8568678960647125,12.292194449501912,8.4353265534372,10194,9783,1358,1620,-411,262
084,CE-084 Chilpancingo - Tlaxcala,19.406872,-99.169572,19,0.0009883736052227743,0.37956147423726166,0.0,0.16438213644757718,4.144562644679689,10.024397222149974,5.879834577470284,24796,23056,166,1924,-1740,1758
660,CE-660 Josefa Ortiz de Dominguez - Circuito Interior,19.3580028,-99.1701056,27,0.0628917730902281,0.15270372200691862,0.0,0.002991130647384711,3.3661143912398885,5.689806746950347,2.3236923557104587,13488,13261,138,331,-227,193
168,CE-168 Comercio-Progreso,19.403997,-99.1776,23,0.0,0.04413868442271179,7.802949514916639e-05,0.09810908523421853,5.765911514552501,14.450802403308451,8.68489088875595,18687,17732,827,1746,-955,919
670,CE-670 Felix Parra - Flamencos,19.3676,-99.1849917,23,0.0,0.14765781465393918,0.0,0.04351444846151845,2.502874086404661,12.28522381460192,9.782349728197259,6820,5128,56,1385,-1692,1329
154,CE-154 Tuxpan-Tlaxcala,19.406511,-99.1678974,35,5.201966343277759e-05,0.02200431763206492,7.802949514916639e-05,0.0668452675111192,9.213826826540432,18.210783676229614,8.996956849689182,54810,53318,1141,2710,-1492,1569
658,CE-658 Vicente Guerrero - Berlín,19.355339,-99.165613,19,0.024007074674226858,0.06746950347231254,0.0,0.006450438265664421,4.187816994824043,6.340728795484694,2.15291180066065,7932,8518,720,165,586,-555
657,CE-657 Madrid - Centenario,19.3574361,-99.1637944,19,0.02114599318542409,0.06981038832678753,0.0009103441100736078,0.019117226311545766,4.746820298072671,7.4515826982599425,2.704762400187271,9941,10461,578,139,520,-439
184,CE-184 General Gómez Pedraza-Gobernador Tiburcio Montiel,19.414793,-99.185083,35,0.008011028168647748,0.051161338986136756,0.0,0.000754285119775275,5.98725518245897,11.248393892891514,5.261138710432544,17253,17606,1204,820,353,-384
153,CE-153 Manzanillo-Tlaxcala,19.4074919,-99.1651437,23,0.000754285119775275,0.047624001872707884,0.0,0.006970634899992197,5.124040887455458,10.292844695294821,5.168803807839363,14980,14019,249,1207,-961,958
077,CE-077 Choapan - Tamaulipas,19.406745,-99.178272,15,0.00018206882201472156,0.045959372642859,0.014799594246625225,0.5034983223658543,6.202564569407236,14.450152157515541,8.247587588108305,30782,29429,825,2173,-1353,1348
073,CE-073 Campeche - Tamaulipas,19.410073,-99.175542,35,0.003641376440294431,0.048664395141363434,0.0,0.00431763206492054,5.540562332561708,10.809894139984914,5.269331807423206,29485,29663,700,595,178,-105
078,CE-078 Benjamín Hill - Tamaulipas,19.407512,-99.177361,35,0.0023408848544749917,0.04616745129659011,0.00020807865373111036,0.027986578926834343,5.5781465393918905,15.336541212578355,9.758394673186464,20874,18044,938,3615,-2830,2677
163,CE-163 Toluca-Bajío,19.405246,-99.15643,35,0.0005462064660441647,0.016100085832444665,0.0009623637735063854,0.08005826202304471,12.582724269773975,20.253075662600462,7.670351392826489,27197,29264,2493,557,2067,-1936
054,CE-054 Parque España - Sonora,19.416163,-99.170795,35,0.0,0.050094935885764816,0.00020807865373111036,0.10315499258719796,7.6792727651052095,20.788774156631206,13.109501391525997,36230,38092,2368,700,1862,-1668
169,CE-169 Prosperidad-Progreso,19.403019,-99.174934,23,0.002054776705594715,0.030717611257055168,0.0012224620906702733,0.1167581345748693,7.396753973001795,13.687101724451843,6.2903477514500485,28336,27264,1802,2877,-1072,1075
430,CE-430 Tripoli-Av. Popocatépetl (Eje 8),19.36205,-99.154976,23,0.0030171404791011,0.025177517101464354,0.007516841366036362,0.11277863032226182,8.662236325330975,12.640049938876896,3.9778136135459206,11998,12584,722,268,586,-454
171,CE-171 Comercio-Jose Martí,19.40253247789727,-99.1782025248358,27,0.0005722162977605535,0.05508882357531147,0.0,0.021848258641766587,5.649049340650766,13.153301948136395,7.50425260748563,18920,16560,480,2731,-2360,2251
309,CE-309 Pensilvania-Arizona,19.393059,-99.179483,31,0.0014565505761177724,0.05758576742008479,0.0,0.0011964522589538846,4.530912684994928,10.16451218560616,5.633599500611231,15111,13582,162,1593,-1529,1431
182,CE-182 Progreso-Astrónomos,19.402028398340054,-99.17129248386118,31,0.00044216713917860954,0.017712695398860768,0.0009623637735063854,0.14203969100319921,8.71685697193539,22.192914921840455,13.476057949905064,51174,52184,1765,915,1010,-850
331,CE-331 Avenida 2-Calle 17,19.388748,-99.183924,27,0.003069160142533878,0.05706557078575702,0.0,0.11275262049054542,4.552890992795277,16.620802663406767,12.06791167061149,15368,12172,102,2968,-3196,2866
279,CE-279 La Morena-Providencia,19.399908,-99.166553,31,0.013499102660805784,0.044268733581293726,0.0,0.0,5.077873436158868,6.531458891460972,1.4535854553021041,10750,10476,165,429,-274,264
187,CE-187 General Cano-Gobernador Gregorio V. Gelati,19.411227,-99.185514,23,0.0015605899029833277,0.04257809451972846,0.002054776705594715,0.01945535412385882,5.1167321247431525,10.300673654641454,5.183941529898301,17550,15870,190,1770,-1680,1580
291,CE-291 Magdalena-División Del Norte,19.397651,-99.169946,35,0.0,0.041121543943610686,0.0,0.04312430098577262,5.461570473639036,19.37087419044399,13.909303716804953,31129,31464,1785,1295,335,-490
297,CE-297 Diagonal San Antonio-Enrique Rébsamen,19.394412,-99.158907,27,0.031341847218248495,0.1142091710666632,0.0,0.006606497255962754,3.4617525424610505,7.890420578978854,4.428668036517804,9146,7721,67,1370,-1425,1303
310,CE-310 Calle 1-Av. Patriotismo,19.395316464981526,-99.18172560637684,15,0.001638619398132494,0.042838192836892344,0.009181470595885245,0.19439748224828984,5.382864722865243,10.252997633105315,4.870132910240071,26736,25292,123,1494,-1444,1371
314,CE-314 Nueva York-Louisiana,19.391647,-99.177331,19,0.005774182641038313,0.10060602907899185,0.0,0.008921372278721357,3.664369131531719,7.809608031836034,4.145238900304315,10278,9263,144,1087,-1015,943
351,CE-351 Calle 27-Avenida Revolución,19.385751,-99.186297,15,0.017998803547741048,0.062215517465602,0.03794834447421125,0.18492990350352434,6.056129216843967,9.45303924883606,3.396910031992093,19301,17370,177,2007,-1931,1830
319,CE-319 Diagonal San Antonio-Luz Saviñón,19.391991,-99.162684,27,0.009103441100736078,0.06169532083127422,0.0,0.0,5.0414336619242075,7.78219366920696,2.740760007282753,14705,13502,100,1265,-1203,1165
329,CE-329 Calle 13-Avenida 1,19.390306,-99.184812,31,5.201966343277759e-05,0.06234556662418394,0.0,0.08200899940177388,6.417145681067444,17.903113376856453,11.48596769578901,23002,19474,179,3430,-3528,3251
164,CE-164 Bajío-Tlacotalpan,19.4032285,-99.1658539,27,0.0008323146149244415,0.012926886363045231,0.003173199469399433,0.04237001586599735,9.806850989674096,13.867011730434104,4.060160740760007,31604,32189,890,366,585,-524
295,CE-295 Anaxágoras-Eje 4 Sur Xola,19.396505,-99.156877,35,0.00013004915858194396,0.04315031081748901,0.0,0.006996644731708586,6.841912242827789,15.241085130179208,8.399172887351419,21780,21259,292,666,-521,374
336,CE-336 San Borja-Cda. Dr. J. Bartolache,19.385531,-99.169673,23,0.02325278955445158,0.078471662288345,0.0,0.00010403932686555518,4.263505605118735,6.1601425338778055,1.896636928759071,13894,13545,124,428,-349,304
296,CE-296 Diagonal San Antonio-Enrique Rébsamen,19.394283,-99.158756,23,0.010742060498868573,0.043228340312638176,0.0003641376440294431,0.047962129685020935,6.678258381668271,11.186412463911358,4.508154082243088,15356,14329,251,1247,-1027,996
323,CE-323 Concepción Beistegui-Gabriel Mancera,19.388986312246836,-99.1632449628014,27,0.0008843342783572191,0.02653002835071657,0.0,0.003433297786563321,6.587067911670611,10.33196348219627,3.744895570525659,20884,20812,287,407,-72,120
340,CE-340 Anaxágoras-Avenida Eugenia,19.385625037771153,-99.15819257503244,31,0.0036153666085780426,0.045491195671964,0.0,0.0019507373787291597,5.63001014383437,9.43777147761854,3.8077613337841703,26824,25841,246,1179,-983,933
669,CE-669 Los Juarez - Sagredo,19.37076863433144,-99.1873613745247,23,0.0014565505761177724,0.07766535750513694,0.0007802949514916638,0.07355580409394752,4.99250916846568,12.340234608682081,7.347725440216402,16374,12959,150,3355,-3415,3205
209,CE-209 Solón-Horacio,19.435478,-99.206359,19,0.004473691055218873,0.1627175072177283,0.018831118162665486,0.19252477436470986,4.8583764663042635,11.38562176502718,6.527245298722917,18147,17499,1006,1588,-648,582
317,CE-317 Avenida Coyoacán-Torres Adalid,19.391456,-99.166157,35,2.6009831716388796e-05,0.020989934195125758,0.0,0.0009103441100736078,7.123910838296876,12.625588472442583,5.501677634145707,29859,29610,355,611,-249,256
299,CE-299 Romero de Terreros-Mier Y Pesado,19.394601,-99.165054,27,0.0013004915858194398,0.030691601425338777,2.6009831716388796e-05,0.006164330116784145,6.5596535490415375,10.40052539860067,3.840871849559133,21208,21123,303,396,-85,93
276,CE-276 Anaxágoras-Obrero Mundial,19.401986,-99.156366,19,0.0,0.08463599240512915,0.003329258459697766,0.251671131687778,4.784092386922256,14.088433427835723,9.304341040913465,16704,16480,952,1010,-224,58
090,CE-090 José María Pino Suárez - Corregidora,19.43144,-99.132513,27,0.0003901474757458319,0.3426795328634224,0.0,0.010091814705958853,4.072489400993575,6.1747340494706995,2.1022446484771242,6271,6494,204,31,223,-173
304,CE-304 Montecito-Dakota,19.395043,-99.173821,35,0.0,0.1882331521315057,0.0003901474757458319,0.36177074934325176,4.445574427133456,30.413764402944313,25.968189975810855,14550,14739,3162,2469,189,-693
352,CE-352 Tintoreto-Giorgione,19.384146,-99.185491,31,0.02650401851900018,0.11067183395323432,0.0,0.00015605899029833277,4.263011418316124,8.130647384711422,3.8676359663952975,15399,13280,165,2155,-2119,1990
366,CE-366 Porfirio Díaz-Augusto Rodin,19.378423,-99.181891,19,0.028376726402580175,0.08806929019169246,0.0005462064660441647,0.006242359611933311,3.7106146123234582,6.076911072385362,2.3662964600619034,12846,12202,126,711,-644,585
395,CE-395 San Lorenzo-Martín Mendalde,19.373725,-99.169807,31,0.008895362447004968,0.16539651988451634,0.0,0.0005462064660441647,3.2858740603948293,7.091710666631987,3.8058366062371576,11538,11148,428,713,-390,285
316,CE-316 San Francisco-Concepción Beistegui,19.391056,-99.1712,27,0.0,0.05056311285665982,0.0,0.07545452180924389,4.47400317319947,16.537779280568056,12.063776107368586,16756,15233,664,1869,-1523,1205
292,CE-292 Adolfo Prieto-Eje 4 Sur Xola,19.396917,-99.166264,31,0.00010403932686555518,0.035035243321975704,0.0,0.010507972013421072,7.151195151767368,12.34723125341379,5.196036101646422,21604,21970,753,415,366,-338
380,CE-380 Moras-San Lorenzo,19.374756,-99.173539,23,0.0029651208156683227,0.1360314198767134,0.0,0.004941868026113871,3.211277863032226,7.781205295601738,4.569927432569512,10567,9936,172,715,-631,543
338,CE-338 Nicolás San Juan-San Borja,19.384242,-99.16326,27,0.0,0.038078393632793195,0.0,0.0008583244466408303,5.5037844305147345,8.698259942258174,3.194475511743439,16870,16745,263,392,-125,129
420,CE-420 María Luz Bringas-Oso,19.36967233269665,-99.17958118026945,23,0.0,0.22766405701355114,0.0,0.052409810908523424,3.3899914167555334,9.614846411943715,6.224854995188181,15231,14663,1030,1464,-568,434
373,CE-373 Pilares-Gabriel Mancera,19.377932,-99.166594,19,0.0,0.058418082035009235,0.0037714255988763753,0.05480271542643119,4.356074596197363,10.853460608109865,6.497386011912503,11904,11736,148,284,-168,136
416,CE-416 Recreo-Parroquia,19.371279,-99.177623,27,0.04559523499882956,0.26074856295679766,0.0,0.0028090618253699897,2.129633001274482,7.530704606341197,5.401071605066715,10855,8720,38,1966,-2135,1928
386,CE-386 Poussin-Donatello,19.374912,-99.185807,39,0.0013525112492522174,0.07886180976409082,0.0,0.1318438369703748,5.991182667048144,23.78047702031368,17.789294353265536,19410,15788,149,3312,-3622,3163
347,CE-347 Pennsylvania-Maximino Avila Camacho,19.384474,-99.176084,19,0.0018727078835799932,0.0782115639711811,0.004629750045517206,0.11270060082711265,4.221577756391916,10.770567274429734,6.548989518037819,13386,12983,580,922,-403,342
342,CE-342 Pitágoras-Av. División del Norte,19.38237,-99.1598779,31,0.010403932686555518,0.08356958930475719,0.0,0.0,3.8271126485811635,7.895518505995266,4.068405857414103,7845,6965,67,841,-880,774
328,CE-328 Avenida 1-Calle 7,19.392721,-99.184727,15,0.0,0.0886675163211694,0.013993289463417172,0.6862694098369183,4.95383254870341,17.724711941113743,12.77087939241033,19011,15927,96,2963,-3084,2867
369,CE-369 Porfirio Díaz-Av. Insurgentes,19.379941,-99.177224,35,0.00018206882201472156,0.08289333368013109,0.0003901474757458319,0.02007959008505215,5.270450230187011,12.384633391421957,7.114183161234947,28876,29655,1791,1002,779,-789
389,CE-389 Santander-Félix Cuevas,19.373655,-99.179029,39,0.0008583244466408303,0.05612921684396702,0.0,0.03961297370406013,6.238015970036674,20.018128852706322,13.780112882669648,40666,38061,427,2693,-2605,2266
205,CE-205 Taine-Homero,19.43552573443183,-99.18474711483212,19,0.0003641376440294431,0.17699690483002575,0.015605899029833278,0.18087236975576768,4.831092152833771,10.744323354227898,5.913231201394127,19226,19981,2260,1523,755,-737
396,CE-396 Martin Mendalde-Felix Cuevas,19.37165,-99.17015,19,0.010768070330584962,0.09847322287824797,0.0,0.022316435612661587,4.0675475329674615,8.050120945717481,3.9825734127500194,13581,12640,126,990,-941,864
436,CE-436 Rodríguez Saro-Búfalo,19.36623,-99.177904,30,0.008453195307826358,0.10999557832860822,0.0,0.00023408848544749915,4.087393034567066,6.805030301453949,2.717637266886883,10054,9926,372,442,-128,70
334,CE-334 Nueva York-Av. Insurgentes,19.386530826718293,-99.17510658508034,27,0.0,0.13928264884126199,0.0,0.02694618565817879,4.175410305095326,10.630140192992952,6.454729887897625,16634,17140,1762,1248,506,-514
385,CE-385 Poussin-Empresa,19.375650918831095,-99.18558642279095,35,0.0011184227638047183,0.05766379691523396,0.00028610814888027674,0.27190678076312846,8.347985538533566,26.51491663848935,18.166931099955782,21714,18660,158,2778,-3054,2620
422,CE-422 Búfalo-José María Rico (Eje 8),19.368403,-99.177472,19,0.10614612323458267,0.28917730902281064,0.0,0.0,1.6307644289541448,3.718365542174942,2.0876011132207974,4817,3972,15,754,-845,739
363,CE-363 Holbein-Paulo Ucello,19.380839,-99.183932,23,0.03935287538689625,0.11314276796629126,2.6009831716388796e-05,0.0006762556246261087,3.5776263427575623,5.645381954378755,2.067755611621193,14589,14149,87,505,-440,418
355,CE-355 California-Sacramento,19.38201131984727,-99.17328938847277,19,0.0026009831716388796,0.17650271802741435,0.00010403932686555518,0.0030171404791011,2.9278227169870212,6.427211485941686,3.499388768954665,8447,7658,86,773,-789,687
346,CE-346 San Francisco-Santa Margarita,19.38496594717172,-99.17411729704327,26,0.02026165890706687,0.1715088303378677,0.0,0.004889848362681093,3.1347829479543265,7.237677842224361,4.102894894270034,7004,7586,1137,482,582,-655
290,CE-290 Yosemite-Colorado,19.39638,-99.1727082,26,0.00015605899029833277,0.042682133846594014,0.0008323146149244415,0.11129606991442766,6.117382370536062,14.828205061513252,8.710822690977189,21743,25516,4005,435,3773,-3570
371,CE-371 Tlacoquemécatl-Capulín,19.378546,-99.174297,23,0.0003641376440294431,0.08003225219132833,0.0,0.009623637735063854,4.375321871667491,9.669310999557833,5.293989127890343,14076,13718,177,520,-358,343
401,CE-401 San Lorenzo-Avenida Cuauhtémoc,19.372101,-99.161501,31,0.0032252191328322106,0.060810986552917,7.802949514916639e-05,0.02431919265482352,5.219496969854605,14.154680469217364,8.93518349936276,19320,18650,524,1045,-670,521
356,CE-356 Matías Romero -Adolfo Prieto,19.381287,-99.1702,15,0.014435456602595782,0.06380211720030171,0.003069160142533878,0.033136525606679325,4.3850755585611365,6.977423466070174,2.5923479075090383,15366,15128,143,348,-238,205
433,CE-433 Jose María Olloqui-Lopéz Cotilla,19.363548,-99.170766,19,0.011236247301479959,0.17691887533487657,0.0,0.0003641376440294431,2.32072723489479,5.636382552604885,3.3156553177100943,6585,5664,55,864,-921,809
277,CE-277 Prolongación Tonalá-Obrero Mundial,19.401807,-99.15909,31,0.0003901474757458319,0.023434858376466305,5.201966343277759e-05,0.00972767706192941,7.427393554763701,12.431399068848025,5.004005514084324,18644,19177,1191,729,533,-462
172,CE-172 General Francisco Murguía-José Martí,19.4035308,-99.1816702,19,0.0024709340130569355,0.03547741046115432,0.030769630920487945,0.26608057845865735,8.13475693812261,13.755299503212214,5.620542565089604,24949,24804,1694,1863,-145,169
404,CE-404 Miguel Laurent-Avenida División Del Norte,19.373833,-99.157433,31,0.0,0.0703305849611153,0.0,0.03885868858428486,5.009597627903347,15.680391187869015,10.670793559965666,18945,17285,177,1636,-1660,1459
203,CE-203 Tennyson-Av. Homero,19.435985,-99.194832,23,0.00013004915858194396,0.2761463833328998,0.00013004915858194396,0.023486878039899083,2.71168101542383,9.343303768824615,6.631622753400785,10009,8606,777,2110,-1403,1333
473,CE-473 Bahía del Espíritu Santo-Bahía de Banderas,19.438143,-99.17519,35,0.002054776705594715,0.3054854735089864,0.0,0.02790854943168518,2.8632403048352275,10.951205555700055,8.087965250864826,8549,7449,2078,3036,-1100,958
462,CE-462 Presa Falcón-Presa Danxhó,19.442338,-99.205198,23,0.044606861393606784,0.20891096834603481,0.0120685619164044,0.07810752464431556,5.217104065336697,9.249798423804197,4.0326943584675,13592,13340,1461,1662,-252,201
477,CE-477 Lago Iseo-Laguna de Mayrán,19.440905,-99.181743,23,0.0,0.15348401695841027,0.0016906390615652716,0.2739355476370068,4.6162509428564,18.243139906884803,13.626888964028403,27276,25308,2426,4289,-1968,1863
471,CE-471 Bahía de Chachalacas-Bahía de Santa Bárbara,19.436287,-99.174888,19,0.003407287954846932,0.09415559081332744,0.0017686685567144382,0.06440034332977866,3.9981012822847037,9.081358753608864,5.083257471324161,12647,11946,694,1364,-701,670
321,CE-321 Torres Adalid-Anaxágoras,19.389477,-99.157513,27,0.0011704424272374959,0.0357375087783182,0.0013265014175358285,0.01055999167685385,7.57281452389003,10.45145264910136,2.87863812521133,16652,16340,264,596,-312,332
444,CE-444 General Manuel Rincón-Agustín Gutierrez,19.359475,-99.159437,19,0.03058756209847322,0.05243582074023981,7.802949514916639e-05,0.004499700886935262,5.14318412359872,6.335734907795146,1.1925507841964262,10944,11092,276,134,148,-142
441,CE-441 Puente Xoco-Real de Mayorazgo,19.361213660076572,-99.16772089901315,31,0.03513928264884126,0.15119515176736806,0.0,0.004941868026113871,4.450412255832704,8.204489296954248,3.754077041121544,18739,19910,1361,243,1171,-1118
055,CE-055  5 De Mayo - Bolívar,19.434514,-99.138068,15,0.0027570421619372123,0.11506749551330403,0.03407287954846932,0.26839545348141597,5.121543943610685,9.902827268707572,4.7812833250968865,18273,21340,3068,90,3067,-2978
138,CE-138 Guanajuato-Frontera,19.417702,-99.155313,27,7.802949514916639e-05,0.03672588238354098,0.0,0.05891226883762062,7.367232814003693,14.603766223632533,7.23653340962884,20065,21244,1639,541,1179,-1098
359,CE-359 Matías Romero -Pestalozzi,19.379331,-99.161163,31,0.0026009831716388796,0.08198298957005748,0.0,0.0,3.591099435586652,8.402502145811116,4.811402710224465,21727,20737,116,988,-990,872
398,CE-398 Juan Sánchez Azcona-Félix Cuevas,19.37104,-99.165653,27,0.00431763206492054,0.06114911436523006,2.6009831716388796e-05,0.005852212136187479,5.145316929799464,10.860535282336723,5.715218352537259,28712,27621,320,1313,-1091,993
178,CE-178 Tamaulipas-Francisco Murguía,19.406833,-99.180457,23,0.0013265014175358285,0.055400941555908134,0.00020807865373111036,0.026373969360418238,5.548079173927745,10.990714490077249,5.442635316149505,19106,17536,410,1950,-1570,1540
198,CE-198 Sócrates-Ejército Nacional,19.438173973703993,-99.20383617292828,25,0.06770359195776003,0.26381772309933155,0.01659427263505605,0.08715894608161885,5.909511795458683,9.160714750175567,3.251202954716883,12669,13332,1542,888,663,-654
326,CE-326 Eugenia-Nebraska,19.388978,-99.174811,35,0.0005982261294769423,0.09441568913049132,5.201966343277759e-05,0.04559523499882956,4.931125965615003,12.9531823029105,8.022056337295497,19825,22485,3880,1236,2660,-2644
622,CE-622 Fernando Montes de Oca - Eje 6 Sur,19.378351,-99.143996,27,0.007490831534319973,0.04296824199547429,0.006242359611933311,0.08070850781595443,8.994824043488439,12.96938642806981,3.974562384581372,13740,14638,1215,364,898,-851
402,CE-402 Uxmal-Municipio Libre,19.371142,-99.158591,27,0.34437017192498764,0.38796264988165524,0.0,0.035269331807423206,2.3870002861081487,6.925091684656801,4.5380913985486515,12690,12185,101,577,-505,476
039,CE-039 Puebla - Medellín,19.421762,-99.166931,23,0.0035113272817124874,0.11324680729315681,0.004993887689546649,0.1356152625692512,6.199209301115822,12.705802793455927,6.506593492340104,25454,25902,2282,1879,448,-403
427,CE-427 Avenida México-Coyoacán-Av. Popocatépetl (Eje 8),19.364956,-99.1629867,19,0.014331417275730226,0.05883423934247146,0.006164330116784145,0.060498868572320334,6.633209353135485,9.414778786381252,2.781569433245767,17315,17362,485,470,47,-15
313,CE-313 Pensilvania-Oklahoma,19.391431,-99.178989,23,0.006060290789918589,0.12547142819985954,0.0,0.004057533747756652,3.358233412229823,7.942258173589617,4.584024761359794,12854,11638,127,1205,-1216,1078
230,CE-230 Edgar Allan Poe - Carlos Dickens,19.430098,-99.200074,15,0.007750929851483861,0.26054048430306653,0.02072983587796187,0.12060758966889484,3.9126329752646503,7.368793403906677,3.456160428642027,15926,15136,334,1087,-790,753
485,CE-485 Lago de Pátzcuaro - Marina Nacional,19.438506,-99.172696,23,0.011548365282076626,0.05183759461076287,0.002626993003355268,0.021406091502587977,5.543423414050511,8.703175800452572,3.15975238640206,25869,25872,581,624,3,43
392,CE-392 Patricio Sanz-Félix Cuevas,19.373004,-99.174764,19,0.005436054828725258,0.10638021172003018,0.00031211798059666555,0.01818087236975577,3.9184071579056883,7.542409030613572,3.6240018727078835,16192,15683,251,719,-509,468
453,CE-453 Pedregal-Teapa,19.424842,-99.203739,31,0.0,0.38315083101412334,0.007204723385439696,0.16859572918563218,4.514968658152782,16.276588550472077,11.761619892319297,14884,9963,1177,5817,-4921,4640
357,CE-357 Matías Romero -Amores,19.380617,-99.167066,27,0.0007022654563424974,0.05303404686971675,0.0,0.002991130647384711,4.493354487996463,9.924389419200457,5.431034931203995,16038,15812,226,457,-226,231
546,CE-546 Salvador Díaz Mirón - Santa María la Ribera,19.448764,-99.156817,23,0.0,0.0700964964756678,0.03409888938018571,0.3940749603350066,9.710692641818607,19.064660441646943,9.353967799828336,26061,24364,1744,3453,-1697,1709
301,CE-301 Luz Saviñón-Magdalena,19.393807,-99.171133,25,0.0,0.11199833537077016,0.0009363539417899966,0.3353967799828335,4.052643899393971,21.842224360808384,17.789580461414413,15740,14477,1538,2522,-1263,984
004,CE-004 Río Nilo - Río Panuco,19.428491,-99.171693,19,0.00041615730746222073,0.05607719718053424,0.005982261294769422,0.32579915207948607,5.788592087809191,15.1653705100528,9.376778422243609,30995,33761,3850,1207,2766,-2643
496,CE-496 Maestro Rural - José Parres,19.449039,-99.170246,35,0.0059042317996202565,0.05623325617083257,0.00013004915858194396,0.0011964522589538846,6.172471194111374,10.471324160532681,4.2988529664213075,15672,14711,182,1144,-961,962
146,CE-146 Coahuila-Manzanillo,19.410699360989387,-99.16587710386011,23,0.0005201966343277759,0.023200769891018803,0.0010924129320883293,0.09782297708533826,7.5447759252997635,13.963898353577653,6.419122428277889,38001,39009,1475,536,1008,-939
149,CE-149 Mérida-Antonio M. Anza,19.41199,-99.155699,31,0.0009103441100736078,0.07207324368611336,0.00013004915858194396,0.008817332951855801,5.806200743881187,11.981090852342186,6.174890108460998,34799,34603,1061,1266,-196,205
495,CE-495 Amado Nervo - de los Maestros,19.445528,-99.166934,39,2.6009831716388796e-05,0.04135563242905818,0.0,0.1910422139568757,6.498712513330039,25.807163107654695,19.308450594324654,46121,37452,477,8821,-8669,8344
537,CE-537 Fresno - Clavel,19.457543649054422,-99.15946327155325,23,0.026556038182432958,0.08960387026295939,0.008583244466408303,0.08734101490363358,6.834135303144588,10.364709860327205,3.530574557182615,8291,8159,607,724,-132,117
069,CE-069 Michoacán - Ámsterdam,19.410797,-99.168143,17,0.0008583244466408303,0.07553255130439306,0.003979504252607485,0.09836918355138242,5.06424428433948,8.948474523369834,3.8842302390303534,26230,26685,733,329,455,-404
245,CE-245 Lago Onega-Av. Ejército Nacional,19.438347,-99.190503,21,0.0,0.1102556766457721,5.201966343277759e-05,0.03430696803391682,3.4546518584024763,9.527791505188961,6.073139646786485,12078,10116,293,2197,-1962,1904
425,CE-425 Nicolas San Juan-Avenida Universidad,19.36704,-99.167387,35,0.0022368455276094365,0.05321611569173147,0.0,0.017374567586547714,6.9886076937082215,15.572372356750853,8.583764663042631,22370,23672,1696,559,1302,-1137
481,CE-481 Lago Garda - Mariano Escobedo,19.449367,-99.182461,19,0.0016126095664161053,0.04564725466226233,0.0308736702473535,0.28511977527505394,7.608317944182901,13.55632429058184,5.948006346398939,25031,25650,1220,648,619,-572
502,CE-502 Mar Mediterráneo - Callejón de la Zanja,19.453432,-99.174636,35,0.002054776705594715,0.038988737742866805,0.0,0.00013004915858194396,5.913777407860171,11.812130985512523,5.898353577652353,24377,23024,457,1764,-1353,1307
504,CE-504 Mar Blanco - Calzada México Tacuba,19.455343,-99.179056,27,0.010976148984316071,0.06086300621634978,0.0,0.012146591411553567,5.823055114833407,10.113298826956589,4.290243712123183,12808,11141,211,1744,-1667,1533
498,CE-498 de los Maestros - Plan de Agua Prieta,19.453146248510524,-99.16645511990282,37,0.0005722162977605535,0.045881343147709835,0.0030951699742502664,0.030795640752204333,7.254818321325461,11.64613623949853,4.391317918173069,26932,28445,2010,535,1513,-1475
536,CE-536 Fresno - Eulalia Guzmán (Eje 2 Norte),19.458881,-99.159215,23,0.059276406481650064,0.1390485603558145,0.00023408848544749915,0.015345800712669388,4.5681587640127965,7.10039795042526,2.532239186412464,8543,8276,440,656,-267,216
497,CE-497 Manuel Carpio - Plan de Ayala,19.452688,-99.170157,51,0.003329258459697766,0.07121491923947253,0.0,0.00013004915858194396,4.277134756938122,9.63302728431347,5.355892527375348,11000,13143,2500,410,2143,-2090
492,CE-492 Lago Cuitzeo - Felipe Carrillo Puerto,19.449153,-99.173433,35,0.0,0.03141987671339767,0.009779696725362186,0.244180300153458,12.533097510859104,25.089369781777513,12.556272270918408,36353,33341,3202,6098,-3012,2896
503,CE-503 Nextitla - Mar Egeo,19.455571630398424,-99.17513005440924,19,0.0012744817541030509,0.05711759044918979,0.016100085832444665,0.13330038754649257,7.6115691731474495,11.719744063255911,4.108174890108461,10036,9991,631,671,-45,40
506,CE-506 Mar Mediterráneo - Mar Arábigo,19.459553,-99.185111,27,0.007178713553723307,0.04965276874658621,0.0,0.007620880692901917,5.689650687960049,10.245844929383306,4.556194241423258,10433,9666,446,1157,-767,711
507,CE-507 Mar Mediterráneo - Azcapotzalco,19.460292,-99.188303,31,2.6009831716388796e-05,0.01792077405259188,2.6009831716388796e-05,0.08089057663796916,10.6270450230187,17.705152547663015,7.078107524644316,21131,21565,1304,1025,434,-279
499,CE-499 de los Maestros - Calzada de los Gallos,19.455986,-99.165966,39,0.0025489635082061018,0.03623169558092959,0.000754285119775275,0.00795900850521497,9.257809451972845,13.50922048534346,4.251411033370614,27806,28876,1482,476,1070,-1006
458,CE-458 Montes Urales-Volcán,19.428679,-99.206605,19,0.0071527037220069185,0.4634952011860483,0.013239004343641897,0.20758446692849897,3.0871329362499025,11.729341691159258,8.642208754909356,11359,7767,970,4311,-3592,3341
541,CE-541 Eligio Ancona - Naranjo,19.45272,-99.158014,27,0.0027310323302208233,0.04702577574323094,0.032928446952948213,0.25609280307956406,11.592217858350457,17.42242567690587,5.830207818555414,21852,23212,2805,1483,1360,-1322
482,CE-482 Lago Xochimilco - Laguna de San Cristóbal,19.444826,-99.178393,23,0.01401929929513356,0.10203656982339324,0.00010403932686555518,0.013421073165656619,4.01779072489401,7.823419252477437,3.8056285275834267,9914,9496,422,807,-418,385
545,CE-545 Sabino - Salvador Díaz Mirón,19.449098384943877,-99.15995210414621,27,0.0,0.06905610320701225,0.01898717715296382,0.24147527765495358,9.596587510078809,17.909303716804953,8.312716206726142,22819,22811,1911,1966,-8,55
486,CE-486 Izcoatl - Circuito Interior Melchor Ocampo,19.437334,-99.169573,23,0.05201966343277759,0.13527713475693812,0.0005462064660441647,0.004837828699248316,3.952167919473561,5.712513330038755,1.7603454105651937,21973,21878,354,456,-95,102
098,CE-098 Emilio Dondé-Av. Balderas,19.430267,-99.14861,31,0.0014565505761177724,0.018232892033188546,0.0,0.05776783624209952,8.66702213436679,14.757328270086093,6.090306135719302,19503,21842,2338,213,2339,-2125
490,CE-490 Lago Garda - FFCC,19.449023,-99.179622,23,0.005384035165292481,0.07896584909095639,0.02218638645407964,0.13103753218716674,8.02463131063542,13.001768668556714,4.977137357921294,17757,17314,620,1048,-443,428
672,CE-672 José María Velasco - Damas,19.363024,-99.182889,31,0.0031992093011158217,0.23437459359637944,0.0006762556246261087,0.10807085078159544,3.9156761255754677,15.799516217130074,11.883840091554609,16619,18053,3678,1891,1434,-1787
543,CE-543 Jaime Torres Bodet - Manuel Carpio,19.450506,-99.157375,27,0.008245116654095249,0.0654407365984342,0.02416313366452519,0.2274819881915364,10.373943350586522,16.571566051967643,6.197622701381122,22274,20985,1307,2631,-1289,1324
540,CE-540 Eucalipto - Ricardo Flores Magón,19.453965040246473,-99.15246807044241,23,0.013551122324238562,0.07061669310999558,0.062319556792467555,0.20508752308372566,9.579577080136291,13.256378911228444,3.6768018310921526,14384,14087,655,947,-297,292
703,CE-703 Miguel Hidalgo - Calzada General Anaya,19.350776,-99.155379,23,0.017192498764532993,0.0413296225973418,0.0006242359611933311,0.004213592738054985,5.901578796785185,7.961375399901162,2.059796603115978,9757,10210,523,108,453,-415
673,CE-673 Miguel Noreña - José María Ibarrarán,19.363153,-99.186963,35,0.0018466980518636045,0.38333289983613805,0.0,0.057351678934637294,1.4036465784066376,17.148047962129684,15.744401383723048,6221,3419,18,2253,-2802,2235
700,CE-700 Abasolo - Miguel Hidalgo,19.350062,-99.160024,35,0.03344864358727599,0.09311519754467189,0.0,0.00020807865373111036,5.08174890108461,8.719978151741358,3.638229250656748,9023,10026,897,106,1003,-791
704,CE-704 Pacífico - Asia,19.344842,-99.157702,23,0.0014565505761177724,0.02520352693318074,0.0,0.05563503004135563,6.90053840351653,12.464795692771867,5.564257289255338,6178,7340,961,88,1162,-873
709,CE-709 Inglaterra - Antigua Taxqueña,19.344275,-99.149988,22,0.00020807865373111036,0.00884334278357219,0.015163731890654668,0.4953572450386246,10.597289775535153,20.560329804666164,9.963040029131012,14410,18383,3655,107,3973,-3548
706,CE-706 Canadá - Acolotitla,19.347503,-99.15244,23,0.01638619398132494,0.03711602985928681,0.007620880692901917,0.05657138398314563,8.446588810570395,10.969412437901527,2.5228236273311313,7623,8137,672,200,514,-472
702,CE-702 Fernández Leal - Plaza de la Conchita,19.347246,-99.15857,31,0.023486878039899083,0.05243582074023981,0.0,0.0007282752880588862,5.599266522745598,7.935131479699327,2.3358649569537286,7797,8206,424,115,409,-309
708,CE-708 Irlanda-Canada,19.346419552561255,-99.14566911759721,27,0.0,0.011730434104091346,0.0,0.2572632455068016,8.88123910838297,20.271620672614247,11.39038156423128,10165,13424,2956,152,3259,-2804
643,CE-643 Filipinas - Av. Pirineos,19.362323,-99.148805,39,0.0,0.06861393606783364,0.0,0.012900876531328842,7.427705672744297,11.886206986240799,4.458501313496502,7597,7904,507,247,307,-260
597,CE-597 Diagonal San Antonio - Icacos,19.398858,-99.151211,27,0.0024709340130569355,0.03152391604026322,0.002262855359325825,0.05438655811896897,8.317163887949645,12.704606341196973,4.387442453247328,19939,20023,778,738,84,-40
694,CE-694 Ignacio Aldama - Centenario,19.353243,-99.163753,23,0.07657294457304861,0.13777407860171145,0.0,0.00031211798059666555,3.3743334980622675,5.400057221629776,2.0257237235675087,3630,3738,218,145,108,-73
696,CE-696 México - Malintzin,19.351576,-99.164567,39,0.02959918849325045,0.10388326787525684,0.0,0.00033812781231305436,5.15694332457669,9.381044034645097,4.224100710068406,11261,12712,1362,170,1451,-1192
626,CE-626 San Borja - Petén,19.382115,-99.153988,27,0.014305407444013837,0.061383202850677554,0.0,0.012224620906702734,6.676281634457825,9.55078419642625,2.874502561968424,15682,15238,288,757,-444,469
615,CE-615 Tajín - Universidad,19.38748,-99.153876,31,0.010299893359689963,0.03266834863578433,0.0,0.003979504252607485,7.5626966993523554,9.849741202174421,2.287044502822067,13286,13547,400,190,261,-210
630,CE-630 Cuicuilco - Motozintla,19.375677,-99.152953,30,0.0,0.025385595755195466,0.0011704424272374959,0.03625770541264598,8.686945665461545,13.868650349832237,5.181704684370692,17174,17647,843,422,473,-421
701,CE-701 Cuauhtémoc - Morelos,19.352052,-99.157981,23,0.03409888938018571,0.06788566077977476,0.0,0.00013004915858194396,4.386662158295835,5.777407860171144,1.3907457018753089,7779,8069,426,155,290,-271
617,CE-617 Mitla - Eje 5 Sur,19.384589,-99.150517,31,0.010039795042526075,0.04104351444846152,0.001014383436939163,0.007594870861185528,7.797721538741644,10.436314927042423,2.6385933883007775,13880,14394,609,166,514,-443
692,CE-692 Presidente Carranza - Francisco Sosa,19.349149,-99.169646,19,0.007672900356334694,0.0318100241891435,0.0013525112492522174,0.03763622649361459,6.4056493354488,9.283325096886623,2.8776757614378234,11313,12237,839,57,924,-782
688,CE-688 Panzacola - Miguel Ángel de Quevedo,19.346975,-99.178791,33,0.022290425780945197,0.07977215387416443,0.0,0.0,5.071396988061487,7.534606081098655,2.463209093037168,21671,21577,212,310,-94,98
661,CE-661 Madrid - Universidad,19.35675,-99.171769,27,0.05932842614508284,0.1868546310505371,0.0,0.0,2.6443415611100995,5.601217260124327,2.9568756990142275,5298,4865,42,364,-433,322
618,CE-618 Bartolomé R. Salido - Edzna,19.381824,-99.148086,31,0.0003901474757458319,0.02481337945743491,0.0008323146149244415,0.022420474939527143,8.488360600306915,12.620542565089604,4.132181964782688,31191,32272,1255,272,1081,-983
602,CE-602 Correspondencia - Eje Central Lázaro Cárdenas,19.392523,-99.146194,35,0.0019247275470127708,0.04257809451972846,0.0,0.011782453767524124,8.681847738445132,12.980544645876142,4.298696907431009,12814,13164,727,443,350,-284
559,CE-559 Fernando de Alva Ixtlilxochitl - Diagonal 20 de noviembre,19.420029,-99.140999,27,0.0035893567768616537,0.03363071240929071,0.005019897521263038,0.06065492756261867,9.78614716362785,13.710510572996593,3.924363409368741,10743,10972,626,496,229,-130
691,CE-691 Melchor Ocampo - Dulce Olivia,19.347283,-99.170834,23,0.05074518167867454,0.08268525502639998,5.201966343277759e-05,5.201966343277759e-05,4.127734283559185,5.6765417327749885,1.5488074492158035,6597,6711,237,106,114,-131
689,CE-689 G. Pérez Valenzuela - Salvador Novo,19.351426,-99.175455,23,0.007750929851483861,0.05126537831300231,0.0,0.013343043670507452,5.554763700678857,9.013369053502224,3.4586053528233673,9841,9883,489,411,42,-78
619,CE-619 Kiff - Rafael Solana Verduguillo,19.381277,-99.145804,23,0.01747860691341327,0.047467942882409554,0.006814575909693864,0.05519286290217702,7.401773870523058,9.559679558873254,2.1579056883501964,9912,10121,492,317,209,-175
649,CE-649 Héroes del 47 - Calzada de Tlalpan,19.35072,-99.146786,23,0.0,0.06733945431373059,0.001638619398132494,0.17418784300465576,6.972273519390329,14.710666631986891,7.738393112596562,10252,10333,500,296,81,-204
629,CE-629 Tajín - Chichen Itzá,19.376367,-99.155872,19,0.012042552084688012,0.1392566390095456,0.0011704424272374959,0.012458709392150233,3.474705438655812,7.592608005826202,4.117902567170391,9050,8325,51,674,-725,623
562,CE-562 Claudio Bernard - José María Vertiz,19.42037,-99.146818,23,0.0027570421619372123,0.04028922932868624,0.04879444429994538,0.2778890420578979,10.2761463833329,16.061071084870083,5.784924701537181,18825,18138,1204,1897,-687,693
609,CE-609 Romero - Calzada de Tlalpan,19.384623,-99.139817,31,0.0008843342783572191,0.030353473613025723,0.0025489635082061018,0.05220173225479231,10.090826332353629,15.211485941685957,5.1206596093323276,9964,11205,1211,132,1241,-1079
623,CE-623 Fernando Montes de Oca - Antonio Rodríguez,19.375518,-99.144118,35,0.0003641376440294431,0.022108356958930476,0.0031211798059666554,0.07444013837230473,10.519676437693448,17.998387390433585,7.478710952740136,16397,19218,2815,219,2821,-2596
651,CE-651 Héroes del 47 - División del Norte,19.351578,-99.150941,31,0.004915858194397482,0.09275105990064245,0.0,0.03989908185294041,4.830545946367727,11.352407209925351,6.521861263557625,9138,8742,114,380,-396,266
612,CE-612 Torres Adalid - Cumbres de Maltrata,19.388148,-99.148446,31,0.0,0.03836450178167347,0.003433297786563321,0.15293781049236613,9.504772804119957,17.106276172393166,7.601503368273208,14834,16443,1899,400,1609,-1499
577,CE-577 Doctor Márquez - Doctor Jiménez,19.411609,-99.15314,31,0.0273883527973574,0.06120113402866283,0.000754285119775275,0.006996644731708586,6.830675995526309,8.903321455510183,2.0726454599838737,9727,10469,767,66,742,-701
624,CE-624 Luis Spota - Eje Central Lázaro Cárdenas,19.377516,-99.148116,35,0.0,0.04026321949696986,0.0024969438447733244,0.11941113740994096,10.066481129867089,19.482300309516997,9.415819179649908,17638,19353,2268,674,1715,-1594
620,CE-620 Fernando Montes de Oca - Priv. Lago,19.381804,-99.142997,23,0.0014305407444013837,0.025177517101464354,0.023825005852212137,0.16446016594272636,9.382292506567483,13.807891382942753,4.42559887637527,10021,10695,845,238,674,-607
592,CE-592 Cádiz - Eje Central Lázaro Cárdenas,19.399664,-99.145136,27,0.008115067495513304,0.02650401851900018,0.0021848258641766587,0.060576898067469506,8.655447759252997,12.785444898171509,4.129997138918511,13839,14142,968,693,303,-275
637,CE-637 Ajusco - Emperadores,19.36576,-99.144413,23,0.009389549249616354,0.04949670975628788,0.011756443935807735,0.08304939267042942,8.155486774000572,10.880692901916925,2.725206127916352,9449,9738,522,267,289,-255
604,CE-604 Andalucía - Carteros,19.390945,-99.142972,31,0.005956251463053034,0.02502145811116602,0.004135563242905819,0.06931620152417614,10.383983145629047,15.159778396233776,4.7757952506047285,13147,14686,1496,134,1539,-1362
634,CE-634 Rumania - Víctor Hugo,19.370133,-99.145866,27,0.011158217806330794,0.04882045413166177,0.009207480427601633,0.12994511925507843,8.979062085468307,14.158685983301687,5.179623897833381,11975,13217,1483,345,1242,-1138
568,CE-568 Doctor Barragán - Doctor Erazo,19.418013,-99.144598,23,0.0,0.026217910370119904,0.029495149166384894,0.3161755143444222,10.34845371550446,17.491819907925194,7.143366192420735,18897,18649,1724,2047,-248,323
639,CE-639 Bulgaria - Rumania,19.364528,-99.146988,23,0.006970634899992197,0.03656982339324265,0.006060290789918589,0.12315655317710095,8.547298878976253,12.538715634509845,3.9914167555335918,9622,10406,915,217,784,-698
573,CE-573 Fernando Ramírez - Isabel la Católica,19.412853,-99.138723,27,0.009857726220511353,0.051681535620464535,0.0046557598772335946,0.09530002340884855,9.35545036023617,13.622649361458631,4.267199001222462,10306,10839,960,470,533,-490
494,CE-494 Tláloc - Calzada México Tacuba,19.444053,-99.167429,22,0.0,0.05428251879210341,0.004551720550368039,0.41431060941035713,5.931984290061643,19.987203162795538,14.055218872733894,54140,46220,791,8547,-7920,7756
563,CE-563 Doctor Velasco - Niños Héroes,19.419444,-99.149776,23,0.0012224620906702733,0.02481337945743491,0.031159778396233778,0.18602231643561265,10.298124691133248,14.489296954248706,4.191172263115457,43921,43345,558,1186,-576,628
560,CE-560 Doctor Liceaga - Eje Central,19.421599,-99.143408,27,0.0014045309126849948,0.0345930761827971,0.01981949176788826,0.2741436262907379,10.12828049002523,19.163627851327803,9.035347361302572,37436,37379,3144,3209,-57,65
611,CE-611 Miguel Negrete - Niños Héroes de Chapultepec,19.387506,-99.146338,23,0.014331417275730226,0.05389237131635758,0.02650401851900018,0.22066741228184253,8.60920227846126,13.662184305667543,5.0529820272062835,12753,14689,2145,314,1936,-1831
567,CE-567 Doctor Martínez del Río - Doctor José Terrés,19.417133,-99.145649,23,0.00013004915858194396,0.07402398106484251,0.015059692563789112,0.20019767472104455,8.525112492522174,14.516763336541212,5.9916508440190395,12774,11686,778,1863,-1088,1085
589,CE-589 Cádiz - Calzada de Tlalpan,19.39859,-99.137732,23,0.02801258875855073,0.0847400317319947,0.0,0.021510130829453532,5.70642702941712,8.414180560251776,2.7077535308346556,10611,9932,213,860,-679,647
564,CE-564 Doctor Carmona y Valle - Doctor Velasco,19.419509,-99.153227,23,0.002392904517907769,0.058574141025307565,0.0035373371134288763,0.055583010377922855,7.461960621114781,11.454599838739043,3.9926392176242618,17724,16065,297,1958,-1659,1661
633,CE-633 Canarias - Calzada Santa Cruz,19.372175,-99.146356,27,0.0,0.043228340312638176,0.006606497255962754,0.10367518922152574,8.839779436627046,14.563190886154967,5.723411449527921,15926,16376,966,576,450,-390
664,CE-664 Hortensia - 2da cerrada de Minerva,19.355544,-99.178992,23,0.08957786043124301,0.26358363461388407,0.0,0.0,1.6730043956615601,5.177595130959503,3.5045907352979424,2736,1606,19,906,-1130,887
579,CE-579 Doctor Márquez - Privada Doctor Duran,19.410884,-99.144975,27,0.0018206882201472156,0.032954456784664604,0.011366296460061903,0.22779410617213305,10.767628163445783,17.171820948318466,6.404192784872682,12646,14392,1960,343,1746,-1617
652,CE-652 Xicoténcatl - División del Norte,19.354876,-99.153611,23,0.020885894868260202,0.05298202720628398,0.0,0.0211199833537077,5.523890030431503,9.35048248237834,3.8265924519468357,10416,10924,562,104,508,-458
663,CE-663 Hortensia - Avenida Universidad,19.3548028,-99.1754194,23,0.0181028428746066,0.09704268213384659,0.002314875022758603,0.046973756079798167,5.804588134314771,9.639633781569433,3.8350456472546623,13975,13698,649,890,-277,241
603,CE-603 Castilla - Eje 4 sur Xola,19.394422,-99.143291,27,0.00018206882201472156,0.0241371238328088,0.003173199469399433,0.07865373111035971,9.632637136837724,14.080214321013344,4.447577184175619,13780,14343,772,331,563,-441
548,CE-548 Dr. Mariano Azuela - Jose Antonio Alzate,19.447028903088047,-99.15431119504319,39,0.0,0.02119801284885687,0.008453195307826358,0.5991364735870159,15.689624678128332,45.551850599526624,29.862225921398288,84002,90471,15949,9728,6469,-6221
463,CE-463 Lago Andrómaco-Lago Zurich,19.443238843979106,-99.20280866324902,27,5.201966343277759e-05,0.10133430436705075,0.012198611074986345,0.11571774130621375,6.605560902020964,12.40996696751372,5.804406065492756,26440,26617,1639,1426,177,-213
662,CE-662 Manzano - Circuito Interior,19.362041,-99.175158,23,0.012354670065284677,0.040887455458163184,0.0,0.0,4.820844279137514,6.17840143574271,1.3575571566051967,2951,2861,63,114,-90,51
679,CE-679 Olivo - Tecoyotitla,19.354886,-99.184642,31,0.017322547923114936,0.18056025177517102,0.0,0.011132207974614405,3.778188155122636,10.666345878742165,6.888157723619528,12878,13073,1149,821,195,-328
571,CE-571 Manuel M. Flores - Calzada San Antonio Abad,19.416221,-99.134909,35,0.0004681769708949983,0.02356490753504825,0.001014383436939163,0.042890212500325126,10.405025099487606,15.24574089005644,4.840715790568835,20123,20700,731,238,577,-493
578,CE-578 Doctor Jiménez - Doctor Federico Gómez Santos,19.408649,-99.151126,27,0.0067105365828283095,0.023668946861913804,0.0155538793664005,0.11225843368793403,11.666059770593284,14.827580825552058,3.1615210549587744,18357,19422,1045,67,1065,-978
666,CE-666 Moras - Naranjo,19.3614885,-99.1774325,23,0.04385257627383151,0.1390745701875309,0.0,0.0,3.0410435144484613,5.0387026295939865,1.997659115145525,2773,2526,37,221,-247,184
556,CE-556 Plaza Tlaxcoaque - Diagonal 20 de noviembre,19.423056,-99.134941,33,0.003797435430592764,0.02759643145108851,0.00015605899029833277,0.028688844383176842,7.597497854188884,14.231877649751606,6.634379795562722,14368,15922,1428,105,1554,-1323
678,CE-678 Francia - Tecoyotitla,19.3588634,-99.1829297,27,0.0,0.2509428563997191,0.0,0.5648034957213827,2.508180092074804,29.022940671573856,26.51476057949905,9162,6447,434,2258,-2715,1824
645,CE-645 Saratoga - Ajusco,19.358634,-99.152732,27,0.0,0.07477826618461779,0.0,0.001664629229848883,4.920487944443,8.270216141701564,3.3497281972585635,9959,9750,121,324,-209,203
569,CE-569 Gutiérrez Nájera - Bolívar,19.415713,-99.141227,19,0.0011704424272374959,0.05638931516113091,0.04856035581449788,0.2887611517153484,8.959242593700418,13.597914011496346,4.638671417795927,10255,10040,566,792,-215,226
686,CE-686 Vito Alessio Robles - Universidad,19.352203,-99.178393,27,0.0033812781231305432,0.08369963846333914,0.0,0.011054178479465238,4.657606575285458,9.407860171144693,4.750253595859235,7429,7199,280,457,-230,177
501,CE-501 Plan de Guadalupe /Ferrocarril de Cuernavaca - Eligio Ancona,19.454257,-99.172593,27,0.012562748719015788,0.08362160896818997,0.0,0.04707779540666372,5.559757588368403,11.869404634952012,6.309647046583609,15653,14240,548,1881,-1413,1333
697,CE-697 Francisco Sosa - Tres Cruces,19.349277,-99.164921,35,0.008037038000364137,0.038962727911150415,0.0,0.0025749733399224907,6.58246417145681,12.507946003589357,5.925481832132546,9189,11270,1755,85,2081,-1670
530,CE-530  Membrillo - Cda. Nueces,19.4645,-99.16948,27,0.006580487424246365,0.0181028428746066,0.0021067963690274923,0.08042239966707415,10.207116289957604,14.675215231357454,4.468098941399849,11407,12320,1145,333,913,-812
584,CE-584 Enrique Granados - José Peón Contreras (Eje 3),19.40697,-99.14383,31,2.6009831716388796e-05,0.009961765547376909,0.009025411605586911,0.23473873124040887,13.993133404426873,21.493120399511014,7.499986995084142,29299,31511,2262,235,2212,-2027
580,CE-580 Antonio Solís - Bolívar,19.409817,-99.141643,19,0.010872109657450515,0.0424740551928629,0.06172133066299061,0.1940593544359768,8.747860691341327,11.403100371940594,2.6552396805992666,11613,11666,492,434,53,-58
575,CE-575 Fernando Ramírez - Eje Central,19.413235,-99.143476,29,0.00010403932686555518,0.03305849611153016,0.01812885270632299,0.3663224698936198,13.022212396285797,22.172029026972197,9.149816630686399,21720,23727,2933,1069,2007,-1864
590,CE-590 Fernando - Isabel la Católica,19.399172,-99.140625,31,0.0,0.01729653809139855,5.201966343277759e-05,0.15046687647930918,9.967409680859365,20.149270424220354,10.181860743360991,14295,15129,1332,601,834,-731
650,CE-650 Xicoténcatl- Prolongación Xicoténcatl,19.355809,-99.149393,27,0.0005201966343277759,0.06114911436523006,0.0,0.024111114001092414,5.755845709678258,10.22667568340833,4.47082997373007,4559,5287,797,196,728,-601
631,CE-631 Miguel Laurent - Eje Central,19.372907,-99.149207,27,0.0007022654563424974,0.04130361276562541,0.002626993003355268,0.04936666059770593,7.984680209119047,13.058183993549562,5.073503784430515,14015,14237,889,713,222,-176
687,CE-687 Francisco Sosa - Panzacola,19.349307,-99.179074,27,0.1209457174812079,0.39789840559731576,0.0,0.0,1.3114417249720394,4.388846984160012,3.077405259187973,2802,2140,10,497,-662,487
640,CE-640 Odesa - Bulgaria,19.367465,-99.148786,23,0.0,0.058626160688740346,0.0042916222332041514,0.1545764298904986,8.203839051161339,13.113610944937186,4.909771893775847,12113,12674,917,382,561,-535
628,CE-628 Tenayuca - Chichen Itzá,19.378281,-99.15841,23,0.0025749733399224907,0.07779540666371888,0.0018466980518636045,0.03669987255182459,5.200977969672536,10.20966525346581,5.008687283793273,28441,28391,631,594,-50,-37
510,CE-510 Egipto - Calle Norte 79 A,19.462152,-99.178291,23,0.03755819699846542,0.09899341951257576,0.0,0.00033812781231305436,3.804796212968502,6.450854422971883,2.6460582100033814,11264,10628,182,767,-636,585
635,CE-635 Calzada Santa Cruz - Antillas,19.370586,-99.142294,39,0.0005462064660441647,0.0125367388872994,0.0060342809582022,0.0851821988711733,14.8892241267199,21.166775040965486,6.277550914245585,30535,32105,1689,296,1570,-1393
655,CE-655 Gomez Farias - Viena,19.357086311891955,-99.16019652040175,19,0.03467110567794626,0.09184071579056884,0.00031211798059666555,0.0034593076182797096,3.9846541992873306,5.653210913725388,1.6685567144380575,7195,7634,537,143,439,-394
531,CE-531 Norte 67 - Poniente 44,19.460356,-99.174283,35,0.002262855359325825,0.12968502093791454,0.0,0.0,3.703227820116004,7.651156137019793,3.9479283169037895,10291,9386,232,1027,-905,795
684,CE-684 Vito Alessio Robles - Tecoyotitla,19.351594,-99.184772,31,0.0,0.15220953520430722,0.00020807865373111036,0.0051239368481285925,4.026686087341015,9.54537415142924,5.518688064088225,13692,13088,815,1292,-604,477
613,CE-613 Luz Saviñón - Doctor José María Vertiz,19.390019,-99.15111,31,0.0,0.03194007334772544,0.0011184227638047183,0.028194657580565455,7.625172315135121,13.758810830493927,6.133638515358806,18101,17931,560,777,-170,217
557,CE-557 5 de Febrero - Fernando de Alva Ixtlilxochitl,19.41981,-99.135941,27,0.0034853174499960985,0.015657918693266056,0.004473691055218873,0.07194319452753141,10.791375139802845,14.22709184071579,3.4357167009129452,13642,14280,675,150,638,-525
642,CE-642 Repúblicas - Monrovia,19.364106,-99.150541,23,0.002002757042161937,0.06770359195776003,0.008505214971259136,0.08562436601035191,7.040653366972716,11.567404478893021,4.526751111920306,10807,10706,263,355,-101,92
512,CE-512 Clavería - Floresta,19.465638,-99.186178,27,0.0025229536764897133,0.04770203136785705,0.0,0.005800192472754701,5.663432777589929,11.058079954222697,5.394647176632767,9958,9966,424,393,8,-31
665,CE-665 Moras - Mango,19.3589028,-99.1779972,23,0.028870913205191563,0.1346528987957448,0.0,0.0,3.06114911436523,5.07743126901969,2.0162821546544594,2534,2126,27,308,-408,281
594,CE-594 Xochicalco - Obrero Mundial,19.4022115,-99.1533118,31,0.00031211798059666555,0.007490831534319973,0.0023408848544749917,0.3275418108044841,11.878534085884464,24.78045101048196,12.901916924597497,41716,47478,5861,424,5762,-5437
514,CE-514 José F. Gutiérrez - Invierno,19.470485,-99.188509,31,0.0178687543891591,0.040731396467864854,0.0,0.0014565505761177724,6.375295861835774,10.428511977527505,4.053216115691732,10769,10883,777,694,114,-83
525,CE-525 Boldo - Tila,19.4683001,-99.165619,23,0.0,0.0503810440346451,0.017088459437667437,0.20188831378260982,8.580903581553827,13.887741566312066,5.306837984758238,7312,8139,1056,367,827,-689
527,CE-527 Boldo - Alcanfores,19.464826,-99.163177,23,0.023200769891018803,0.04338439930293651,0.002626993003355268,0.045699274325695115,7.890888755949749,10.493068379847582,2.6021796238978334,6273,6434,466,350,161,-116
516,CE-516 Texcoco - Nilo,19.46669,-99.180302,19,0.02031367857049965,0.060576898067469506,0.0,0.006580487424246365,4.589174708039639,6.791791297110308,2.2026165890706686,5116,4860,229,444,-256,215
595,CE-595 Yacatas - Diagonal de San Antonio,19.396983,-99.155114,27,0.0,0.0357375087783182,0.00015605899029833277,0.06502457929097198,6.39282648841262,14.800504590735297,8.407678102322677,28081,28110,640,610,29,-30
517,CE-517 Ignacio Allende - Clavería,19.465377,-99.179197,27,0.00033812781231305436,0.04054932764585013,0.0,0.003927484589174708,5.2168959866829665,9.011470335786928,3.794574349103961,8589,8319,375,615,-270,240
519,CE-519 Poniente 58 - Cuitláhuac,19.464891,-99.177242,23,0.009207480427601633,0.03906676723801597,0.002705022498504435,0.0434104091346529,8.323718365542176,11.475329674617004,3.15161130907483,8174,8713,642,237,539,-405
521,CE-521 Yuca - Clavelinas,19.466423,-99.173061,31,0.025151507269747964,0.06003069160142534,0.0,0.004889848362681093,6.867661976227014,9.581163679870992,2.7135017036439772,7621,7591,382,421,-30,39
518,CE-518 Heliópolis - Norte 79A,19.468315,-99.177386,27,0.00018206882201472156,0.09441568913049132,0.0,0.039118786901448745,6.822716987021094,10.905454261710927,4.0827372746898325,7352,7218,589,677,-134,88
654,CE-654 Londres - San Pedro,19.355942,-99.157461,23,0.0038234452623091527,0.06062891773090228,0.0,0.0034593076182797096,4.829141415455042,7.69865008973392,2.8695086742788773,7359,7380,161,132,21,-29
653,CE-653 Londres - División del Norte,19.356689,-99.153269,23,0.0011704424272374959,0.04986084740031732,0.00041615730746222073,0.06276172393164617,7.000026009831716,11.072151273181262,4.072125263349546,10585,11124,529,79,539,-450
707,CE-707 Irlanda - División del Norte,19.348076,-99.14906,27,0.017374567586547714,0.05282596821598564,0.0,0.028818893541758785,5.969620516555258,10.168725778344214,4.199105261788956,4298,4436,352,240,138,-112
542,CE-542 Dr. Enrique González Martínez - Eligio Ancona,19.451838,-99.154584,23,0.05758576742008479,0.13202590579238951,0.022966681405571305,0.19881915364007594,8.427133456446537,13.395453481415975,4.968320024969438,17176,17780,2271,1708,604,-563
636,CE-636 Ajusco - Antillas,19.367131,-99.142838,23,0.0028610814888027675,0.03623169558092959,0.01812885270632299,0.1909901942934429,10.099331547324889,14.576325851171744,4.476994303846854,10349,10898,729,290,549,-439
561,CE-561 Dr. Jiménez - Dr. Lavista,19.423673,-99.147957,27,0.004473691055218873,0.021900278305199364,0.0024709340130569355,0.01942934429214243,8.843446822899056,11.618513798215725,2.77506697531667,13800,13582,203,431,-218,228
585,CE-585 José Toribio Medina - Manuel Navarrete,19.405358,-99.14316,27,0.015865997346997163,0.030379483444742113,0.011132207974614405,0.05410044997008869,9.366218430566754,11.874606601295289,2.5083881707285354,10211,10588,551,205,377,-346
600,CE-600 Cumbres de Acultzingo - Av. Universidad,19.392463,-99.150544,31,0.0020807865373111034,0.03220017166488933,0.0,0.006346398938798866,7.540380263739694,11.084401903919682,3.544021640179988,16444,15845,236,850,-599,614
599,CE-599 La Morena - Zempoala,19.398143,-99.148333,27,0.008453195307826358,0.03347465341899238,0.002653002835071657,0.10557390693682212,9.455354123858818,14.15275574167035,4.697401617811533,19603,20268,1372,766,665,-606
638,CE-638 Av Pirineos - C. Antillas,19.361743,-99.143867,19,0.00033812781231305436,0.018675059172367156,0.013525112492522173,0.1627695268811611,9.165240460894218,12.728587406039482,3.563346945145265,25050,25303,504,314,253,-190
591,CE-591 Simón Bolívar - La Coruña,19.402088,-99.142976,27,0.004213592738054985,0.03716804952271959,0.01357713215595495,0.14133742554685672,9.891721070564673,15.67329050381044,5.7815694332457666,18155,19150,2037,1098,995,-939
500,CE-500 Plan de Guadalupe /Ferrocarril de Cuernavaca - Juan Sarabia,19.456546,-99.169344,23,0.007100684058574141,0.03948292454547819,0.0,0.013108955185059952,7.134600879132312,10.368793403906677,3.2341925247743646,10855,10556,408,714,-299,306
484,CE-484 Laguna Mayran - Lago Cuitzeo,19.44046,-99.174564,15,0.0,0.06346398938798865,0.03958696387234375,0.20755845709678258,5.676047545972377,9.720706427029418,4.04465888105704,18019,17389,478,1131,-630,653
601,CE-601 Navarra - Fernando,19.395888,-99.145344,31,0.010429942518271907,0.029651208156683227,0.0,0.02314875022758603,8.91278903425495,12.793611985330456,3.8808229510755066,11976,12312,757,520,336,-237
685,CE-685 Av De la Paz - Insurgentes,19.347698842866482,-99.18690070520825,27,0.0012484719223866622,0.032928446952948213,0.0017946783884308269,0.04166775040965485,7.399224907014852,11.867870054880745,4.468645147865893,33065,33069,424,435,4,11
535,CE-535 Av. Jardín - Orquídea,19.461773,-99.162241,19,0.0211199833537077,0.05027700470777954,0.04624548079173928,0.17603454105651936,8.923479075090384,11.342887611517153,2.4194085364267695,8625,8649,365,414,24,49
544,CE-544 Salvador Díaz Mirón - Nogal,19.449773,-99.163136,23,0.00023408848544749915,0.05508882357531147,0.04117356360704346,0.27120451530678596,9.160922828829298,16.042890212500325,6.881967383671028,24675,24634,1294,1415,-41,121
106,CE-106 San Jerónimo-José María Pino Suarez,19.42649,-99.133537,23,0.0005462064660441647,0.03001534580071267,0.004603740213800817,0.078471662288345,7.487424246365126,12.646552396805992,5.159128150440867,21613,21001,484,1061,-612,577
695,CE-695 Malintzin - Allende,19.352141,-99.16225,23,0.08203500923349026,0.16987021093973523,0.0003901474757458319,0.002913101152235545,3.6598434208130675,5.212318256300882,1.5524748354878144,10449,10486,271,246,37,-25
607,CE-607 Unión Postal - Calzada de Tlalpan,19.39091,-99.138953,19,0.03363071240929071,0.0698884178219367,0.0075688610294691394,0.020469737560797983,5.5875881083049395,7.027362342965641,1.4397742346607016,7042,6809,119,331,-233,212
690,CE-690 Tata Vasco - Av. Miguel Ángel de Quevedo,19.345966,-99.172975,23,0.07633885608760112,0.11829271464613623,0.0,0.0,3.5597055687049703,4.886493094389679,1.3267875256847088,6181,6054,47,143,-127,96
648,CE-648 Rafael Olivia - 20 de agosto,19.354411,-99.147795,25,0.0010664031003719406,0.02179623897833381,0.0027310323302208233,0.20976929279267564,9.730121986110749,18.028766873878325,8.298644887767576,21007,24710,3570,156,3703,-3414
693,CE-693 Xicoténcatl - Vicente Guerrero,19.352531,-99.164913,31,0.005227976174994148,0.1631596743569069,0.0,0.0,3.2820766249642364,6.051863604442479,2.769786979478243,4247,4349,271,171,102,-100
644,CE-644 Monrovia - Popocatépetl (Eje 8 Sur),19.361371,-99.150619,23,7.802949514916639e-05,0.032226181496605714,0.0051239368481285925,0.0879652508648269,8.378313002314876,12.584518948162405,4.206205945847531,33320,33485,699,575,165,-124
705,CE-705 Europa - Miguel Ángel de Quevedo,19.344107,-99.155933,27,0.0047077795406663715,0.03680391187869014,0.0009363539417899966,0.03485317449996098,8.012016542252972,12.964392540380263,4.952375998127292,12959,14129,1099,90,1170,-1009
539,CE-539 Naranjo - Av. Ricardo Flores Magon,19.4551042,-99.1576905,23,0.0,0.04863838530964704,0.04169376024137124,0.296225973417952,10.238640205997868,15.270658308840742,5.0320181028428745,20416,19924,764,1253,-492,489
538,CE-538 Nogal - Eligio Ancona,19.453778,-99.163128,23,0.009415559081332743,0.057871875568965066,0.05209769292792676,0.2493042370015866,9.681561630296253,14.253361770749343,4.5718001404530915,22510,22039,1052,1530,-471,478
588,CE-588  Av. Fernando - La coruña,19.401175,-99.13748,30,0.0,0.013108955185059952,0.002679012666788046,0.08931776211407912,10.362759122948475,16.999323744375374,6.636564621426899,23612,24468,1126,360,856,-766
558,CE-558 Chimalpopoca - Simón Bolívar,19.4223,-99.139872,27,0.00020807865373111036,0.02850677556116212,0.0,0.010429942518271907,5.99185892267277,10.655967955887325,4.664109033214555,11838,12156,535,287,318,-248
593,CE-593 Zempoala - Diagonal de San Antonio,19.401018,-99.147952,31,0.0,0.020833875204827424,0.0018206882201472156,0.11532759383046792,10.45145264910136,17.289229328686243,6.837776679584883,29088,29576,1387,988,488,-399
699,CE-699 San Gregorio - Felipe Carrillo Puerto,19.346895,-99.163868,19,0.3476994303846854,0.3731110359715973,0.007490831534319973,0.03199209301115822,4.03623169558093,5.415064894530133,1.3788331989492029,4678,4787,125,60,109,-65
491,CE-491 Colegio Salesiano - Lago Catemaco,19.44946,-99.17666,23,0.062475615782765885,0.23440060342809582,0.0067625562462610865,0.10346711056779463,5.9139334668504695,11.104273415351003,5.190339948500533,10938,9692,543,1703,-1246,1160
627,CE-627 San Borja - Av. Universidad,19.382606,-99.156592,31,0.012744817541030509,0.07085078159544307,0.0,0.0,4.05610320701225,8.16198923192967,4.105886024917419,15615,14844,88,801,-771,713
621,CE-621 Lago Poniente - Calzada de Tlalpan,19.379458,-99.140943,26,0.0009623637735063854,0.025411605586911853,0.01792077405259188,0.16214529091996774,11.577600332925845,16.19894920279866,4.621348869872812,33708,34210,993,529,502,-464
605,CE-605 5 de Febrero - Alfonso XIII,19.395063,-99.139476,27,0.017114469269383828,0.04263011418316123,0.0032512289645485995,0.03802637396936042,8.478164746274091,11.579134912997112,3.1009701667230214,10353,10564,570,405,211,-165
674,CE-674 Silvestre Revueltas - Macedonio Alcalá,19.361846,-99.186814,27,0.0,0.4068978073711863,0.0,0.4465628007386792,1.3279579681119462,25.794964496579706,24.46700652846776,8131,4940,35,2359,-3191,2324
528,CE-528 Tlatilco - Av. Jardín,19.464964,-99.160455,27,0.01924727547012771,0.042838192836892344,0.0022108356958930476,0.018154862538039378,7.9837698650089735,10.25929201238068,2.2755221473717064,10599,10805,560,401,206,-159
598,CE-598 Palenque - Cumbres de Maltrata,19.3931,-99.152012,31,0.0,0.04510104819621817,0.00010403932686555518,0.010742060498868573,7.508310141233387,11.485577548313262,3.9772674070798764,12606,12280,269,602,-326,333
671,CE-671 Plateros - Jose María Velasco,19.364577,-99.186288,36,0.0,0.2818685463105054,0.0,0.0012744817541030509,2.1798059666553957,16.79168725778344,14.611881291128046,8578,6430,101,1756,-2148,1655
583,CE-583 Ángel del Campo - 5 de Febrero,19.408087,-99.137763,35,0.009077431269019689,0.021926288136915755,0.0,0.028116628085416286,10.214138944521029,14.976435092464952,4.762296147943923,8310,9401,964,97,1091,-867
493,CE-493 Lago Tláhuac - Laguna de Guzmán,19.445916,-99.170401,19,0.0005201966343277759,0.04543917600853122,0.04013317033838791,0.26821338465940125,8.289593466330272,13.551018284911697,5.261424818581424,14929,14335,696,1291,-594,595
572,CE-572 Manuel J. Othón - José T. Cuellar,19.414677,-99.136894,27,0.005071917184695815,0.03794834447421125,0.0067365464145446976,0.12081566832262595,10.223242385621765,14.863812521132989,4.640570135511223,11722,12403,931,349,681,-582
596,CE-596 Cumbres de Maltrata - Uxmal,19.395205,-99.155049,27,0.00020807865373111036,0.033318594428694046,0.00031211798059666555,0.0591983769865009,7.025827762894374,13.894478112726611,6.868650349832237,28364,28468,557,446,104,-111
186,CE-186 Gob. Gregorio V. Gelati-Gral. Francisco Molinos del Campo,19.412438,-99.188493,15,0.00026009831716388793,0.055557000546206464,0.002705022498504435,0.5803573750877832,4.968215985642573,17.86011912502926,12.891903139386688,26145,24389,145,1755,-1756,1610
442,CE-442  Real de Mayorazgo - Avenida México - Coyoacán,19.359863,-99.165065,23,0.04947069992457149,0.19348713813821625,0.0021328062007438813,0.009337529586183578,4.028272687075715,6.343459827814914,2.3151871407391993,9277,9139,153,237,-138,84
570,CE-570 Alfredo Chavero - Simón Bolívar,19.417595,-99.140972,27,0.007386792207454418,0.045517205503680394,0.02057377688766354,0.19809087835201705,10.745337737664837,15.783025983821885,5.037688246157048,14364,15099,1444,786,735,-658
647,CE-647 Antillas - Nevado,19.359256,-99.144433,23,0.008349155980960803,0.021510130829453532,0.00013004915858194396,0.09582022004317632,8.722787213566729,13.00834915598096,4.285561942414232,6984,7964,864,80,980,-784
608,CE-608 Ahorro Postal - Francisco Márquez,19.3884304,-99.1397718,51,0.0047077795406663715,0.02528155642832991,0.0,0.007880979010065806,10.641454469789581,16.124066897287175,5.482612427497594,26101,27527,1504,259,1426,-1245
698,CE-698 Cerrada Zamora - Av. Miguel Ángel de Quevedo,19.3447824,-99.1635837,15,0.020911904699976593,0.04458085156189039,0.012666788045881344,0.05592113819023591,5.872915962233725,7.198194917678882,1.3252789554451583,8345,8487,169,57,142,-112
610,CE-610  Av. Víctor Hugo - Av. Niños Héroes de Chapultepec,19.387174,-99.143708,31,0.0067365464145446976,0.05880822951075507,0.01165240460894218,0.19132832210575598,11.10674434936406,17.421177204983483,6.314432855619424,14191,16102,2092,323,1911,-1769
641,CE-641 Sevilla - Av. Presidentes,19.368156,-99.151883,23,0.008037038000364137,0.05797591489583062,0.011548365282076626,0.1007620880692902,7.845137461960621,11.51736156267069,3.672224100710068,14262,14590,701,396,328,-305
534,CE-534 Tlatilco - Jazmín,19.4587727,-99.1644993,27,0.0005982261294769423,0.06003069160142534,0.0032252191328322106,0.029391109839519338,8.429084193825267,11.901344708299737,3.4722605144744714,9644,9592,481,551,-52,70
574,CE-574 José María Roa Bárcenas - Simón Bolívar,19.411768,-99.140899,15,0.002392904517907769,0.05074518167867454,0.08960387026295939,0.32814003693396104,8.036829921710407,11.194345462584858,3.1575155408744506,6788,6825,474,461,37,-13
616,CE-616 Petén - Eje 5 Sur,19.384965,-99.1535881,23,0.0,0.06900408354357947,0.0,0.0027570421619372123,4.776913673368533,8.52628293494941,3.7493692615808776,10304,10095,92,294,-209,202
646,CE-646  Rumania - Av. Popocatépetl,19.360545,-99.147501,27,0.007906988841782195,0.03128982755481572,0.004005514084323874,0.12224620906702734,10.146227273909538,15.910734257549354,5.764506983639816,9313,10877,1511,177,1564,-1334
489,CE-489 Lago Chalco - Laguna Tamiahua,19.446383,-99.17598,27,0.00020807865373111036,0.053684292662626476,0.01357713215595495,0.13876245220693423,8.479231149374463,15.882565609800505,7.403334460426041,22598,22169,1488,1962,-429,474
614,CE-614 Torres Adalid - Av. Cuauhtémoc,19.389293,-99.156348,27,0.04086144562644679,0.07982417353759722,0.0,0.0,4.719666033760761,6.422997893203631,1.7033318594428695,14897,14445,116,567,-452,451
632,CE-632 Victor Hugo - Sevilla,19.370891,-99.151577,27,0.0031992093011158217,0.053840351652924806,0.0019507373787291597,0.05207168309621037,7.55726064452363,11.520794860457253,3.963534215933623,13707,14091,759,411,384,-348
625,CE-625 Zempoala - Angel Urraza,19.379442,-99.150064,19,0.006632507087679143,0.04221395687569902,0.045023018701069006,0.21091372538819675,8.775743230941297,11.827918953364371,3.052175722423076,18409,18661,676,464,252,-212
581,CE-581 José María Roa Bárcenas - San Antonio Abad,19.411398,-99.135655,27,0.015189741722371057,0.03170598486227794,0.005253986006710536,0.04361848778838401,9.074440138372305,12.856425728925533,3.781985590553229,7049,7790,744,191,741,-553
513,CE-513 Av. Aquiles Serdán - Av. Invierno,19.469578,-99.189828,39,0.014981663068639945,0.10338908107264547,0.0,0.0009363539417899966,5.105599916768538,10.131973886128957,5.026373969360418,20058,19670,820,1148,-388,328
197,CE-197 Presa Falcón - Miguel De Cervantes Saavedra,19.440924618966452,-99.20504942541811,31,0.007412802039170807,0.1950217182094832,0.015059692563789112,0.21598564257289254,8.299789320363097,16.832990870549068,8.53320155018597,36035,37371,4556,3218,1336,-1338
576,CE-576 Doctor Arce - Jose Maria Vertiz,19.413464371675584,-99.14802946153031,27,0.00018206882201472156,0.02353889770333186,0.010221863864540796,0.24665123416651494,11.621478919031395,17.991546804692174,6.37006788566078,23028,24498,1878,513,1470,-1365
520,CE-520 Salónica - Eje 3 Norte Camarones,19.470699086375355,-99.17832344770432,33,0.00018206882201472156,0.03282440762608266,0.023825005852212137,0.25206127916352383,13.090150076729003,20.872031627955366,7.7818815512263635,16590,18544,2725,890,1954,-1835
606,CE-606 Alfonso XIII - Aragón,19.394974,-99.138949,27,0.012484719223866621,0.05030301453949593,0.00015605899029833277,0.019325304965276874,7.674434936405961,10.943584675007152,3.2691497386011914,11740,12003,596,402,263,-194
566,CE-566 Dr. Jiménez - Dr. García Diego,19.416239,-99.149542,23,0.00013004915858194396,0.03201810284287461,0.045491195671964,0.39035555439956304,10.529222045933363,19.073061617291337,8.543839571357973,22674,21694,1498,2539,-980,1041
565,CE-565 Dr. Martinez del Rio - Dr. Lucio,19.4176712000745,-99.15278613567352,23,0.005878221967903868,0.032070122506307384,0.0034593076182797096,0.05891226883762062,7.804588134314771,11.414102530756626,3.6095143964418552,21275,20616,559,1212,-659,653
587,CE-587 Jose Toribio Medina - Marcelino Davalos,19.404668302672064,-99.13694635033607,27,0.020157619580201316,0.041095534111894295,0.0,0.0034853174499960985,6.633755559601529,8.530990714490077,1.8972351548885478,7981,8003,153,134,22,-19
586,CE-586 Bernardo Couto-Juan E. Hernández y Davalos,19.40632606093993,-99.13877864484675,27,0.003407287954846932,0.022108356958930476,0.0,0.005540094155590813,7.239472520612791,10.104819621817047,2.865347101204255,9090,9301,295,120,211,-175
526,CE-526 Toronjil - Mejorana,19.466952,-99.162928,19,0.02093791453169298,0.04910656228054205,0.010481962181704685,0.07969412437901527,7.9713111556168235,10.086352641298411,2.1150414856815876,6497,6653,377,259,156,-118
547,CE-547 Dr. Enrique González Martínez - Salvador Díaz Mirón,19.447481,-99.155443,31,0.0,0.16302962519832498,0.01381122064140245,0.41545504200587824,9.190496007490832,26.973704060134732,17.7832080526439,18335,23975,10254,4809,5640,-5445
488,CE-488 Huetzin - Cuitláhuac,19.444812,-99.170307,31,0.004499700886935262,0.09545608239914688,0.0,0.024085104169376023,6.7761073685853255,11.939163003615366,5.163055635030041,9745,9469,1064,1337,-276,273
683,CE-683 Pedro Luis Ogazón-Insurgentes Sur,19.35038263626101,-99.18722301721573,27,0.01838895102348688,0.16864774884906494,0.0,0.0031992093011158217,4.168257601373319,7.535282336723282,3.3670247353499625,13986,13616,214,466,-370,252
582,CE-582 Antonio Solis-San Antonio Abad,19.40948,-99.135894,19,0.0010403932686555517,0.029209041017504617,0.031185788227950165,0.17972793716024657,9.245220693422114,12.310973548001144,3.065752854579031,17947,18302,469,158,355,-311
522,CE-522 Prol. Nueces - Av. Cuitlahuac,19.470597,-99.1700529,27,0.006242359611933311,0.03750617733503264,0.016542252971623275,0.10690040835435795,9.986500897339194,13.853616667100164,3.8671157697609697,12614,13415,1318,577,801,-741
523,CE-523 Toronjil - Av. Cuitlahuac,19.471112,-99.165294,19,0.0,0.023200769891018803,0.057507737924935624,0.38010768070330586,10.652820766249642,15.08549431685177,4.432673550602128,16922,17382,893,486,460,-407
508,CE-508 Libertad-C. José Sánchez Trujillo,19.462364,-99.183671,19,0.0,0.06237157645590033,0.009623637735063854,0.11553567248419903,7.174786069134132,11.24207350378443,4.067287434650297,7078,6868,368,584,-210,216
515,CE-515 Tebas-C. Salónica,19.469621805880028,-99.18408215045929,19,0.017088459437667437,0.06793768044320753,0.002288865191042214,0.11085390277524905,5.296668140557131,10.790308736702473,5.493640596145343,7793,7449,501,813,-344,312
532,CE-532  Av. Biólogo Maximino Martínez - Camarones,19.4608358,-99.1711512,21,0.03820844279137514,0.08674278877415663,0.0,0.023226779722735194,6.222930267641169,8.514422451686738,2.2914921840455693,9745,9320,217,600,-425,383
509,CE-509  Juárez - Venecia,19.459686,-99.1817781,23,0.025567664577210186,0.08559835617863552,0.0,0.0024969438447733244,5.042734153510027,7.678544489817151,2.635810336307124,8696,7953,244,895,-743,651
533,CE-533  Av Plan de San Luis - Eulalia Gúzman,19.4604943,-99.1672704,23,0.008453195307826358,0.04192784872681874,0.024865399120867687,0.15998647488750747,9.668790802923505,13.569875412906079,3.9010846099825733,15506,15986,935,538,480,-397
440,CE-440  Martin Mendalde - M. López Cotilla,19.3617925,-99.1714707,27,0.00366738627201082,0.14659141155356725,0.0,0.00884334278357219,2.8802767446094624,7.236793507946004,4.356516763336542,17638,15998,173,1714,-1640,1541
676,CE-676  Ricardo Palmerín - Abundio Martínez,19.3582358,-99.1881061,19,0.00020807865373111036,0.16638489348973912,0.0,0.03370874190443988,2.3009597627903347,9.276172393164616,6.975212630374282,5890,4362,22,1260,-1528,1238
680,CE-680  Diego Becerra - Av. Revolución,19.366701,-99.188228,27,0.013707181314536895,0.25546856711837074,0.0,0.0037714255988763753,1.9824953832548704,9.166514942648321,7.184019559393451,8383,5269,32,2828,-3114,2796
675,CE-675 Manuel Castro Padilla - Av. Revolución,19.3625257,-99.1889584,35,0.0,0.20269461856581789,0.0,0.4206049886857232,2.169297994641975,33.948344474211254,31.779046479569278,30579,23786,151,5926,-6793,5775
529,CE-529  Av Plan de San Luis - Calle Clavelinas,19.465541,-99.166726,19,7.802949514916639e-05,0.027882539599968788,0.04156371108278929,0.21075766639789842,9.077405259187973,12.442635316149504,3.3652300569615314,10933,11184,417,234,251,-183
677,CE-677  Juan Pablo II - Av. de los Insurgentes Sur,19.35904,-99.184498,35,0.0003901474757458319,0.2655603818243296,0.0,0.020443727729081592,3.0296772179883997,16.624912216817957,13.595234998829557,9097,7630,200,1289,-1467,1089
511,CE-511 Palestina - Egipto,19.463941,-99.18228,27,0.00044216713917860954,0.0341248992119021,0.00015605899029833277,0.01794678388430827,7.2970582880328765,12.09485785626967,4.797799568236793,15058,15294,819,675,236,-144
682,CE-682 Manuel M. Ponce - Fernando M. Villalpando,19.353534,-99.189548,23,0.029313080344370173,0.17790724894009935,0.0,0.01422737794886467,3.1185528129633,9.065362707103285,5.946809894139985,8480,7369,132,1008,-1111,876
681,CE-681 Guty Cárdenas - Ricardo Castro,19.355844,-99.189141,19,0.03004135563242906,0.3277238796264988,0.0,0.002314875022758603,2.223372434780347,6.113194787629724,3.889822352849377,4406,3547,48,637,-859,589
711,CE-711 Molino del Rey - Av. Constituyentes,19.414108,-99.191983,39,0.011054178479465238,0.12060758966889484,0.0,0.11400109241293209,3.5007152703722006,21.33901214659141,17.83829687621921,24236,15715,55,7954,-8521,7899
505,CE-505 Mar Negro - Mariano Escobedo,19.455319,-99.181368,23,0.000754285119775275,0.14607121491923947,0.0,0.05529690222904258,5.230707207324369,10.729003563346945,5.498296356022577,16368,14474,178,1948,-1894,1770
524,CE-524 Malvón - Juan Sarabia,19.468119,-99.167268,23,0.009207480427601633,0.05290399771113481,0.014695554919759669,0.06772960178947642,7.615158529924312,10.69396832002497,3.078809790100658,7829,8041,562,370,212,-192
260,CE-260 Av. Juárez-Balderas,19.4353114,-99.1477856,21,0.00018206882201472156,0.05899029833276979,0.006788566077977475,0.4978021692199652,7.450542304991287,20.109657450516295,12.659115145525009,36469,43160,7361,886,6691,-6475
