station,obs_out,obs_in,dem_out_est,dem_in_est,perd_ret_min,perd_ret_max,perd_dev_min,perd_dev_max,exp_out_h,horas_total,name,lat,lon,cap,obs_out_dia,obs_in_dia,dem_out_est_dia,dem_in_est_dia,perd_ret_min_dia,perd_ret_max_dia,perd_dev_min_dia,perd_dev_max_dia,cobertura_evidencia
001,58363,59518,55538.2231287696,55006.524061275544,0.0,2652.388209998017,0.0,6248.559967567937,6286.333333333333,6552.0,CE-001 Río Sena-Río Balsas,19.4337846,-99.1679872,35,213.78388278388277,218.01465201465203,203.4367147573978,201.48909912555143,0.0,9.715707728930465,0.0,22.888498049699404,0.9594525844525844
002,24808,23759,26190.015159360315,23422.98399736321,149.89034089173015,2793.468446623619,38.47667619726643,1409.4748717636987,5978.666666666666,6552.0,CE-002 Río Guadalquivir - Río Nazas,19.430495377066244,-99.17115971451493,23,90.87179487179488,87.02930402930403,95.9341214628583,85.79847618081763,0.5490488677352753,10.232485152467468,0.14094020585079278,5.162911618182046,0.9124949124949124
003,30072,28372,30423.752177633858,27215.817410079708,9.766622687022775,2206.6504583352607,1.3927067483954336,546.013264863412,5916.333333333333,6552.0,CE-003 Reforma - Insurgentes,19.43163,-99.158547,31,110.15384615384616,103.92673992673993,111.44231566898848,99.69163886476083,0.0357751746777391,8.082968711850771,0.005101489920862394,2.0000485892432676,0.9029812779812779
004,30995,33761,30820.53947533887,33392.18926961176,20.6056564405575,1535.5095378405624,342.64104924809885,12082.30645637289,6174.0,6552.0,CE-004 Río Nilo - Río Panuco,19.428491,-99.171693,19,113.53479853479854,123.66666666666667,112.89574899391526,122.31571161029947,0.07547859502035714,5.624577061687042,1.2550954184912047,44.2575328072267,0.9423076923076923
005,35994,36902,35644.36206329997,35191.09611493715,5.648320491722374,2404.261804194368,262.3133483579924,9243.339283513862,5960.5,6552.0,CE-005 Río Pánuco Río Tiber,19.4298428,-99.1693702,23,131.84615384615384,135.17216117216117,130.56542880329658,128.90511397412877,0.020689818650997706,8.806819795583765,0.9608547558900822,33.85838565389693,0.9097222222222222
006,35319,33388,35171.366461427344,32377.175600572566,8.43361107188615,2501.4667487648326,228.15811619043527,6184.903410177924,6128.666666666666,6552.0,CE-006 Río Pánuco - Río Sena,19.430963,-99.166986,15,129.37362637362637,122.3003663003663,128.83284418105254,118.59771282261013,0.030892348248667215,9.162881863607446,0.8357440153495798,22.655323846805583,0.9353886853886852
007,46858,49475,45241.7659499249,43010.61175402687,0.0,2771.774826853808,686.7104834557686,18500.240514387548,6059.0,6552.0,CE-007 Río Elba - Río Lerma,19.42528,-99.175106,23,171.64102564102564,181.22710622710622,165.7207543953293,157.5480284030288,0.0,10.153021343786843,2.5154230163214963,67.76644877065036,0.9247557997557998
008,20589,19896,22192.33288441052,20038.962677415333,62.99091142501387,2242.8275815459906,38.51755661445831,1352.0428447008994,5664.5,6552.0,CE-008 Reforma - General Prim,19.431256,-99.158153,17,75.41758241758242,72.87912087912088,81.29059664619238,73.40279369016605,0.23073593928576508,8.21548564668861,0.14108995096871174,4.952537892677287,0.8645451770451771
009,23283,23741,24530.842433130518,23991.619736247252,327.8289734425757,2333.574010148731,465.8180310562636,3172.057820514717,5608.333333333333,6552.0,CE-009 Río Guadalquivir - Río Lerma,19.428184,-99.170013,19,85.28571428571429,86.96336996336996,89.85656568912277,87.88139097526467,1.2008387305588855,8.547890147064948,1.7062931540522475,11.619259415804825,0.855972730972731
010,45712,44939,44267.23144606569,42149.447747613165,5.321333525020763,2690.0506089156256,47.53963483922325,5960.294968559549,5881.5,6552.0,CE-010 Reforma - Ramírez,19.433431,-99.155142,27,167.44322344322345,164.6117216117216,162.15103093796958,154.3935814930885,0.019492064194215248,9.85366523412317,0.1741378565539313,21.83258230241593,0.8976648351648352
011,25900,25890,26558.900761098022,25975.635730300637,37.38953875172479,1719.0428870536266,480.7138204754388,7341.879345693924,6023.333333333333,6552.0,CE-011 Río Amazonas - Río Lerma,19.431192,-99.163546,15,94.87179487179488,94.83516483516483,97.28535077325283,95.14884882894006,0.13695801740558533,6.296860392137827,1.7608564852580175,26.89333093660778,0.9193121693121693
012,25337,25285,26272.13747631812,24857.289896888367,22.156442762809984,2095.9109193725353,107.50073739246395,1852.8237267020954,6013.5,6552.0,CE-012 Río Lerma - Villalongín,19.432223,-99.161686,15,92.80952380952381,92.61904761904762,96.23493581068908,91.05234394464604,0.08115913099930397,7.677329374990972,0.3937755948441903,6.786900097809873,0.9178113553113553
013,20871,20420,22571.087942531183,20066.752815114072,51.41248855033482,3654.4823802296582,188.99531070569327,4674.406541425949,5054.333333333333,6552.0,CE-013 Reforma - Río Mississippi,19.424941,-99.17233,28,76.45054945054945,74.7985347985348,82.67797781146953,73.50458906635191,0.18832413388401034,13.386382345163584,0.6922905154054698,17.122368283611536,0.7714183964183964
014,60414,74685,56533.40920967171,46384.222202565674,0.0,2715.449978014772,60.44977248468898,21468.429979966415,5851.166666666666,6552.0,CE-014 Reforma - Río de Plata,19.42454,-99.173247,39,221.2967032967033,273.57142857142856,207.0820850171125,169.9055758335739,0.0,9.946703216171326,0.22142773803915378,78.63893765555463,0.8930352055352054
015,39944,42469,39306.76775003105,36386.121220524874,1.2826487716571364,3720.7750446443993,572.5456057373456,13738.922553577557,5458.333333333333,6552.0,CE-015 Reforma - Río Mississippi,19.425597,-99.171409,23,146.3150183150183,155.56410256410257,143.98083424919798,133.28249531327793,0.00469834714892724,13.629212617745052,2.097236651052548,50.32572363947823,0.833078958078958
016,38706,37855,37905.78600626284,34882.87895417573,27.409313304985268,3361.775227260566,131.90508541102378,9320.438275158089,5519.5,6552.0,CE-016 Reforma - Río Tiber,19.4267528,-99.16861944,31,141.78021978021977,138.66300366300365,138.84903298997378,127.77611338525908,0.10040041503657607,12.314194971650426,0.48316881102939113,34.140799542703625,0.8424145299145299
017,45195,47616,43689.22423681064,40969.85328779395,36.01289578828239,3063.5448134604326,368.53881986987244,19397.030858879694,5748.0,6552.0,CE-017 Reforma - Río Tiber,19.427553,-99.167396,27,165.54945054945054,174.41758241758242,160.03378841322578,150.0727226659119,0.1319153691878476,11.221775873481437,1.34995904714239,71.0513950874714,0.8772893772893773
018,57918,61461,54848.56245806969,53184.80277772844,0.0,2224.5218887139918,44.00438793532022,17124.263452308533,5907.5,6552.0,CE-018 Reforma - Río Rhin,19.428802,-99.164381,39,212.15384615384616,225.13186813186815,200.91048519439445,194.81612739094666,0.0,8.148431826791178,0.16118823419531214,62.726239752045906,0.9016330891330891
019,43856,38293,43043.04532269634,35472.65138162051,0.0,4140.19370583593,40.04309834433944,6049.659958304226,5337.666666666666,6552.0,CE-019 Reforma - Río Rhin,19.429453,-99.16283,31,160.64468864468864,140.26739926739927,157.66683268386936,129.93645194732787,0.0,15.165544710021722,0.1466780159133313,22.159926587194967,0.8146621896621896
020,35655,34733,35317.5089659546,33062.734145252354,0.0,2503.2486857230974,8.152931653764377,4288.980906485454,5843.5,6552.0,CE-020 Reforma- Río Támesis,19.43086152710901,-99.16025899353372,23,130.6043956043956,127.22710622710623,129.3681647104564,121.10891628297566,0.0,9.16940910521281,0.029864218511957422,15.71055277100899,0.8918650793650794
021,22177,17326,23320.264973573947,17592.2071774321,51.849624867098825,3184.111768567993,73.0144944503101,2153.952033740686,5353.5,6552.0,CE-021 Reforma - Dublín,19.424809702659765,-99.1717654466629,25,81.23443223443223,63.46520146520147,85.4222160204174,64.44031933125312,0.1899253658135488,11.66341307167763,0.26745236062384653,7.889934189526323,0.8170787545787546
022,19698,14791,21974.307075750363,15386.232375174372,30.97705339706285,4572.995060653231,71.50126688038175,1057.6926230100237,5110.666666666666,6552.0,CE-022 Reforma - Manchester,19.424784,-99.172119,35,72.15384615384616,54.17948717948718,80.49196731044088,56.359825550089276,0.11346906006250128,16.750897658070443,0.2619094024922408,3.8743319524176694,0.7800162800162799
023,27914,29121,28635.584863926117,27678.090027277973,20.193431727255764,2977.511356710402,65.72172703878863,3503.0305169820726,5540.5,6552.0,CE-023 Reforma - Praga,19.42528,-99.171099,36,102.24908424908425,106.67032967032966,104.89225224881362,101.38494515486437,0.07396861438555224,10.90663500626521,0.24073892688200962,12.831613615318947,0.8456196581196581
024,29320,29938,29950.360527845198,28921.56731506422,21.039244837740064,3436.9505391855105,534.5564482193281,10059.439031610225,5402.833333333333,6552.0,CE-024 Reforma- Florencia,19.426614,-99.168078,19,107.3992673992674,109.66300366300366,109.70828032177728,105.93980701488726,0.07706683090747277,12.589562414598939,1.9580822279096268,36.84776202055028,0.8246082621082621
025,30876,33269,30526.119256386493,33163.34534279027,43.54760613888287,1908.4594022736437,527.8464220485669,11010.158649778512,5816.5,6552.0,CE-025 Reforma - Estocolmo,19.427338,-99.16672,27,113.0989010989011,121.86446886446886,111.81728665343037,121.47745546809624,0.15951504080176876,6.990693781222138,1.9335033774672779,40.33025146439015,0.8877442002442002
026,25539,25558,26288.395630126066,25671.07019000126,64.52871959324308,2219.499786995433,292.93703894056694,4823.121089008789,5600.5,6552.0,CE-026 Reforma - Versalles,19.432595,-99.154995,15,93.54945054945055,93.61904761904762,96.29448948764127,94.03322413919875,0.23636893623898564,8.130035849800121,1.0730294466687433,17.66711021614941,0.8547771672771672
027,77964,79752,72506.56042156625,71687.87101176429,6.860782342808454,2817.7269667339865,23.01331255397091,12613.603924138513,5831.5,6552.0,CE-027 Reforma- Havre,19.42916,-99.162703,43,285.5824175824176,292.13186813186815,265.5917964159936,262.5929341090267,0.02513107085277822,10.321344200490794,0.08429784818304362,46.20367737779675,0.8900335775335775
028,53639,57792,50794.09983879415,53932.953796308044,0.0,1353.4879085039627,167.86724140167496,8978.703318380441,6261.833333333333,6552.0,CE-028 Toledo- Tokio,19.423664,-99.172568,35,196.4798534798535,211.69230769230768,186.05897376847673,197.55660731248366,0.0,4.957831166681182,0.6148983201526556,32.8890231442507,0.9557132682132682
029,52596,58989,49728.711176632205,54885.084932058366,0.0,1079.7280985610248,34.75082428502696,17551.359401875674,6363.0,6552.0,CE-029 Reforma - Bucareli,19.434944,-99.150295,35,192.65934065934067,216.07692307692307,182.15645119645495,201.04426715039693,0.0,3.9550479800770137,0.1272923966484504,64.29069377976437,0.9711538461538461
030,40275,45752,38928.969926648584,42393.735533702886,0.0,1174.3760542690284,67.10990175913204,8002.211717371683,6067.833333333333,6552.0,CE-030 Hamburgo - Amberes,19.426099760030304,-99.16493654251099,36,147.52747252747253,167.5897435897436,142.5969594382732,155.2884085483622,0.0,4.3017437885312395,0.24582381596751665,29.31213083286331,0.9261039886039886
031,55658,56541,52555.80875760738,52322.85569440187,0.0,1254.0206603071247,54.37332728880267,4359.930423756177,6258.833333333333,6552.0,CE-031 Hamburgo - Insurgentes,19.427922277979096,-99.16124593467885,37,203.87545787545787,207.1098901098901,192.51211999123583,191.65881206740613,0.0,4.59348227218727,0.1991696970285812,15.97044111265999,0.9552553927553927
032,46617,47613,44824.94922209961,44585.23959209506,9.353591807718045,1592.0783277782043,23.72028370692962,935.920566422041,6247.333333333333,6552.0,CE-032 Londres - Sevilla,19.42268552552878,-99.16998323054486,35,170.75824175824175,174.4065934065934,164.19395319450408,163.31589594174014,0.034262241053912255,5.831788746440309,0.0868874861059693,3.4282804630843993,0.9535002035002035
033,32242,33498,31856.91074998727,33358.91919540887,55.5707108097782,1359.7572157632405,1151.5196785325872,9164.395502879031,6137.666666666666,6552.0,CE-033 Londres - Florencia,19.424187,-99.166497,17,118.1025641025641,122.7032967032967,116.69198076918414,122.19384320662589,0.2035557172519348,4.980795662136412,4.218020800485667,33.56921429626019,0.9367623117623116
034,32087,31824,32775.39166391271,30815.01854490538,183.85831601237282,3047.76813269919,31.060117204917013,1570.7861259780036,5730.166666666666,6552.0,CE-034 Liverpool - Génova,19.42472751913646,-99.16334755721435,23,117.53479853479854,116.57142857142857,120.05637972129199,112.87552580551421,0.6734736850270067,11.163985834062968,0.11377332309493411,5.753795333252761,0.8745675620675619
035,31508,32191,31612.92580595028,30821.894855761322,8.596793236974435,1951.7253400760294,17.15792493992114,738.4612579607891,5984.0,6552.0,CE-035 Liverpool - Génova,19.424558,-99.163518,41,115.41391941391942,117.91575091575092,115.7982630254589,112.90071375736748,0.03149008511712247,7.149177069875566,0.06284954190447305,2.7049862928966633,0.9133089133089133
036,46174,45282,44135.75627341292,43459.999071183986,5.48270488088719,1118.023696009957,25.669003536902146,6577.108599401661,6369.166666666666,6552.0,CE-036 Puebla - Veracruz,19.41966,-99.17588,31,169.13553113553112,165.86813186813185,161.66943689894842,159.19413579188273,0.020083168061857837,4.095324893809366,0.09402565398132655,24.091972891581175,0.9720950345950345
037,35558,33894,34775.1255053682,32279.47564251311,0.0,1625.4643778125571,62.41420798884712,5306.670422500917,6046.5,6552.0,CE-037 Guadalajara - Puebla,19.4204342,-99.1725775,35,130.24908424908426,124.15384615384616,127.38141210757584,118.23983751836303,0.0,5.954081970009367,0.2286234724866195,19.438353195974056,0.9228479853479854
038,66062,64294,62008.250070067115,57871.45307072705,0.0,1610.3841287113187,21.268133327993493,15850.357487301224,6270.5,6552.0,CE-038 Cozumel - Puebla,19.420862316439543,-99.17145028710365,35,241.98534798534797,235.50915750915752,227.136447143103,211.98334458141778,0.0,5.898842962312522,0.07790525028569045,58.05991753590192,0.9570360195360196
039,25454,25902,26064.162492519903,25633.66053462812,39.00117313423088,1768.4422905465626,239.7524576555666,5246.208053625171,5808.0,6552.0,CE-039 Puebla - Medellín,19.421762,-99.166931,23,93.23809523809524,94.87912087912088,95.47312268322308,93.89619243453524,0.14286144005212778,6.477810588082647,0.878214130606471,19.21687931730832,0.8864468864468864
040,30747,31758,30321.488145382606,31075.25923368697,0.0,892.9772226761762,53.98700713165034,7088.588879049477,6280.0,6552.0,CE-040 Oaxaca - Puebla,19.42235098990008,-99.16417356581859,23,112.62637362637362,116.32967032967034,111.06772214425862,113.82878840178378,0.0,3.270978837641671,0.19775460487784005,25.965527029485266,0.9584859584859585
041,44577,44722,45537.96677882674,39713.56435520173,2.1534564678940296,5863.1592588400845,137.050532614308,2274.8207567470786,5705.666666666666,6552.0,CE-041 Reforma - Av. de la República,19.43542,-99.150317,33,163.28571428571428,163.8168498168498,166.80573911658146,145.47093170403562,0.007888118930014761,21.47677384190507,0.5020166029828131,8.332676764641313,0.8708282458282457
042,24082,24049,24422.660349533402,23910.503081190745,7.597554719028018,957.9912577903074,187.3443632139014,3076.5329240940787,6013.5,6552.0,CE-042 Sinaloa - Valladolid,19.420603,-99.168239,23,88.21245421245422,88.0915750915751,89.46029432063517,87.58426037066207,0.027829870765670395,3.5091254864113823,0.6862430886956096,11.26935137030798,0.9178113553113553
043,54748,62835,51464.495172370174,51564.97573909028,0.0,2031.1945787041489,256.9546187197296,18887.760966109625,6271.0,6552.0,CE-043 Revillagigedo - Juárez,19.4351365,-99.1460756,31,200.54212454212455,230.16483516483515,188.5146343310263,188.88269501498272,0.0,7.44027318206648,0.9412257095960791,69.18593760479716,0.9571123321123322
044,21161,20313,21695.668881282996,20215.321036811445,30.877437172664987,971.4624158821229,53.39752404290153,1424.1526574481659,6046.666666666666,6552.0,CE-044 Durango - Veracruz,19.418222661839696,-99.17461395263672,25,77.51282051282051,74.4065934065934,79.4713145834542,74.04879500663533,0.11310416546763731,3.558470387846604,0.19559532616447448,5.216676400909033,0.9228734228734228
045,41656,44655,39848.16158681008,42042.698725954404,4.088879837283974,1018.4231260944276,0.0,6587.46251290686,6082.0,6552.0,CE-045 Durango - Sonora,19.418749,-99.171942,40,152.58608058608058,163.57142857142858,145.96396185644718,154.0025594357304,0.014977581821553019,3.7304876413715298,0.0,24.129899314677143,0.9282661782661783
046,31938,33974,31206.335458755984,32303.699497596514,0.0,848.321382677075,8.499599126613806,1052.3418008775088,5957.5,6552.0,CE-046 Durango - Salamanca,19.419178,-99.169949,39,116.98901098901099,124.44688644688645,114.30892109434427,118.32856958826562,0.0,3.107404332150458,0.031134062734849106,3.854731871346186,0.9092643467643468
047,45611,48138,43127.508809812025,45513.54238834432,12.370594429507367,864.2269217055614,536.4708221737976,14222.084092538063,6146.5,6552.0,CE-047 Plaza Madrid-Medellín,19.419506460644055,-99.16636526590081,29,167.0732600732601,176.32967032967034,157.9762227465642,166.71627248477773,0.045313532708818195,3.1656663798738514,1.9650945867172074,52.09554612651306,0.9381105006105006
048,24435,24720,25014.255512943935,25212.975653163445,10.602127398851461,1537.4988005230414,1318.2606275367425,7399.262977634596,6145.166666666666,6552.0,CE-048 Independencia - Azueta,19.433705,-99.146665,11,89.50549450549451,90.54945054945055,91.62730957122321,92.35522217275987,0.0388356314976244,5.631863738179638,4.828793507460595,27.103527390602913,0.9379070004070004
049,27886,27385,27896.97072403833,26442.36236951057,67.6359699658302,1220.9309946419667,0.0,74.14040841410733,6134.666666666666,6552.0,CE-049 Mazatlán - Juan de la Barrera,19.41689,-99.17562,39,102.14652014652015,100.31135531135531,102.18670594885835,96.85847021798745,0.24775080573564176,4.472274705648229,0.0,0.2715765875974627,0.9363044363044362
050,20474,20214,21327.328523412358,20309.89154707723,64.89457271133405,1071.6875974160969,11.39937951300598,786.4922318562808,6070.833333333333,6552.0,CE-050 Cuernavaca - Veracruz,19.41682441224743,-99.17378827934954,27,74.99633699633699,74.04395604395604,78.12208250334197,74.39520713215103,0.23770905755067417,3.925595594930758,0.041755968912109816,2.880923926213483,0.926561864061864
051,27367,27974,27396.896542260245,27348.582713542062,15.737359231719742,998.8364245339997,179.56258694551244,4566.719663786069,5895.666666666666,6552.0,CE-051 Colima - Oaxaca,19.418031,-99.168435,27,100.24542124542124,102.46886446886447,100.35493238923166,100.17795865766323,0.05764600451179393,3.6587414818095225,0.6577384137198258,16.727910856359227,0.8998270248270247
052,56318,58588,52659.33412301702,50396.64684006672,1.956935550205789,1311.3423382864094,1923.1835027007135,27440.526232043554,6387.0,6552.0,CE-052 Hidalgo - Trujano,19.436208,-99.141931,19,206.2930402930403,214.6080586080586,192.89133378394513,184.60310197826638,0.007168262088665894,4.803451788594906,7.0446282150209285,100.51474810272364,0.9748168498168498
053,41882,42638,40310.91307539697,41375.98834604287,25.417132075582195,1387.4230365689214,521.1499942775519,6893.757675543213,6344.666666666666,6552.0,CE-053 Fernando Montes de Oca - Tula,19.4148233,-99.1783527,15,153.41391941391942,156.1831501831502,147.65902225420137,151.5603968719519,0.09310304789590548,5.082135665087624,1.9089743380130104,25.251859617374407,0.9683557183557182
054,36230,38092,34906.39641577507,35962.12206171771,0.0,768.9619983521433,12.953566684034534,4803.529746199934,6205.166666666666,6552.0,CE-054 Parque España - Sonora,19.416163,-99.170795,35,132.71062271062272,139.53113553113553,127.862257933242,131.7293848414568,0.0,2.8167106166745173,0.047448962212580714,17.595347055677415,0.9470645095645095
055,18273,21340,19657.89027109518,22642.230000560045,41.759487192968216,1448.8371924405828,1134.3450278555142,9126.438308278017,5794.833333333333,6552.0,CE-055  5 De Mayo - Bolívar,19.434514,-99.138068,15,66.93406593406593,78.16849816849818,72.00692406994571,82.93857143062287,0.15296515455299714,5.307095943005798,4.155109992144741,33.43017695339933,0.8844373219373219
056,47380,48095,44996.10065316428,44365.85694279294,4.382047366282919,800.2365493685319,89.60994724341123,15998.646355762536,6310.333333333333,6552.0,CE-056 Alvaro Obregón - Medellin,19.417102,-99.165607,35,173.55311355311355,176.17216117216117,164.82088151342225,162.51229649374704,0.016051455554149885,2.931269411606344,0.32824156499418033,58.603100204258375,0.9631155881155881
057,16493,16348,18230.67204267533,17539.241507346786,170.88372801651204,1582.103403037015,281.52163924929084,2330.689795330463,6038.666666666666,6552.0,CE-057 Cuernavaca - Juan Escutia,19.414968,-99.174766,11,60.413919413919416,59.88278388278388,66.7790184713382,64.24630588771716,0.6259477216722052,5.7952505605751465,1.0312147957849482,8.537325257620743,0.9216524216524216
058,21208,20800,21774.42793821288,20680.79456403369,24.87659202517363,849.9797362453788,2.854726498846468,632.0541176895289,6123.5,6552.0,CE-058 Parque España - Juan de la Barrera,19.415358,-99.171902,27,77.68498168498168,76.19047619047619,79.75980929748307,75.75382624188165,0.09112304771125872,3.11347888734571,0.010456873622148234,2.3152165483132925,0.9346001221001221
059,38598,41976,37027.73996584896,39607.673367829026,0.0,565.058071493462,12.609059726859648,6104.539234269264,6325.5,6552.0,CE-059 Popocatépetl - Ámsterdam,19.4152434,-99.1667561,35,141.3846153846154,153.75824175824175,135.63274712765187,145.08305262941036,0.0,2.069809785690337,0.04618703196651886,22.36094957607789,0.9654304029304029
060,27547,27278,27788.536186472167,26210.432642101823,26.402524330566898,1749.2316806574606,0.0,18.37277210309525,6141.5,6552.0,CE-060 Mazatlán - Fernando Montes de Oca,19.414099314684794,-99.17715847497675,39,100.9047619047619,99.91941391941391,101.78950984055739,96.00891077692975,0.09671254333540988,6.407442053690332,0.0,0.06729953151316942,0.9373473748473748
061,37871,40966,36342.26118102753,38242.31350680561,14.701489562493066,765.6128720995615,0.0,2286.751802897795,6195.833333333333,6552.0,CE-061 Avenida México - Sonora,19.413832444192096,-99.16939929138606,35,138.7216117216117,150.05860805860806,133.12183582793966,140.0817344571634,0.05385161011902222,2.804442754943449,0.0,8.376380230394854,0.9456400081400081
062,17902,17806,19461.090877450173,18074.443700039315,173.43386668786314,1589.1687259659702,14.812500334282424,279.6119571845837,6008.0,6552.0,CE-062 Fernando Montes de Oca - Amatlan,19.41331637033966,-99.17530506854746,19,65.57509157509158,65.22344322344323,71.28604717014716,66.20675347999749,0.6352888889665317,5.821130864344213,0.0542582429827195,1.0242196233867533,0.9169719169719169
063,23685,24469,23950.661519078298,23820.770486196194,26.062526211612315,755.9427699130175,0.0,65.2197217706028,6101.666666666666,6552.0,CE-063 Nuevo León - Laredo,19.413091238892452,-99.1716201604504,35,86.75824175824175,89.63003663003663,87.73136087574468,87.25556954650621,0.0954671289802649,2.7690211352125185,0.0,0.2389000797457978,0.9312678062678061
064,71243,76128,66052.90841117519,67834.68842923666,0.0,1043.8550003913238,118.72877873778735,25409.74337412345,6344.833333333333,6552.0,CE-064 Sonora - Ámsterdam,19.412967269545486,-99.16692517703268,27,260.96336996337,278.85714285714283,241.95204546218017,248.47871219500607,0.0,3.823644690078109,0.4349039514204665,93.07598305539724,0.9683811558811558
065,19252,21280,19924.047185580304,22125.041335242266,4.166877240399633,643.0318959104023,713.4726758266354,9170.795131772587,6383.5,6552.0,CE-065 Marconi - Tacuba,19.436522,-99.139811,19,70.52014652014653,77.94871794871794,72.98185782263847,81.04410745509988,0.01526328659487045,2.355428190147994,2.6134530250059904,33.592656160339146,0.9742826617826618
066,34305,34543,33653.58401279496,32837.797993139306,138.3813801370817,1397.810349388679,6.672093204885395,144.56814199138674,6320.333333333333,6552.0,CE-066 Mazatlán - Francisco Márquez,19.411825,-99.178456,27,125.65934065934066,126.53113553113553,123.27320151206946,120.2849743338436,0.5068915023336326,5.120184429995161,0.024439901849397053,0.5295536336680833,0.9646418396418396
067,24267,24566,24975.264945485775,24013.9656954159,286.05678914980456,1595.688212569631,13.92659620716026,113.94888139508271,6165.333333333333,6552.0,CE-067 Vicente Suárez - Michoacán,19.411813726946605,-99.17595729242748,23,88.89010989010988,89.98534798534799,91.48448697980137,87.96324430555275,1.0478270664828007,5.845011767654326,0.05101317292000095,0.4173951699453579,0.9409849409849409
068,39494,41427,37947.19113698546,38962.259977158865,35.05699228529106,880.0241038952264,118.52262717834732,3952.7488592926834,6275.0,6552.0,CE-068 Tamaulipas - Michoacán,19.41166825384696,-99.17382381861898,25,144.66666666666666,151.74725274725276,139.00070013547787,142.71890101523394,0.1284138911549123,3.2235315160997304,0.43414881750310375,14.47893355052265,0.9577228327228328
069,26230,26685,26386.36743563327,26513.005456935854,19.826790592858313,1077.6883065853763,139.62953541976938,2868.448202603387,6032.166666666666,6552.0,CE-069 Michoacán - Ámsterdam,19.410797,-99.168143,17,96.08058608058609,97.74725274725274,96.65336057008524,97.11723610599213,0.07262560656724656,3.9475762145984477,0.5114634997061149,10.50713627327248,0.9206603581603581
070,34427,35475,33299.75367104568,33063.17954508864,301.9605863027994,1185.4726699959842,0.0,141.71689091639536,6020.0,6552.0,CE-070 Parque México - Michoacán,19.4113523,-99.1698939,45,126.10622710622711,129.94505494505495,121.97711967416,121.11054778420748,1.106082733709888,4.342390732586023,0.0,0.5191094905362468,0.9188034188034188
071,28111,28753,27811.586132102126,27522.959750847484,232.30181533310596,857.7457260498147,0.0,46.48816678338487,6027.833333333333,6552.0,CE-071 Amsterdam - Michoacan,19.411361,-99.171271,35,102.97069597069597,105.32234432234432,101.87394187583196,100.81670238405671,0.8509224004875676,3.1419257364462077,0.0,0.170286325213864,0.9199989824989825
072,38656,38615,37221.74686890955,36208.5240885761,0.0,1251.9984407084771,0.0,57.16883078139168,6345.0,6552.0,CE-072 Mazatlán - Alfonso Reyes,19.409859,-99.179565,31,141.5970695970696,141.44688644688645,136.3433951242108,132.63195636841064,0.0,4.586074874390026,0.0,0.20940963656187428,0.9684065934065934
073,29485,29663,29293.63222994248,28506.80118640552,82.87435754332394,1180.7594563570938,0.0,111.4959480261578,6224.666666666666,6552.0,CE-073 Campeche - Tamaulipas,19.410073,-99.175542,35,108.00366300366301,108.65567765567765,107.30268216096147,104.42051716632058,0.3035690752502708,4.325126213762248,0.0,0.40841006602988206,0.9500407000407
074,42632,44388,40535.8642189863,41687.03248773601,13.282689856116578,579.1116908574999,0.0,1548.880111509113,6327.833333333333,6552.0,CE-074 Nuevo León - Ozulama,19.410468,-99.172802,35,156.16117216117217,162.5934065934066,148.48301911716595,152.6997527023297,0.048654541597496624,2.121288244899267,0.0,5.673553522011403,0.9657865282865282
075,24925,24375,25208.730686113588,23560.824876069135,214.72457158995084,1349.8628810417774,0.0,4.892439688578769,6119.5,6552.0,CE-075 Alfonso Reyes - Atlixco,19.408740687234836,-99.17677424853537,33,91.3003663003663,89.28571428571429,92.33967284290691,86.30338782442907,0.7865368922708822,4.9445526778087086,0.0,0.01792102450028853,0.9339896214896215
076,26107,25316,26630.00234127496,24915.18711871562,39.507076076865594,1644.7230423490546,17.189467441473436,1291.5287262095299,6214.333333333333,6552.0,CE-076 Chilpancingo - Campeche,19.4087182,-99.1699442,19,95.63003663003663,92.73260073260073,97.54579612188631,91.264421680277,0.14471456438412306,6.024626528751115,0.0629650822031994,4.730874454979963,0.9484635734635735
077,30782,29429,30798.745465394117,29479.680809012276,20.09349988825859,2098.1083525828453,257.01500319752256,11203.746025760682,6238.166666666666,6552.0,CE-077 Choapan - Tamaulipas,19.406745,-99.178272,15,112.75457875457876,107.7985347985348,112.8159174556561,107.98417878759075,0.07360256369325491,7.685378580889544,0.9414468981594233,41.03936273172411,0.9521011396011395
078,20874,18044,21688.268319409523,18161.243213976282,90.46414042243183,1472.2876353542404,1.5117296564105303,247.31585035160433,6225.666666666666,6552.0,CE-078 Benjamín Hill - Tamaulipas,19.407512,-99.177361,35,76.46153846153847,66.0952380952381,79.44420629820338,66.52470041749554,0.3313704777378455,5.392995001297583,0.005537471268903041,0.9059188657567924,0.9501933251933251
079,26458,25812,26369.79499787133,25042.403077354684,43.617383853160455,898.7460471097809,2.280255207777648,306.0787875295768,6291.333333333333,6552.0,CE-079 Saltillo - Alfonso Reyes,19.407548521979454,-99.17434785516434,31,96.91575091575092,94.54945054945055,96.59265566985835,91.73041420276441,0.15977063682476356,3.29211006267319,0.008352583178672704,1.1211677198885597,0.9602157102157102
080,27602,25836,27751.109123948332,25166.617277799218,48.33688712627221,1412.4935982921465,0.0,323.28126883283113,6107.666666666666,6552.0,CE-080 Nuevo León - Aguascalientes,19.407239898913133,-99.17207747708744,35,101.10622710622711,94.63736263736264,101.65241437343711,92.18541127398981,0.1770581946017297,5.173969224513358,0.0,1.1841804719151323,0.932183557183557
081,23906,21908,24139.80603030226,21679.73435377559,0.0,690.0924534279445,14.963190397271982,1234.4446420249965,6423.333333333333,6552.0,CE-081 Aguascalientes - Insurgentes,19.407927,-99.168734,27,87.56776556776556,80.24908424908425,88.4241979131951,79.41294635082635,0.0,2.5278111847177454,0.0548102212354285,4.521775245512807,0.9803622303622304
082,27637,28216,28395.364459823784,28115.98915478451,0.0,2244.894767388926,1829.9694388216096,7231.476166117206,5866.5,6552.0,CE-082 Independencia - Marroquí,19.433344,-99.14404,11,101.23443223443223,103.35531135531136,104.01232402865855,102.98897126294693,0.0,8.223057756003392,6.703184757588313,26.48892368541101,0.8953754578754579
083,20028,18615,21197.533710799195,19073.819196092307,28.114072563712604,1716.3330033398704,50.01730346676779,2151.888649543204,5800.333333333333,6552.0,CE-083 Alfonso Reyes - Nuevo León,19.40655,-99.172275,15,73.36263736263736,68.18681318681318,77.64664362930108,69.8674695827557,0.10298195078283005,6.286934078168024,0.18321356581233625,7.882376005652762,0.8852767602767603
084,24796,23056,36300.160808318666,22201.14962277714,54.20977498375325,13782.955328954422,0.0,2239.1421956615836,4092.833333333333,6552.0,CE-084 Chilpancingo - Tlaxcala,19.406872,-99.169572,19,90.82783882783883,84.45421245421245,132.9676220084933,81.32289239112505,0.1985706043360925,50.4870158569759,0.0,8.201986064694445,0.6246693121693121
085,28859,28619,28862.29959602614,28238.184170963537,10.590791149458912,1249.9934237487905,206.28188216259568,3378.313803500718,6312.666666666666,6552.0,CE-085 Rosas Moreno - Sullivan,19.434059327049166,-99.16243817658597,15,105.71062271062272,104.83150183150182,105.7227091429529,103.43657205481149,0.03879410677457477,4.57873048992231,0.755611289972878,12.374775836998968,0.9634717134717133
086,43710,43497,42034.52059281523,42047.13309122531,1.4276678856113207,1709.3621960596643,1700.3354152478153,12341.184640611142,6332.666666666666,6552.0,CE-086 Sullivan-Insurgentes,19.432452,-99.15924,17,160.1098901098901,159.32967032967034,153.97260290408508,154.01880253196086,0.005229552694546963,6.261399985566536,6.228334854387602,45.205804544363154,0.9665242165242164
087,29732,32941,29422.556843362025,32425.108810388163,84.99895096579023,1142.0378642356786,385.4139970070044,4396.100107681834,6138.0,6552.0,CE-087 Gante - Venustiano Carranza,19.432024,-99.139705,25,108.9084249084249,120.66300366300366,107.77493349216859,118.77329234574418,0.31135146873915837,4.183288879984171,1.41177288280954,16.102930797369353,0.9368131868131868
088,13080,15186,14939.61256635532,17015.803792996358,0.0,1129.6940875652742,1157.150733487153,8304.043802625793,5497.666666666666,6552.0,CE-088 2a Cerrada de 5 de Mayo - Palma,19.433757,-99.135331,15,47.91208791208791,55.62637362637363,54.72385555441509,62.32895162269728,0.0,4.13807358082518,4.238647375410817,30.417742866761145,0.839082214082214
089,11200,11414,13211.89403550156,13888.191716906644,33.084173131082046,1089.7200746654546,1652.681366796744,4661.833113707925,5642.166666666666,6552.0,CE-089 República de Guatemala - Monte de Piedad,19.434962,-99.133729,11,41.02564102564103,41.80952380952381,48.39521624725846,50.87249713152617,0.1211874473666009,3.9916486251481853,6.0537779003543735,17.0763117718239,0.8611365486365485
090,6271,6494,10534.726330323912,7975.257915199202,7.007729881657886,2931.2327465081,0.0,140.85567403176785,4316.166666666666,6552.0,CE-090 José María Pino Suárez - Corregidora,19.43144,-99.132513,27,22.97069597069597,23.78754578754579,38.58874113671763,29.213398956773634,0.02566934022585306,10.737116287575457,0.0,0.5159548499332156,0.6587555962555962
091,14241,15019,15658.008500078955,16305.556166359214,53.75309464774459,912.4216521252156,477.00998672761693,3016.153139533082,6255.666666666666,6552.0,CE-091 Republica de Cuba-Allende,19.4374,-99.137571,19,52.16483516483517,55.014652014652015,57.3553424911317,59.72731196468577,0.196897782592471,3.3422038539385186,1.7472893286725895,11.048179998289678,0.9547720797720797
092,19281,20239,20363.849921411143,20409.29681573068,0.0,1305.5615317880254,209.16105326924034,1184.5387252431733,6253.333333333333,6552.0,CE-092 San Ildefonso-República de Argentina,19.436531,-99.131497,23,70.62637362637362,74.13553113553114,74.59285685498587,74.75932899535047,0.0,4.78227667321621,0.7661577042829316,4.338969689535434,0.9544159544159544
093,10681,12765,12847.059868256154,13919.6567316169,34.931990567696324,1182.2829506682713,0.0,1267.1082846625943,6022.666666666666,6552.0,CE-093 Palma Norte-República de Cuba,19.436741,-99.134811,35,39.124542124542124,46.75824175824176,47.05882735624965,50.9877535956663,0.12795600940548105,4.3307067790046565,0.0,4.641422288141371,0.9192104192104191
094,6598,6789,8809.48042457222,8367.5594520237,318.4754191671945,491.8678418279318,84.2541731899931,142.53986409714543,5950.833333333333,6552.0,CE-094 Lic. Verdad-Moneda,19.433766,-99.130918,23,24.168498168498168,24.86813186813187,32.26915906436711,30.650400923163733,1.1665766269860605,1.8017137063294204,0.30862334501828975,0.522124044311888,0.9082468457468457
095,16640,19946,18025.17797280114,20923.52836039437,236.8377652913634,1215.676634316612,579.9926854421245,4943.0823917210055,5775.333333333333,6552.0,CE-095 20 de Noviembre-Venustiano Carranza,19.430682555945197,-99.1337009892004,19,60.95238095238095,73.06227106227107,66.02629294066351,76.6429610270856,0.8675376017998659,4.453027964529714,2.1245153312898335,18.10652890740295,0.8814611314611314
096,33232,35828,32467.479124535203,34305.01077932087,1.3296523831833207,947.6690164717828,30.852743765151033,2593.6840664836163,6403.166666666666,6552.0,CE-096 López-Ayuntamiento,19.430625,-99.14248,35,121.72893772893772,131.23809523809524,118.92849496166741,125.65938014403251,0.004870521550122054,3.471315078651219,0.11301371342546165,9.500674236203723,0.9772842897842897
097,13522,14697,15386.269105768266,15231.106359414,362.1337294605663,1259.0456383813398,28.649596259067888,279.6308544424753,6032.333333333333,6552.0,CE-097 República de Salvador-Pino Suárez,19.429189,-99.132759,27,49.53113553113553,53.83516483516483,56.35996009438925,55.79159838613187,1.326497177511232,4.611888785279633,0.10494357604054172,1.0242888441116311,0.9206857956857957
098,19503,21842,20051.199141473884,21581.636751864873,42.44703902874007,573.7171319366543,0.0,996.7623681873259,6425.5,6552.0,CE-098 Emilio Dondé-Av. Balderas,19.430267,-99.14861,31,71.43956043956044,80.00732600732601,73.44761590283474,79.05361447569551,0.15548365944593434,2.10152795581192,0.0,3.6511442058143806,0.9806929181929182
099,20956,23264,21796.54579062678,23018.004153041038,0.0,1044.281491521816,8.27830851350285,1278.74001493208,6335.666666666666,6552.0,CE-099 Ernesto Pugibet-Luis Moya,19.429947,-99.14591,27,76.76190476190476,85.21611721611721,79.84082707189297,84.31503352762284,0.0,3.8252069286513404,0.030323474408435348,4.684029358725567,0.9669820919820918
100,10823,11247,12891.249465785108,12239.593064474333,132.67300998918753,1142.0819853754208,0.0,486.64915129654514,5826.333333333333,6552.0,CE-100 20 de Noviembre-Mesones,19.428485,-99.1338,23,39.64468864468864,41.1978021978022,47.220694013864865,44.83367422884371,0.4859817215721155,4.183450495880662,0.0,1.7825976237968686,0.8892450142450142
102,12946,12946,14419.37547876174,14078.524773458308,197.29859751826407,647.1320052572836,257.79651425782555,1186.7345904034883,6329.333333333333,6552.0,CE-102 Echeveste-Bolivar,19.428214,-99.139494,15,47.42124542124542,47.42124542124542,52.81822519692945,51.569687814865595,0.7227054854148868,2.3704469057043354,0.944309576035991,4.3470131516611294,0.966015466015466
103,17016,13655,18914.29111878992,14352.429602671411,98.56256739058531,2348.547878678673,0.0,44.896639349455306,6020.666666666666,6552.0,CE-103 Joaquín Velázquez de León - García Icazbalceta,19.441533,-99.165268,31,62.32967032967033,50.01831501831502,69.28311765124512,52.573002207587585,0.3610350453867594,8.602739482339462,0.0,0.16445655439360918,0.9189051689051688
104,10413,9805,12362.920380854295,11671.758564570126,59.9522586428192,959.8875046643659,260.08259416993553,3024.2060776289427,6091.833333333333,6552.0,CE-104 San Jerónimo-Isabel la Católica,19.427059,-99.137116,11,38.142857142857146,35.91575091575091,45.28542264049192,42.753694375714744,0.21960534301398976,3.516071445657018,0.952683495127969,11.077677940032757,0.9297669922669922
105,7549,7125,9909.839216471637,8545.114105372764,7.514587371502012,1014.38941510909,13.36313054004979,151.11631246474946,5964.333333333333,6552.0,CE-105 San Jerónimo-5 de Febrero,19.426755,-99.135014,23,27.652014652014653,26.0989010989011,36.299777349712954,31.300784268764705,0.027525961067772938,3.71571214325674,0.048949196117398494,0.5535396060979834,0.9103072853072852
106,21613,21001,22094.17647627275,20833.61832789931,14.425932122559702,844.9227431492332,60.04637061611905,1207.3407678512524,6354.666666666666,6552.0,CE-106 San Jerónimo-José María Pino Suarez,19.42649,-99.133537,23,79.16849816849818,76.92673992673993,80.93104936363645,76.31362024871541,0.0528422422071784,3.094955103110744,0.21995007551691959,4.422493655132793,0.9698819698819698
107-108,43201,41006,41288.57281006037,38736.50298519696,0.0,686.0477483835838,0.0,856.3450783105814,6475.333333333333,6552.0,CE-107-108 Tolsa-Balderas,19.427305,-99.149533,59,158.24542124542126,150.2051282051282,151.24019344344455,141.89195232672878,0.0,2.512995415324483,0.0,3.136795158646818,0.9882987382987383
109,10787,12007,12486.922792080059,12906.29764247894,45.297199535834736,550.4313354342443,0.0,109.84860164285264,6309.5,6552.0,CE-109 Nezahualcóyotl-Isabel la Católica,19.425311,-99.137421,31,39.51282051282051,43.98168498168498,45.73964392703318,47.275815540215895,0.16592380782357047,2.0162319979276346,0.0,0.4023758301935994,0.9629884004884005
110,17064,17509,18190.56806139647,17788.52312348087,97.39663826349128,768.3156857049011,0.0,45.591971857218994,6365.333333333333,6552.0,CE-110 Dr. Valenzuela-Dr. Río de la loza,19.425126,-99.143391,35,62.505494505494504,64.13553113553114,66.63211744101271,65.1594253607358,0.3567642427234113,2.814343171080224,0.0,0.16700355991655308,0.9715099715099714
111,39681,37211,38993.95382322832,35752.01121404786,40.92017089745519,2712.8657274899647,24.743486417275363,2750.692498490822,6235.666666666666,6552.0,CE-111 Guillermo Prieto - Joaquín Velázquez de León,19.438197,-99.165918,27,145.35164835164835,136.3040293040293,142.83499568948105,130.95974803680534,0.14989073588811427,9.937237097032838,0.09063548138196104,10.075796697768578,0.9517195767195766
112,25811,27360,25750.383580479804,26522.84861726023,0.0,714.6034176984119,49.14959817283925,4047.175099105421,6393.166666666666,6552.0,CE-112 Av. Morelos-Abraham González,19.432819,-99.151734,23,94.54578754578755,100.21978021978022,94.3237493790469,97.15329163831586,0.0,2.6175949366242195,0.1800351581422683,14.82481721284037,0.9757580382580382
113,22917,24784,23772.417384188237,25400.73180307781,115.77476138615836,1428.0479391073716,717.1982378948916,6364.357887338278,5938.166666666666,6552.0,CE-113 General Prim-Versalles,19.430369,-99.154419,15,83.94505494505495,90.78388278388279,87.07845195673347,93.04297363764766,0.4240833750408731,5.230944831895134,2.6270997725087604,23.312666253986364,0.9063135938135938
114,23795,25253,24420.41114338761,24868.516312573764,98.61135742380542,1224.994900567445,114.13337828232036,1231.0152943727644,6183.666666666666,6552.0,CE-114 Lucerna-Abraham González,19.428989,-99.153618,23,87.16117216117216,92.5018315018315,89.45205547028428,91.09346634642404,0.3612137634571627,4.487160807939359,0.41807098271912224,4.509213532500969,0.9437830687830687
115,36961,35294,36194.6625829522,33814.27982477565,64.13482978906627,1537.5567065072569,36.63040865643974,3322.0169241113485,6010.0,6552.0,CE-115 Roma-Dinamarca,19.429924814772583,-99.15965178055556,27,135.3882783882784,129.28205128205127,132.58118162253552,123.86183085998407,0.2349261164434662,5.6320758480119295,0.13417732108585986,12.16856016158003,0.9172771672771672
116,40475,41942,38747.925733572854,40546.55928715092,0.0,758.5045166280246,187.06029793093117,7086.040591097314,6386.0,6552.0,CE-116 Londres-Roma,19.428985,-99.15664,23,148.26007326007326,153.63369963369962,141.93379389587128,148.52219519102903,0.0,2.7784048228132767,0.6852025565235574,25.956192641382103,0.9746642246642246
117,33043,37045,32531.173759827994,35407.42568530789,0.0,1259.430638695063,45.32493066679905,9323.074184660773,5991.0,6552.0,CE-117 Londres-Nápoles,19.427166592327957,-99.16029106826954,31,121.03663003663004,135.6959706959707,119.16180864405858,129.6975299828128,0.0,4.613299042839058,0.16602538705787198,34.1504548888673,0.9143772893772893
118,25460,26054,25819.384887798085,25821.44845066982,21.840358561323967,1091.943779392229,230.2903195157437,5197.499330607629,6082.5,6552.0,CE-118 Liverpool-Dinamarca,19.427171,-99.158108,19,93.26007326007326,95.43589743589743,94.5765014205058,94.58406025886381,0.0800013134114431,3.9997940637077987,0.8435542839404532,19.038459086474834,0.9283424908424909
119,34469,35097,33418.27434823448,33461.416508569375,46.457648137345316,755.8764751204224,22.132312609980204,1905.1236878113555,6429.0,6552.0,CE-119 Turín-Abraham González,19.4268522887659,-99.1556279361248,29,126.26007326007326,128.56043956043956,122.41126134884425,122.56929124018086,0.1701745353016312,2.7687782971444044,0.08107074216109965,6.978475046928042,0.9812271062271062
120,25721,26590,26088.664275711028,26880.47044936333,75.23234241595361,1158.0567426364282,634.9485741591888,4985.318225321906,6182.0,6552.0,CE-120 Marsella-Nápoles,19.425437,-99.159458,15,94.21611721611721,97.3992673992674,95.5628728048023,98.46326171927959,0.2755763458459839,4.241966090243327,2.3258189529640614,18.261238920593062,0.9435286935286935
121,36344,37254,35306.09574143403,36393.295008588066,4.739381614819081,1072.2888737005337,673.836756710332,10270.217206265255,6243.833333333333,6552.0,CE-121 Niza-Chapultepec,19.424178,-99.16115,15,133.12820512820514,136.46153846153845,129.32635802723087,133.308772925231,0.017360372215454507,3.927798072163127,2.468266508096454,37.619843246392875,0.9529660154660154
122,10580,10052,12417.419839743643,11207.850210023691,35.631959945740405,624.1180743175045,0.0,0.0,6333.5,6552.0,CE-122 José María Vértiz-Av. Dr. Río de la Loza,19.425502,-99.146337,31,38.75457875457875,36.82051282051282,45.48505435803532,41.05439637371315,0.1305199998012469,2.2861467923718113,0.0,0.0,0.9666514041514042
123,34072,31547,33446.92391464993,30364.745247467356,62.05745572558205,1302.9687906290635,112.72830641990541,2014.0021430564764,6329.5,6552.0,CE-123 Claudio Bernard-Dr. Lavista,19.424161,-99.153117,27,124.8058608058608,115.55677655677655,122.51620481556752,111.22617306764599,0.2273166876394947,4.772779452853713,0.4129241993403128,7.3772972273131,0.9660409035409036
124,22538,21787,23120.315028508816,21738.063665240345,6.959338015497538,748.2076042685661,0.0,173.7635194015972,6386.0,6552.0,CE-124 Claudio Bernard-Dr. Liceaga,19.422392,-99.150358,35,82.55677655677655,79.8058608058608,84.68979863922644,79.62660683238221,0.025492080642848126,2.740687195122953,0.0,0.6364964080644586,0.9746642246642246
125,26322,25539,26454.73700321868,24789.541812611013,72.08543791136823,1077.2866235954184,0.0,39.20551962253839,6317.666666666666,6552.0,CE-125 Morelia-Circular de Morelia,19.424197,-99.156127,35,96.41758241758242,93.54945054945055,96.90379854658858,90.8041824637766,0.26404922311856494,3.946104848334866,0.0,0.1436099619873201,0.9642348392348391
126,30749,33819,30434.270168259703,32258.615074180478,10.652261371218922,958.8501711671165,19.79966632980078,1320.978702549297,6256.5,6552.0,CE-126 Jalapa-Puebla,19.422288,-99.162138,34,112.63369963369964,123.87912087912088,111.4808431071784,118.16342518014827,0.039019272422047335,3.512271689256837,0.07252625029231055,4.838749826187901,0.9548992673992674
127,19666,20170,20471.169353788384,20025.848518832838,6.847480890509009,910.2497318951614,10.397854382107454,755.8570861096604,6218.833333333333,6552.0,CE-127 Puebla-Merida,19.423318,-99.15833,27,72.03663003663004,73.88278388278388,74.98596832889518,73.35475647924116,0.025082347584282082,3.3342481021800783,0.03808737868903829,2.7687072751269612,0.9491503866503866
128,28943,31500,28505.956483489295,31321.588900745974,4.6865370637463135,638.1112012248282,452.1275733160464,6802.685841660026,6180.0,6552.0,CE-128 Orizaba-Río de Janeiro,19.422148,-99.160645,23,106.01831501831502,115.38461538461539,104.4174230164443,114.73109487452737,0.017166802431305177,2.337403667490213,1.6561449572016351,24.918263156263833,0.9432234432234432
129,26555,28358,26598.867106360813,27519.980133344547,43.99199610109764,897.4352094589922,68.16421274673452,1876.5183436723607,6117.833333333333,6552.0,CE-129 Tonalá-Durango,19.4206,-99.163312,23,97.27106227106228,103.87545787545787,97.4317476423473,100.80578803422911,0.1611428428611635,3.287308459556748,0.24968576097704953,6.873693566565424,0.9337352462352462
130,24914,28867,24799.58994993992,28309.085062760794,0.0,304.2543975361853,64.65698463232778,5256.869240321078,6420.166666666666,6552.0,CE-130 Mérida-Durango,19.421576,-99.158015,23,91.26007326007326,105.73992673992674,90.84098882761876,103.69628228117507,0.0,1.1144849726600194,0.2368387715469882,19.25593128322739,0.9798789173789173
131,30737,36018,30382.629299164048,34288.62056406949,46.33507953715733,1207.5393144416785,322.06023241571427,12555.3290704271,5943.666666666666,6552.0,CE-131 Colima-Jalapa,19.419579,-99.161314,19,112.58974358974359,131.93406593406593,111.29168241452032,125.59934272552927,0.16972556607017336,4.423220932020801,1.1797078110465724,45.99021637519084,0.9071530321530321
132,23207,24898,23668.261494216596,24375.747931989594,10.127243531355216,984.8584554199269,20.274678809141015,2061.057026109508,6181.166666666666,6552.0,CE-132 Colima-Frontera,19.420667,-99.15645,23,85.00732600732601,91.2014652014652,86.69692855024394,89.28845396333185,0.03709613015148431,3.607540129743322,0.07426622274410628,7.5496594362985645,0.9434015059015058
133,30838,32940,30243.263082628226,31238.907271169646,9.115154337495154,895.453539535683,0.0,372.0144505216956,6411.0,6552.0,CE-133 Colima-Morelia,19.421138,-99.154725,35,112.95970695970696,120.65934065934066,110.78118345285064,114.42823176252618,0.033388843727088474,3.2800495953688023,0.0,1.362690294951266,0.9784798534798534
134,53207,61315,50026.777315130064,52982.76114774074,7.296416849650592,1063.693277297174,109.32412493432945,17071.26875179063,6216.166666666666,6552.0,CE-134 Álvaro Obregón-Orizaba,19.418286,-99.159932,31,194.89743589743588,224.5970695970696,183.24826855358998,194.07604816022248,0.026726801647071766,3.89631237105192,0.40045467008911884,62.53211996992905,0.9487433862433862
135,28137,28387,27991.559326298233,27208.518267338924,7.974403960343867,1104.9916053539143,3.581064583182471,181.34005122675535,6351.0,6552.0,CE-135 Álvaro Obregón-Morelia,19.419250969141167,-99.15503863246612,38,103.06593406593407,103.98168498168498,102.53318434541477,99.66490207816456,0.029210270917010502,4.0475882979996864,0.013117452685650077,0.6642492718928767,0.9693223443223443
136,34869,38521,33872.59945068853,35862.986016377654,0.0,1047.5869381012217,153.79329570655491,9912.285517782835,6260.0,6552.0,CE-136 Álvaro Obregón-Tonalá,19.417715,-99.162729,23,127.72527472527473,141.10256410256412,124.07545586332796,131.3662491442405,0.0,3.8373147915795665,0.5633454055185162,36.308738160376684,0.9554334554334555
137,29054,30398,28759.25072780496,29076.503222397892,12.035756060603488,1019.3704713567915,70.39416894824039,1815.9426450028486,6208.0,6552.0,CE-137 Álvaro Obregón-Mérida,19.418782,-99.157081,27,106.42490842490842,111.34798534798534,105.34524076119033,106.5073378109813,0.04408701853700911,3.733957770537698,0.2578540987115033,6.651804560449995,0.9474969474969475
138,20065,21244,21053.165879963697,21061.58771066145,13.998591466906934,1234.1516867372832,0.0,542.9803378904301,6289.166666666666,6552.0,CE-138 Guanajuato-Frontera,19.417702,-99.155313,27,73.4981684981685,77.81684981684981,77.11782373613076,77.14867293282582,0.05127689182017192,4.520702149220817,0.0,1.988938966631612,0.9598850223850223
139,40784,44915,39016.64932764029,42238.695640842634,0.0,826.4391617931428,119.17855807806454,8268.684077688775,6353.833333333333,6552.0,CE-139 Tonalá-Guanajuato,19.416128,-99.162097,23,149.3919413919414,164.52380952380952,142.91812940527578,154.7204968529034,0.0,3.027249676897959,0.4365514947914452,30.288220064794046,0.9697547822547822
140,23519,23390,23943.83938991919,22953.609266603602,184.89073073809885,1007.701708313007,60.55855927656599,1377.4046432973314,6210.0,6552.0,CE-140 Mérida-Zacatecas,19.416596,-99.156879,19,86.15018315018315,85.67765567765568,87.70637139164539,84.07915482272382,0.67725542394908,3.6912150487655935,0.22182622445628566,5.0454382538363785,0.9478021978021978
141,41812,46358,39961.24581495449,42956.52204422623,0.0,903.6071537632021,0.0,4541.664605903944,6227.833333333333,6552.0,CE-141 Zacatecas-Luis Cabrera,19.415905,-99.15954,31,153.15750915750917,169.8095238095238,146.3781897983681,157.34989759789826,0.0,3.3099163141509234,0.0,16.636134087560233,0.950524013024013
142,40261,43691,38411.321391625264,40530.69160486305,13.416470620412456,676.2052005947924,0.0,4621.356241769025,6398.333333333333,6552.0,CE-142 San Luis Potosí-Eje 2 Pte. Monterrey,19.41325186264067,-99.16412428026888,31,147.47619047619048,160.04029304029305,140.7008109583343,148.46407181268518,0.04914458102715186,2.4769421267208513,0.0,16.928044841644777,0.9765466015466014
143,23089,24433,23258.546800694137,24042.436655192272,7.1422472096190015,525.9295764630479,26.11703048265177,1148.7854840607833,6429.666666666666,6552.0,CE-143 Córdoba-San Luis Potosí,19.414303,-99.157542,23,84.57509157509158,89.4981684981685,85.19614212708476,88.06753353550283,0.026162077690912094,1.9264819650661094,0.09566677832473176,4.208005436120086,0.9813288563288562
144,21363,23285,21922.92053757319,23172.2360368411,17.38717214615504,760.9235296552521,19.743221444209,1093.5799743596606,6390.833333333333,6552.0,CE-144 Frontera-San Luis Potosí,19.415192,-99.154837,27,78.25274725274726,85.29304029304029,80.30373823286882,84.87998548293443,0.06368927526064118,2.787265676392865,0.07231949246963003,4.005787451866889,0.9754019129019128
145,37212,38418,35623.40797318589,36384.60088590715,0.992880616900552,545.6037075549262,99.4224346928438,2367.6361861140376,6460.666666666666,6552.0,CE-145 Yucatán-Chiapas,19.41286,-99.160661,27,136.30769230769232,140.72527472527472,130.4886738944538,133.27692632200421,0.0036369253366320587,1.9985483793220742,0.3641847424646293,8.672660022395743,0.986060236060236
146,38001,39009,36574.00910272226,37080.9333859519,26.784010400910187,822.0455834572534,67.9894568073065,4278.670971491072,6386.833333333333,6552.0,CE-146 Coahuila-Manzanillo,19.410699360989387,-99.16587710386011,23,139.1978021978022,142.8901098901099,133.97072931400095,135.82759482033663,0.09810992820846222,3.011155983359903,0.24904562933079302,15.672787441359239,0.9747914122914122
147,21883,22680,22096.249968937187,22120.341699451037,47.74617138959516,546.283291739323,0.0,863.6394811698168,6430.166666666666,6552.0,CE-147 Coahuila-Orizaba,19.412182,-99.158443,27,80.15750915750915,83.07692307692308,80.93864457486148,81.02689267198183,0.17489440069448778,2.001037698678839,0.0,3.163514583039622,0.9814051689051688
148,14031,13123,16965.65237294826,13917.88487378182,1315.289530480619,2890.2000682820135,0.0,75.47029174724588,5369.0,6552.0,CE-148 Coahuila-Av. Cuauhtémoc,19.412829,-99.155116,21,51.395604395604394,48.06959706959707,62.14524678735627,50.98126327392608,4.8179103680608755,10.586813436930452,0.0,0.27644795511811676,0.8194444444444444
149,34799,34603,34197.80901198291,32989.4890810078,6.627374211168989,1332.7557002997457,5.424358567746033,332.4525762984398,6063.166666666666,6552.0,CE-149 Mérida-Antonio M. Anza,19.41199,-99.155699,31,127.46886446886447,126.75091575091575,125.26669967759307,120.84061934435091,0.024276096011608017,4.8818890120869805,0.01986944530309902,1.2177750047561897,0.9253917378917378
150,35441,36912,34164.40424684982,34778.38136516059,0.0,696.7168090971928,1.7410690147212438,2130.6005330937087,6394.166666666666,6552.0,CE-150 Campeche-Medellín,19.4098481,-99.164553,31,129.82051282051282,135.2087912087912,125.1443379005488,127.39333833392158,0.0,2.552076223799241,0.006377542178466094,7.804397557119812,0.9759106634106633
151,31988,34528,31244.99865881066,32947.766553784204,56.34192125667859,872.3495252364052,0.0,1688.5514826256408,6416.166666666666,6552.0,CE-151 Campeche-Tonalá,19.410529,-99.160873,27,117.17216117216117,126.47619047619048,114.45054453776798,120.6877895743011,0.2063806639438776,3.1954195063604582,0.0,6.185170266027988,0.9792684167684167
152,26992,25904,27121.048340312438,25183.325293080172,33.858799156558,1162.726957584486,0.0,0.0,6283.666666666666,6552.0,CE-152 Tlacotalpan-Campeche,19.409098,-99.167181,35,98.87179487179488,94.88644688644689,99.34449941506388,92.24661279516546,0.12402490533537729,4.2590731047050765,0.0,0.0,0.9590455840455839
153,14980,14019,16395.286134860635,14708.423334776473,22.244962379486008,971.6998024236979,0.0,106.49598832311807,6235.166666666666,6552.0,CE-153 Manzanillo-Tlaxcala,19.4074919,-99.1651437,23,54.87179487179487,51.35164835164835,60.05599316798767,53.877008552294775,0.08148337867943593,3.559339935617941,0.0,0.3900951953227768,0.9516432641432641
154,54810,53318,51914.58344897532,49743.7881350883,4.3429891009881265,1494.7143141838094,13.954573321860455,2622.3703588773933,6396.333333333333,6552.0,CE-154 Tuxpan-Tlaxcala,19.406511,-99.1678974,35,200.76923076923077,195.3040293040293,190.16330933690594,182.2116781505066,0.015908384985304492,5.475144007999302,0.05111565319362804,9.605752230320123,0.9762413512413511
155,28741,29699,28346.85506566098,28447.114732490314,4.118939137155429,866.017152909211,0.0,96.70406185468092,6413.0,6552.0,CE-155 Jalapa-Tlaxcala,19.408218,-99.159911,35,105.27838827838828,108.78754578754578,103.83463394015011,104.20188546699748,0.015087689147089484,3.172224003330443,0.0,0.35422733280102897,0.9787851037851037
156,18505,18133,19638.53425663571,18496.493976250025,0.0,1150.9172762580827,36.69597963330111,1072.266077823204,6284.166666666666,6552.0,CE-156 Tepic-Ario,19.406959,-99.163021,19,67.78388278388279,66.42124542124542,71.93602291807953,67.75272518772903,0.0,4.215814198747555,0.13441750781428977,3.9277145707809664,0.9591218966218965
157,16507,14579,18077.39664455526,15171.163140325358,56.84015037758325,1482.9712980529844,0.0,1.255543770596424,6092.0,6552.0,CE-157 Tepic-Tlacotalpan,19.406236,-99.166616,30,60.46520146520147,53.4029304029304,66.21757012657605,55.57202615503794,0.2082056790387665,5.4321292968973784,0.0,0.004599061430756132,0.9297924297924298
158-159,54895,53773,51532.82724061231,49885.28642856924,0.0,730.5195820431354,4.684568953437073,1200.3058633914422,6481.166666666666,6552.0,CE-158-159 Huatabampo-Eje 1 Pte. Av. Cuauhtémoc,19.407517,-99.155373,74,201.08058608058607,196.97069597069597,188.76493494729783,182.72998691783604,0.0,2.67589590491991,0.017159593236033235,4.396724774327628,0.9891890516890516
160,22891,19422,23939.68355372056,19558.9641289318,112.55964628087771,2571.116383874359,0.39205309371439057,561.5452624234755,6048.666666666666,6552.0,CE-160 Alfonso Herrera-Gabino Barreda,19.440252,-99.163455,23,83.84981684981685,71.14285714285714,87.69114854842695,71.64455724883443,0.4123063966332517,9.41800873214051,0.001436091918367731,2.056942353199544,0.9231786731786731
161,15455,14286,17286.04272552094,14940.014893619502,73.45829881246775,1676.6516846526515,3.355082055764359,148.8132143551416,6084.166666666666,6552.0,CE-161 Quintana Roo-Manzanillo,19.405533,-99.164913,23,56.61172161172161,52.32967032967033,63.318837822421024,54.72532928065752,0.269078017628087,6.141581262463925,0.012289677859942706,0.545103349286233,0.928596866096866
162,23152,23383,23529.050828941006,23258.566538936688,9.779949927850918,852.1280627052575,21.277083680861114,862.132542451932,6379.166666666666,6552.0,CE-162 Tehuantepec-Medellín,19.404907,-99.162485,27,84.8058608058608,85.65201465201466,86.18699937341027,85.19621442833952,0.03582399240971032,3.1213482150375733,0.07793803546102972,3.1579946609960876,0.9736212861212861
163,27197,29264,26920.938891446876,28303.031062735314,22.42184776784845,610.3469815292349,23.466177547609714,1329.0732398338478,6437.5,6552.0,CE-163 Toluca-Bajío,19.405246,-99.15643,35,99.62271062271063,107.1941391941392,98.61149777086769,103.67410645690592,0.08213131050493938,2.2357032290448164,0.0859566943135887,4.86840014591153,0.98252442002442
164,31604,32189,30858.325852204696,30857.465893896784,37.032826896159094,607.0973718363342,22.908592108105164,657.8346552653117,6458.166666666666,6552.0,CE-164 Bajío-Tlacotalpan,19.4032285,-99.1658539,27,115.76556776556777,117.9084249084249,113.03416063078643,113.03101060035452,0.13565138057201134,2.2237998968363892,0.08391425680624602,2.4096507518875883,0.9856786731786731
165,26633,26775,26896.687144819458,26262.869057654603,13.39939321531343,1480.9796989386925,49.86272857620863,1262.9322356523908,6284.333333333333,6552.0,CE-165 Bajío-Eje 2 Pte. Monterrey,19.404268,-99.160503,23,97.55677655677655,98.07692307692308,98.52266353413721,96.20098555917437,0.04908202642971952,5.424834062046493,0.18264735742200963,4.626125405320113,0.9591473341473341
166,27976,25647,28390.60862942304,25145.211765023578,271.7467392576924,1944.397442119986,4.040297856790286,1369.8341474236117,6216.0,6552.0,CE-166 Progreso-Cda. Antonio Maceo,19.406069,-99.183549,23,102.47619047619048,93.94505494505495,103.99490340448,92.10700280228417,0.9954093013102286,7.122334952820461,0.014799625849048665,5.017707499720189,0.9487179487179487
167,22066,20588,23235.811088930855,20958.723528014147,17.215512027364685,1933.4372612112961,3.413925393426272,1055.5519146347278,6172.166666666666,6552.0,CE-167 General Salvador Alvarado-Progreso,19.404608864422567,-99.1794095188925,23,80.82783882783883,75.41391941391942,85.11286113161485,76.77188105499687,0.06306048361672045,7.082187770004747,0.012505221221341655,3.866490529797538,0.9420278795278795
168,18687,17732,19760.50880313897,18129.54728372926,0.0,1265.803543108286,2.393689568840093,1191.480020318302,6259.833333333333,6552.0,CE-168 Comercio-Progreso,19.403997,-99.1776,23,68.45054945054945,64.95238095238095,72.38281612871418,66.40859810889839,0.0,4.636643015048667,0.00876809365875492,4.3643956788216185,0.9554080179080179
169,28336,27264,28240.7692273619,26602.561000888873,69.72417109789419,1249.2887950381844,6.705010944153601,1912.33439795339,6337.5,6552.0,CE-169 Prosperidad-Progreso,19.403019,-99.174934,23,103.7948717948718,99.86813186813187,103.44604112586777,97.44527839153433,0.2553998941314805,4.576149432374302,0.02456047964891429,7.004887904591172,0.9672619047619048
170,27341,25849,27809.582637993335,25266.812854231168,104.04426685654778,1662.162726095714,26.468116476880336,615.5728072056659,6267.166666666666,6552.0,CE-170 Observatorio Oriente-Revolución,19.404029,-99.184342,23,100.15018315018315,94.68498168498168,101.86660306957266,92.5524280374768,0.3811145306100651,6.088508154196755,0.09695280760762028,2.2548454476398017,0.9565272690272689
171,18920,16560,20086.562150171565,16879.197729235017,19.60367597544229,1645.1019673125138,0.0,144.30289401561137,6188.166666666666,6552.0,CE-171 Comercio-Jose Martí,19.40253247789727,-99.1782025248358,27,69.3040293040293,60.65934065934066,73.57715073322917,61.82856311075098,0.07180833690638201,6.0260145322802705,0.0,0.5285820293612138,0.9444698819698819
172,24949,24804,25276.90696298648,24850.397658551447,101.01091585389202,1458.5099409978452,187.5790389402367,3423.028751104851,6305.0,6552.0,CE-172 General Francisco Murguía-José Martí,19.4035308,-99.1816702,19,91.3882783882784,90.85714285714286,92.58940279482226,91.0270976503716,0.37000335477616125,5.342527256402364,0.6871027067407938,12.538566853863923,0.9623015873015873
173,25708,21380,26253.004630883926,21358.666702405557,165.54906028374484,1845.5607307061362,1.3835996940732143,1003.9003184699975,6174.5,6552.0,CE-173 Minería-José Martí,19.401682,-99.176398,23,94.16849816849818,78.31501831501832,96.16485212777995,78.23687436778592,0.6064068142261716,6.760295716872293,0.005068130747520931,3.6772905438461447,0.9423840048840049
174,45501,43386,43660.46677601707,41018.53638131151,9.371654662697015,1831.8679771363995,13.688259235196483,2312.3317258678862,6369.5,6552.0,CE-174 Joaquín Garcia Icazbalceta-Ignacio Manuel Altamirano,19.441133258345886,-99.16170336308824,31,166.67032967032966,158.92307692307693,159.92844972900025,150.2510490157931,0.03432840535786452,6.710139110389742,0.050140143718668435,8.47007958193365,0.9721459096459096
175,29187,28944,29483.60913034759,27999.02665366257,428.33573074311823,1878.6154762645479,23.92797336604435,345.57669338455486,6236.5,6552.0,CE-175 Mutualismo-José Martí,19.400599004903363,-99.17245991533491,23,106.91208791208791,106.02197802197803,107.99856824303147,102.5605371929032,1.5689953507073928,6.8813753709324095,0.08764825408807454,1.2658486937163183,0.9518467643467643
176,11609,12851,15314.076244716294,15477.64667588425,485.99552143508765,4336.281201976804,187.88087797219384,5148.77464940572,5321.5,6552.0,CE-176 Av. Jesús García-Luis Donaldo Colosio,19.442717,-99.152262,39,42.523809523809526,47.07326007326007,56.09551737991317,56.69467646844048,1.7802033752201012,15.88381392665496,0.6882083442204903,18.859980400753553,0.8121947496947497
177,14686,12863,17078.96172709147,13865.931255684178,418.2101474719844,2017.722650866871,0.0,213.35965401768473,5586.333333333333,6552.0,CE-177 Benjamín Hill - Carlos Zetina,19.408841,-99.181692,19,53.794871794871796,47.11721611721612,62.56029936663543,50.79095698052812,1.531905302095181,7.390925461050809,0.0,0.7815371942039734,0.8526149776149776
178,19106,17536,20474.91272807917,17918.0666994209,38.17712111360084,1548.7426131209356,4.567251951337031,316.734707293264,6175.666666666666,6552.0,CE-178 Tamaulipas-Francisco Murguía,19.406833,-99.180457,23,69.98534798534799,64.23443223443223,74.99968032263432,65.63394395392271,0.13984293448205437,5.673049864911852,0.016729860627608173,1.160200393015619,0.9425620675620675
179,22224,21530,22899.125336670968,21285.039030184416,45.56755761754718,1140.6812651822788,0.0,58.659085488786246,6287.666666666666,6552.0,CE-179 Nuevo León-Quintana Roo,19.404435569698265,-99.17138099675866,27,81.4065934065934,78.86446886446886,83.87957998780574,77.96717593474145,0.1669141304672058,4.17831965268234,0.0,0.21486844501386904,0.9596560846560845
180,28044,29012,27558.512696560105,28715.906694768637,0.0,283.9700325027036,3.961810350084468,2236.3598316403777,6500.666666666666,6552.0,CE-180 Quintana Roo-Villahermosa,19.404554,-99.169953,27,102.72527472527473,106.27106227106228,100.94693295443261,105.18647140940892,0.0,1.0401832692406725,0.01451212582448523,8.191794255092958,0.992165242165242
181,19838,19675,20659.00169988188,19794.749405504117,86.28807814462338,926.740311275931,0.0,246.60090078681236,6333.0,6552.0,CE-181 Benjamín Franklin - Ometusco,19.404825166337652,-99.17472235863897,27,72.66666666666667,72.06959706959707,75.67399890066622,72.50823958060116,0.3160735463173018,3.3946531548568903,0.0,0.9033000028820966,0.9665750915750916
182,51174,52184,48216.29757185067,48796.94065931526,11.578523725612456,694.8427756404594,84.02505034501706,8552.941184135598,6425.0,6552.0,CE-182 Progreso-Astrónomos,19.402028398340054,-99.17129248386118,31,187.45054945054946,191.15018315018315,176.61647462216362,178.74337237844418,0.04241217481909325,2.5452116323826353,0.3077840671978647,31.32945488694358,0.9806166056166056
183,32351,30617,32386.5669988991,29500.558416701788,27.042381369409682,2282.632560675456,1.1740590092702932,395.5040946123834,6258.5,6552.0,CE-183 Gabino Barreda-Guillermo Prieto,19.437665,-99.164018,35,118.5018315018315,112.15018315018315,118.63211354908096,108.0606535410322,0.09905634201248968,8.361291431045625,0.004300582451539536,1.4487329472981079,0.9552045177045178
184,17253,17606,18508.153113273926,17952.56050186306,158.14103682394176,908.9028103171821,0.0,30.250960180820723,6201.166666666666,6552.0,CE-184 General Gómez Pedraza-Gobernador Tiburcio Montiel,19.414793,-99.185083,35,63.1978021978022,64.4908424908425,67.79543264935504,65.76029487861926,0.5792711971572958,3.3293143235061615,0.0,0.11080937795172426,0.9464540089540089
185,30513,30226,30180.06154014719,29177.273526809575,65.34688260842063,981.6171351450707,7.257212325548567,665.6100852499869,6352.5,6552.0,CE-185 General Antonio Léon-General Pedro Antonio de los Santos,19.412776,-99.182805,29,111.76923076923077,110.71794871794872,110.54967597123513,106.87645980516328,0.23936587036051513,3.5956671617035556,0.026583195331679733,2.4381321804028824,0.969551282051282
186,26145,24389,26512.957068836593,24944.562458188902,10.604377944933216,1762.9846410834994,42.915622268199165,13334.727479255425,6177.333333333333,6552.0,CE-186 Gob. Gregorio V. Gelati-Gral. Francisco Molinos del Campo,19.412438,-99.188493,15,95.76923076923077,89.33699633699634,97.1170588602073,91.3720236563696,0.03884387525616562,6.457819198108056,0.1572000815684951,48.845155601668225,0.9428164428164427
187,17550,15870,18660.111740902346,16366.262465345304,65.02745156145053,1038.232294006358,15.681506817993508,237.91888031391687,6262.833333333333,6552.0,CE-187 General Cano-Gobernador Gregorio V. Gelati,19.411227,-99.185514,23,64.28571428571429,58.13186813186813,68.35205765898296,59.94967936023921,0.23819579326538656,3.803048695993985,0.057441416915727135,0.8714977300876076,0.9558658933658933
188,23002,20311,24811.48035783598,20741.038708452495,0.0,3180.6058849718574,7.116282715988983,3859.906153230087,5891.0,6552.0,CE-188 Gobernador Melchor Múzquiz-Gobernador Ignacio Esteva,19.411711,-99.190139,19,84.25641025641026,74.3992673992674,90.88454343529662,75.97450076356226,0.0,11.65057100722292,0.0260669696556373,14.138850378132187,0.8991147741147741
189,14311,11045,17608.659613777574,12208.06701920333,145.51209977152564,4144.318811436342,2.3903585416019206,1450.6416980265099,5474.666666666666,6552.0,CE-189 Gobernador Rafael Rebollar-Gobernador José Ceballos,19.410046050731914,-99.18795973067971,19,52.42124542124542,40.45787545787546,64.50058466585192,44.71819420953601,0.5330113544744529,15.180654986946308,0.00875589209377993,5.313705853576959,0.8355718355718355
190,30231,28982,29889.582926271232,28020.15411245026,43.36819860297577,1053.3095019053198,0.0,260.95359557282285,6382.333333333333,6552.0,CE-190 Gobernador Ignacio Esteva-Maestro José Vasconcelos,19.409577,-99.183818,31,110.73626373626374,106.16117216117216,109.48565174458327,102.63792715183244,0.15885787034057058,3.8582765637557506,0.0,0.9558739764572266,0.974104599104599
191,17961,15153,20107.402955457183,15873.01360823872,150.03034657115205,2795.5692921383106,0.0,1113.3375189612711,5968.0,6552.0,CE-191 Gobernador Rafael Rebollar-Gobernador Vicente Eguía,19.40796,-99.187901,19,65.79120879120879,55.505494505494504,73.65349067933033,58.14290698988542,0.549561709051839,10.240180557283189,0.0,4.078159410114546,0.9108669108669109
192-193,42896,36405,40466.932346999456,33695.45129925833,0.0,1194.7800195793682,80.48059576806105,12042.264430620799,6157.166666666666,6552.0,CE-192-193 Rubén Darío.Reforma,19.425907,-99.190733,49,157.12820512820514,133.35164835164835,148.23052141758043,123.42656153574481,0.0,4.376483588202814,0.29480071709912475,44.11085872022271,0.9397385022385022
194,61025,60487,55605.62227764345,48179.197160405965,0.0,807.8173867451715,203.26863982857085,15120.375743618264,6250.166666666666,6552.0,CE-194 Circuito Mahatma Gandhi-Reforma,19.424282,-99.180334,35,223.53479853479854,221.56410256410257,203.68359808660605,176.48057567914273,0.0,2.9590380466856097,0.7445737722658273,55.385991734865435,0.9539326414326413
195,37590,36932,35202.90695469434,29714.67614091501,9.109571075053465,1103.5415457714512,533.5314671373235,8344.659831200948,5934.833333333333,6552.0,CE-195 Reforma-Circuito Mahatma Gandhi,19.424858,-99.185181,31,137.69230769230768,135.28205128205127,128.9483771234225,108.84496754913923,0.033368392216313054,4.04227672443755,1.9543277184517345,30.5665195282086,0.9058048433048432
196,10994,10120,13811.81375305387,11400.560947225531,183.2494571128232,1995.195463100446,13.591511624966717,397.2106348949635,5386.333333333333,6552.0,CE-196 Lago Tanganica- Av. Ejército Nacional,19.438349,-99.192904,27,40.27106227106227,37.06959706959707,50.592724370160695,41.76029650998363,0.671243432647704,7.308408289745223,0.049785756868009956,1.454984010604262,0.8220899470899471
197,36035,37371,35681.06697191517,36357.96731181192,94.78035857593366,3086.364325156533,815.0707205602647,13156.468699014886,5279.0,6552.0,CE-197 Presa Falcón - Miguel De Cervantes Saavedra,19.440924618966452,-99.20504942541811,31,131.996336996337,136.8901098901099,130.69987901800428,133.1793674425345,0.3471808006444456,11.30536382841221,2.9856070350192847,48.192193036684564,0.8057081807081807
198,12669,13332,15340.625416950936,14970.228515418805,627.1867515135157,2259.1933266022957,495.15636068734494,2643.1869272059225,4827.5,6552.0,CE-198 Sócrates-Ejército Nacional,19.438173973703993,-99.20383617292828,25,46.40659340659341,48.83516483516483,56.19276709505837,54.83600188798097,2.297387368181376,8.275433430777639,1.8137595629573076,9.68200339635869,0.7367979242979243
199,9655,9283,12876.804271243383,10848.348496377406,418.55327043153335,2460.400989570898,36.71530414633711,826.1161116416924,4448.0,6552.0,CE-199 Anatole France-Av. Ejército Nacional,19.437934,-99.197241,23,35.366300366300365,34.00366300366301,47.16778121334573,39.73754027977072,1.5331621627528693,9.012457837256038,0.1344882935763264,3.0260663430098624,0.6788766788766789
200,16475,14551,19463.328468420055,15453.272667848361,199.4958605425254,3462.103467787068,12.706718865776512,611.1361165026569,4964.166666666666,6552.0,CE-200 Emerson-Av. Ejército Nacional,19.437596,-99.188785,27,60.34798534798535,53.3003663003663,71.29424347406614,56.60539438772294,0.7307540679213385,12.681697684201714,0.046544757750097115,2.2385938333430655,0.7576566951566951
201,15303,15497,18049.101623439074,16899.276145396267,422.2100000979541,3054.782662435725,245.33486505668202,3219.5905001726896,4891.333333333333,6552.0,CE-201 Lope de Vega-Av. Ejército Nacional,19.437496732030738,-99.18721206491682,19,56.05494505494506,56.765567765567766,66.11392536058268,61.90211042269695,1.5465567769155828,11.189680082182143,0.8986625093651356,11.793371795504358,0.7465404965404965
202,9150,9182,12682.290205213665,11015.624181074414,342.77072055124904,3088.6866584550507,96.04683106700914,1741.5281278425414,4260.5,6552.0,CE-202 Calderón de la Barca-Av. Homero,19.436064,-99.198898,19,33.51648351648352,33.633699633699635,46.455275476973135,40.3502717255473,1.2555704049496301,11.313870543791396,0.3518198940183485,6.379223911511141,0.6502594627594628
203,10009,8606,13290.250411725456,10009.44367535804,2.139145282660725,2896.787202854916,2.4842122970119087,445.90446439532775,4740.0,6552.0,CE-203 Tennyson-Av. Homero,19.435985,-99.194832,23,36.663003663003664,31.523809523809526,48.682235940386285,36.664628847465345,0.007835697006083242,10.610942134999691,0.009099678743633365,1.633349686429772,0.7234432234432234
204,21020,15339,22903.799957159372,16539.86699633964,14.365974024384641,3827.9688377890516,6.720006176438947,3365.603735026726,5840.166666666666,6552.0,CE-204 Temístocles-Homero,19.435882,-99.19152,27,76.99633699633699,56.18681318681319,83.89670313977791,60.58559339318549,0.052622615473936415,14.02186387468517,0.0246154072397031,12.328218809621708,0.8913563288563288
205,19226,19981,20999.333594518295,21213.96862247938,7.514550817756665,2184.5793829646796,612.6001131300001,7116.422845282566,5389.666666666666,6552.0,CE-205 Taine-Homero,19.43552573443183,-99.18474711483212,19,70.42490842490842,73.19047619047619,76.92063587735639,77.70684477098675,0.027525827171269834,8.002122281921903,2.2439564583516485,26.06748294975299,0.8225986975986975
206,26398,27196,27322.955827932696,26292.95329695423,0.0,2988.559182727216,831.7471142881285,11563.282810805278,5095.5,6552.0,CE-206 Homero-Moliere,19.436142,-99.200996,23,96.6959706959707,99.61904761904762,100.08408728180474,96.31118423792759,0.0,10.947103233433026,3.046692726330141,42.35634729232703,0.7777014652014652
207,19098,20817,20471.191932100435,21229.3096889716,0.0,1807.7232799880285,163.10084043778883,8178.0589569577605,5320.0,6552.0,CE-207 Torquato Tasso-Homero,19.434861,-99.183322,23,69.95604395604396,76.25274725274726,74.98605103333493,77.76303915374213,0.0,6.621696996293145,0.5974389759625964,29.956259915596192,0.811965811965812
208,77195,66283,72527.9605151266,51314.105527315456,0.0,6720.904156033828,451.91345076906947,34261.956901231926,6162.666666666666,6552.0,CE-208 Hesiodo-Lamartine,19.434182,-99.189835,25,282.76556776556777,242.7948717948718,265.6701850370938,187.96375651031303,0.0,24.618696542248454,1.655360625527727,125.50167363088617,0.9405779405779405
209,18147,17499,20123.517920854407,19066.9041609078,107.78768617178102,2503.275318042459,642.4875690141548,6210.721652972693,5465.5,6552.0,CE-209 Solón-Horacio,19.435478,-99.206359,19,66.47252747252747,64.0989010989011,73.71251985660955,69.84213978354506,0.39482668927392317,9.169506659496186,2.353434318733168,22.749896164735137,0.8341727716727717
210,20626,13336,22837.11619816102,14653.034577858683,0.0,4722.476508307073,0.0,4782.430428247617,5251.833333333333,6552.0,CE-210 Eugenio Sue-Horacio,19.434076,-99.194091,27,75.55311355311355,48.84981684981685,83.6524402863041,53.67411933281569,0.0,17.29844874837756,0.0,17.518060176731197,0.801561864061864
211,32945,23957,33987.94192622762,23900.439086077364,0.0,6267.46376786738,5.815638617577164,8028.8724451686885,5679.333333333333,6552.0,CE-211 Isaac Newton-Horacio,19.43385,-99.188275,35,120.67765567765568,87.75457875457876,124.49795577372755,87.54739591969731,0.0,22.957742739440953,0.021302705558890713,29.409789176442082,0.8668091168091168
212,31407,27276,31654.489146245596,26465.20193419182,0.0,3752.889575876117,2.117096177150129,8678.824827148552,5927.333333333333,6552.0,CE-212 Hegel-Horacio,19.433863944714325,-99.18809428821986,35,115.04395604395604,99.91208791208791,115.95050969320731,96.94213162707626,0.0,13.746848263282478,0.007754931051831974,31.790567132412278,0.9046601546601546
213,8685,7472,12683.820098605254,9730.66041902556,81.5408995378364,3413.680183851169,88.17117431089625,2123.2309270806013,3992.1666666666665,6552.0,CE-213 Solón-Cicerón,19.434366028509015,-99.206306487431,27,31.813186813186814,27.36996336996337,46.46087948207053,35.643444758335384,0.2986846136917084,12.50432301776985,0.32297133447214743,7.777402663298906,0.6093050468050468
214,12463,11076,15382.365564711194,12555.0025543182,481.2591378576712,2592.5507802043526,205.5478204322417,975.8320195858332,4629.166666666666,6552.0,CE-214 Platón-Horacio,19.434353,-99.20322,27,45.65201465201465,40.57142857142857,56.34566140919851,45.989020345487916,1.7628539848266345,9.496523004411548,0.7529224191657206,3.5744762622191693,0.7065272690272689
215,11501,10247,14130.463116793595,11681.023778966442,369.62600720245354,2013.97560077935,112.98621133498118,707.074283303849,4896.5,6552.0,CE-215 Edgar Alan Poe-Horacio,19.43384,-99.19968,23,42.12820512820513,37.53479853479853,51.759938156753094,42.787632889986966,1.3539414183240057,7.377200002854762,0.41386890598894205,2.590015689757689,0.7473290598290598
216,14456,12678,16744.042554705007,13662.025205470549,13.509239630289386,2282.958555525272,3.3166057568316454,1035.1301274278987,5086.666666666666,6552.0,CE-216 Alejandro Dumas-Horacio,19.433419,-99.195746,27,52.95238095238095,46.43956043956044,61.33348921137365,50.04404837168699,0.049484394250144274,8.362485551374622,0.012148739036013352,3.7916854484538414,0.7763532763532762
217,37774,45587,36958.13889480608,38451.64245328709,0.0,2073.7283801379726,353.5757236406558,14411.57210839722,5532.5,6552.0,CE-217 Euler-Horacio,19.432850919536445,-99.18354526173061,31,138.36630036630038,166.98534798534797,135.37779814947282,140.84850715489776,0.0,7.596074652520047,1.295149170844893,52.78964142270044,0.8443986568986569
218,16217,16428,18481.86054026013,17206.65886532809,27.812647307148797,2664.1469219488235,27.352560689401074,2476.1780080462245,5346.333333333333,6552.0,CE-218 Hegel-Ibarbourou,19.432451,-99.188033,23,59.4029304029304,60.175824175824175,67.69912285809572,63.02805445175124,0.10187782896391501,9.758779933878474,0.10019252999780613,9.070249113722435,0.8159849409849409
219,21077,20620,23059.08244372139,20519.864660074396,0.0,3558.7583735475496,209.2052741963643,6891.9304327080445,5256.0,6552.0,CE-219 Esopo-FC de Cuernavaca,19.433364,-99.207553,39,77.2051282051282,75.53113553113553,84.4655034568549,75.16433941419193,0.0,13.035744958049632,0.7663196857009681,25.245166420175988,0.8021978021978022
220,8891,8228,12560.826339808196,10414.430886811891,24.366910152481697,3187.8307090321614,92.80390189336997,3061.6030100149765,4396.5,6552.0,CE-220 Plinio-Presidente Masaryk,19.432655,-99.205727,27,32.56776556776557,30.13919413919414,46.01035289307032,38.14809848649045,0.08925608114462161,11.677035564220372,0.33994103257644676,11.214663040347899,0.6710164835164835
221,15159,14129,17420.75082827373,15319.76892593674,12.023081516899053,2240.406742803441,249.13891665863548,1831.246810214568,5047.166666666666,6552.0,CE-221 Emilio Castelar-Presidente Masaryk,19.431799,-99.201565,25,55.527472527472526,51.75457875457875,63.81227409624076,56.11636969207597,0.044040591636992865,8.20661810550711,0.912596764317346,6.707863773679737,0.7703245828245827
222,23837,23360,24726.808129501842,23183.180216661203,129.950505275252,2172.5361245727354,115.24270362399449,2606.952232658198,5186.333333333333,6552.0,CE-222 Alejandro Dumas-Presidente Masarik,19.431417,-99.195774,27,87.31501831501832,85.56776556776556,90.574388752754,84.92007405370404,0.4760091768324249,7.958007782317712,0.4221344455091373,9.549275577502558,0.7915649165649166
223,29518,26839,30279.024852434723,26033.012436331388,172.09181710434314,3038.173392637973,0.0,610.8050302621929,5537.666666666666,6552.0,CE-223 Isaac Newton-Presidente Masaryk,19.431242,-99.191613,35,108.12454212454213,98.31135531135531,110.91217894664733,95.3590199133018,0.6303729564261653,11.12884026607316,0.0,2.2373810632314757,0.8451872201872201
224,20560,19749,22074.69924776092,21087.17710936688,397.78331151506444,2172.646926059817,589.3178553948176,4681.224136410793,5314.666666666666,6552.0,CE-224 Hegel-Presidente Masaryk,19.431115,-99.188082,15,75.31135531135531,72.34065934065934,80.85970420425245,77.24240699401787,1.4570817271614083,7.958413648570758,2.1586734629846798,17.147341159013894,0.811151811151811
225,20797,21590,21972.541029973894,22636.0903936429,260.8666840976398,1756.608499049285,749.8748587344109,4931.176355342088,5527.166666666666,6552.0,CE-225 Petrarca-Presidente Masaryk,19.431172,-99.185612,21,76.17948717948718,79.08424908424908,80.48549827829265,82.91608202799597,0.955555619405274,6.434463366480897,2.746794354338501,18.06291705253512,0.8435846560846559
226,20016,23276,22033.56802781555,21622.811410552567,91.80958593569068,3312.873268415791,347.70945787343624,7462.8117904201545,4972.166666666666,6552.0,CE-226 Wallon-Presidente Masaryk,19.4310009,-99.1821808,27,73.31868131868131,85.26007326007326,80.70904039492875,79.20443740129146,0.33629884958128453,12.135066917273958,1.2736610178514147,27.33630692461595,0.7588776963776963
227,10042,9280,13260.812550745975,11614.08655681516,104.80193322328431,2761.4205916766405,322.91884229341247,2437.5342661902787,4447.666666666666,6552.0,CE-227 Campos Elíseos-Periférico,19.431783492215445,-99.20738060028725,23,36.78388278388278,33.99267399267399,48.57440494778746,42.54244160005553,0.3838898652867557,10.115093742405277,1.182852902173672,8.928696945751936,0.6788258038258037
228,18863,15431,20400.965832125712,16237.57484401406,34.31390833405616,2225.597768751612,111.54108732525012,5218.138564676637,5705.333333333333,6552.0,CE-228 Campos Elíseos-La Fontaine,19.427705,-99.19912,19,69.0952380952381,56.523809523809526,74.72881257188905,59.478296131919635,0.12569197191961962,8.152372779309934,0.40857541144780263,19.114060676471198,0.8707773707773707
229,12354,11404,15412.646510463863,13066.442354803381,215.99792918462623,2749.735963712045,173.18601807431563,1820.0537148355854,5075.0,6552.0,CE-229 Carlos Dickens-Séneca,19.430515,-99.203331,23,45.252747252747255,41.772893772893774,56.45658062440975,47.86242620807099,0.7912012058044917,10.072292907370128,0.6343810185872367,6.6668634243061735,0.7745726495726496
230,15926,15136,18219.241682911652,16787.30466315005,117.4713804779698,2557.793870063513,669.5497058134087,3451.665171300134,4832.666666666666,6552.0,CE-230 Edgar Allan Poe - Carlos Dickens,19.430098,-99.200074,15,58.336996336996336,55.443223443223445,66.7371490216544,61.49195847307711,0.43029809698890037,9.369208315250964,2.452563024957541,12.643462165934556,0.7375864875864875
231,17037,16656,18900.797639350556,17211.554879471547,156.23045693836144,1907.1559647564375,4.2452164103846215,810.2618626126019,5172.166666666666,6552.0,CE-231 Isaac Newton-Aristóteles,19.429711892530808,-99.19357940565533,27,62.40659340659341,61.010989010989015,69.23369098663207,63.04598856949285,0.572272736037954,6.985919284822115,0.01555024326148213,2.9679921707421317,0.7894027269027268
232,19101,20244,20283.40426443118,20500.74586160137,58.57861741133743,1429.0894022845482,63.47219166195998,2981.8671744751305,5714.5,6552.0,CE-232 Taine - Rubén Darío,19.42894,-99.185389,31,69.96703296703296,74.15384615384616,74.29818411879553,75.094307185353,0.21457369015141917,5.234759715328016,0.23249887055662996,10.922590382692785,0.8721764346764347
233,20534,19888,21505.806295731476,20839.06539022912,81.17114040637921,1884.9696694905476,336.2216192439029,5162.310465509825,5312.666666666666,6552.0,CE-233 Julio Verne-Luis G. Urbina,19.429314,-99.196965,15,75.21611721611721,72.84981684981685,78.77584723711163,76.33357285798212,0.29733018463875166,6.90465080399468,1.2315810228714392,18.909562144724635,0.8108465608465607
234,17236,16927,19020.880428453613,17493.38848097753,0.0,1791.664550810509,63.424308479687525,2393.5474164545367,5297.833333333333,6552.0,CE-234 Tres Picos-Arquímides,19.42786220267939,-99.1914046928423,27,63.13553113553114,62.00366300366301,69.67355468298027,64.07834608416678,0.0,6.562873812492707,0.23232347428456968,8.767572954045923,0.808582621082621
235-236,25082,23736,26763.905111767912,24513.928752605567,27.989932320790313,3285.999852842486,146.07762008040143,5490.294342867613,5098.333333333333,6552.0,CE-235-236 Campos Elíseos-Moliere,19.429417,-99.202353,55,91.87545787545787,86.94505494505495,98.03628246068833,89.79461081540501,0.10252722461827954,12.036629497591523,0.5350828574373678,20.110968288892355,0.7781339031339031
237-238,61807,47595,57675.94886988669,42026.20798201262,0.0,1623.7158234719875,0.0,12310.812018159937,6185.166666666666,6552.0,CE-237-238 Andrés Bello-George Eliot,19.426744,-99.193986,63,226.3992673992674,174.34065934065933,211.26721197760693,153.94215378026598,0.0,5.9476770090549,0.0,45.09454951706937,0.9440120065120065
239,18050,19907,20267.182451574583,18326.280225331877,60.68349873666494,3227.0361896753966,408.2866077542127,8437.811226891215,4958.333333333333,6552.0,CE-239 Rincón del Bosque-Ruben Darío,19.430153,-99.181355,19,66.11721611721612,72.91941391941391,74.23876355888126,67.12923159462225,0.2222838781562818,11.820645383426362,1.4955553397590209,30.907733431835954,0.7567663817663817
240,7290,6150,11431.827343688343,9085.309907163048,45.14187410570681,3589.3988699646256,329.21957540955026,2651.662885306497,4015.5,6552.0,CE-240 Ejército Nacional-F.C. de Cuernavaca,19.438634297233477,-99.20629061763975,17,26.703296703296704,22.52747252747253,41.874825434755834,33.279523469461715,0.16535485020405424,13.147981208661632,1.2059325106576932,9.713050861928561,0.6128663003663004
241,11284,9444,15370.13358148631,11308.302379267256,555.5179832024569,4647.228053567646,155.02145021923434,2505.448833383667,4083.1666666666665,6552.0,CE-241 Ejército Nacional-Juan Vázquez de la Mella,19.43869310388943,-99.20757338410112,19,41.333333333333336,34.59340659340659,56.300855609839964,41.42235303760899,2.034864407335007,17.02281338303167,0.5678441399971954,9.177468254152627,0.6231939356939357
242,47431,54353,45493.091341890555,44381.070295706435,0.0,2522.7278920165177,652.8791512537415,16712.373291004333,5677.833333333333,6552.0,CE-242 Pról. Moliere-Miguel de Cervantes Saavedra,19.44002672090815,-99.20071095250022,31,173.73992673992674,199.0952380952381,166.64136022670533,162.56802306119573,0.0,9.240761509218013,2.3914987225411775,61.21748458243345,0.866580179080179
243,21128,20714,22974.949417706765,21518.994566519792,369.03367173538845,2518.8043825516675,492.10735205416495,2646.3596930488216,5716.5,6552.0,CE-243 Lago Filt-Miguel de Cervantes Saavedra,19.441123,-99.195857,23,77.39194139194139,75.87545787545787,84.15732387438375,78.82415592131792,1.3517716913384192,9.226389679676437,1.8025910331654393,9.693625249263082,0.872481684981685
244,11208,10172,14312.08431530902,11652.84705271011,790.516954103922,2309.997880458963,110.40361644193725,611.9232587861243,5396.5,6552.0,CE-244 Lago Victoria-Miguel de Cervantes Saavedra,19.440508,-99.193681,23,41.05494505494506,37.26007326007326,52.42521727219422,42.684421438498575,2.895666498549165,8.46153069765188,0.40440885143566757,2.2414771384107115,0.8236416361416361
245,12078,10116,14291.364344427397,11407.6605069747,0.0,1600.6581791094682,1.2401184504291987,589.7791842235829,5826.333333333333,6552.0,CE-245 Lago Onega-Av. Ejército Nacional,19.438347,-99.190503,21,44.24175824175824,37.05494505494506,52.3493199429575,41.78630222335055,0.0,5.863216773294755,0.004542558426480581,2.1603633121742964,0.8892450142450142
246,14539,14000,16979.62799891392,16181.299832765599,58.89821533407672,2627.9208587307144,786.720707015943,5192.078586326411,5243.0,6552.0,CE-246 Leibnitz-Thiers,19.434147,-99.179835,15,53.256410256410255,51.282051282051285,62.19643955646124,59.272160559580946,0.21574437851310152,9.626083731614338,2.8817608315602308,19.018602880316525,0.8002136752136753
247,15885,18636,18580.509435781467,18290.79537227734,73.09256577492101,3229.6343805260813,419.5626238698529,6703.552354490919,4961.833333333333,6552.0,CE-247 Herschel-Rousseau,19.432276,-99.18064,27,58.18681318681319,68.26373626373626,68.06047412374164,66.99925044790236,0.2677383361718718,11.830162566029601,1.5368594280946994,24.555136829637068,0.7573005698005697
248,17289,16834,19316.464798464807,18315.448050129256,18.35184920047501,2569.7747479393197,323.8207743758046,4859.617136514567,5456.333333333333,6552.0,CE-248 Shakespeare-Lafayette,19.43175,-99.177399,23,63.32967032967033,61.663003663003664,70.7562813130579,67.08955329717676,0.0672228908442308,9.413094314796043,1.186156682695255,17.80079537184823,0.8327737077737077
249,13392,12008,15886.011066015944,14199.425085888788,40.02396653352462,2612.8384047320983,707.515822967789,4413.418374557445,4899.333333333333,6552.0,CE-249 Shakespeare-Darwin,19.42988388240091,-99.1775936633894,15,49.05494505494506,43.985347985347985,58.19051672533313,52.01254610215673,0.1466079360202367,9.570836647370323,2.591633051164062,16.166367672371592,0.7477614977614977
250,22555,23135,23774.766957794378,20902.807271116937,9.255815838155282,2970.8835209553213,404.31579465138236,8608.505531312698,5285.666666666666,6552.0,CE-250 Darwin-Mariano Escobedo,19.428949,-99.179796,23,82.61904761904762,84.74358974358974,87.08705845345926,76.56705960116093,0.03390408731925012,10.882357219616562,1.4810102368182505,31.532987294185705,0.8067256817256816
251,11560,10894,14244.63106457774,12455.304499403752,62.60403519906995,2101.8280252273707,176.9143873652793,1956.554106460275,5580.0,6552.0,CE-251 Goethe-Darwin,19.429261,-99.17538,15,42.34432234432234,39.904761904761905,52.178135767684026,45.62382600514195,0.22931881025300346,7.699003755411614,0.6480380489570671,7.166864858828847,0.8516483516483516
252,18536,17381,20366.384743236573,18581.578369449813,0.0,2651.2262754533604,584.1380732360196,4732.4027238653025,5523.166666666666,6552.0,CE-252 Víctor Hugo-Shakespeare,19.427575,-99.17702,19,67.8974358974359,63.666666666666664,74.60214191661748,68.06438963168429,0.0,9.711451558437217,2.139699901963442,17.334808512327115,0.8429741554741553
253,27178,27135,27319.429962198014,27628.926526242838,2.303088819070407,1592.8563314553246,689.252313057086,9494.291725483476,5869.333333333333,6552.0,CE-253 Dante-Tolstoi,19.42644758104329,-99.17815290396902,19,99.55311355311355,99.3956043956044,100.07117202270335,101.20485907048659,0.008436222780477681,5.83463857675943,2.5247337474618536,34.77762536807134,0.8958078958078958
254,23086,22660,23562.975533119108,22375.327150139445,23.15022753623661,1111.1755289886694,0.0,407.0851394160752,6339.5,6552.0,CE-254 Alfonso Herrera-Miguel Shultz,19.439177,-99.159957,31,84.56410256410257,83.00366300366301,86.31126568908098,81.9609053118661,0.08479936826460296,4.070240032925529,0.0,1.4911543568354404,0.9675671550671551
255,26959,24699,27215.553697022642,24197.140241506324,12.358303627198987,1523.285444897643,0.0,325.1655709986368,6303.833333333333,6552.0,CE-255 José Rosas Moreno-Guillermo Prieto,19.437118,-99.161862,35,98.75091575091575,90.47252747252747,99.69067288286682,88.634213338851,0.045268511454941346,5.579800164460231,0.0,1.1910826776506842,0.9621235246235246
256,29413,27836,29665.15864396395,26918.072538339464,17.708385459791938,1965.7900359691998,9.06019529853057,613.5629859222282,6188.666666666666,6552.0,CE-256 Gómez Farías-Sadi Carnot,19.437128,-99.158363,23,107.73992673992674,101.96336996336996,108.66358477642473,98.60099830893577,0.06486588080509867,7.200696102451282,0.033187528566046044,2.247483464916587,0.9445461945461945
257,42580,42767,41445.659678168246,41400.51018304226,23.551385866660212,1872.9502389503307,67.84534055661896,7077.100576951978,6265.333333333333,6552.0,CE-257 Manuel Maria Contreras-Villalongin,19.433803,-99.166223,19,155.97069597069597,156.65567765567766,151.8156032167335,151.65022045070424,0.08626881269838906,6.860623585898647,0.24851773097662624,25.923445336820432,0.9562474562474562
258,18150,17986,19481.16932594933,18133.66823410443,116.96169881882236,1335.0072106411144,0.0,24.472989907834677,6218.166666666666,6552.0,CE-258 Circuito Interior-Juan Escutia,19.4165298,-99.1790435,33,66.48351648351648,65.88278388278388,71.359594600547,66.42369316521768,0.4284311312044775,4.890136302714705,0.0,0.0896446516770501,0.9490486365486365
259,20219,21233,21189.069553992624,21527.274228671762,28.843428790195752,1151.495168680919,143.6192435652376,1716.2890705651373,6311.0,6552.0,CE-259 Tómas Alva Edison-Ponciano Arriaga,19.437569,-99.15468,27,74.06227106227107,77.77655677655677,77.61563939191437,78.85448435410902,0.10565358531207235,4.217931020809227,0.5260778152572806,6.28677315225325,0.9632173382173382
260,36469,43160,35791.738470899356,37008.11451102508,7.181094107839797,2113.337797071428,204.43357150587596,16686.62703182385,6168.833333333333,6552.0,CE-260 Av. Juárez-Balderas,19.4353114,-99.1477856,21,133.58608058608058,158.0952380952381,131.10526912417347,135.56085901474387,0.0263043740213912,7.741164091836733,0.7488409212669449,61.1231759407467,0.9415191290191289
261,19251,19365,21626.370585517438,19656.930146289058,0.0,4364.268769804959,55.948853773777316,3925.8232506805534,4798.333333333333,6552.0,CE-261 Paseo de la Reforma-Río de la Plata,19.42491,-99.172455,43,70.51648351648352,70.93406593406593,79.21747467222505,72.00340712926395,0.0,15.986332490128056,0.2049408563142026,14.380304947547815,0.7323463573463573
262,13594,15420,15736.699089530406,16057.739998658182,43.63558496131376,1669.5577114172238,0.0,926.9482885862612,6022.166666666666,6552.0,CE-262 República de Cuba-República de Brasil,19.436931,-99.133952,31,49.794871794871796,56.48351648351648,57.64358640853629,58.81956043464535,0.15983730755059986,6.115596012517304,0.0,3.3954149765064514,0.9191341066341066
263,12570,11212,15085.694727858216,12194.750714154206,0.0,2174.054512843111,0.0,39.81359235129067,5863.5,6552.0,CE-263 Sadi Carnot - Gómez Farias,19.436274,-99.158425,29,46.043956043956044,41.06959706959707,55.25895504709969,44.669416535363396,0.0,7.963569644113959,0.0,0.14583733462011236,0.8949175824175825
264-275,7657,12778,11417.647187374223,13829.705257824095,389.58862286224763,2598.0226745213954,0.0,411.72244150468043,5402.0,6552.0,CE-264-275 Héroes Ferrocarrileros - Jesús Garcia,19.440985,-99.152935,71,28.047619047619047,46.8058608058608,41.82288347023525,50.658261017670675,1.4270645526089656,9.516566573338444,0.0,1.5081408113724557,0.8244810744810744
265,11083,14012,14384.243637148531,15110.532672038787,459.0411856787721,2653.841902025685,26.393738261347416,1111.7075642700663,5652.666666666666,6552.0,CE-265 Mina - Jesús García,19.440839,-99.152265,33,40.5970695970696,51.32600732600733,52.6895371324122,55.34993652761461,1.6814695446108867,9.721032608152694,0.09668035993167552,4.072188880110133,0.8627391127391126
266-267,38134,63918,39618.57762523274,40614.5229103963,1189.0666686425195,5421.878709978264,37.874808831866446,14090.801809146804,5872.0,6552.0,CE-266-267 Jesús García - Carlos J. Meneses,19.444031,-99.152187,75,139.6849816849817,234.13186813186815,145.1229949642225,148.77114619192784,4.3555555627931115,19.860361575011957,0.13873556348669028,51.61465864156338,0.8962148962148963
268-269,19569,19484,22867.794588298642,20666.055252179685,777.1083528890194,3501.0777566366064,86.91381005451832,2353.7178171487553,5813.333333333333,6552.0,CE-268-269 Luis Donaldo Colosio - Av. Jesús García,19.442467,-99.151658,69,71.68131868131869,71.36996336996337,83.76481534175326,75.69983608857028,2.8465507431832213,12.824460647020537,0.3183656045953052,8.621676985892877,0.8872608872608873
270,41689,42050,40279.69769745088,38768.962440642674,5.759317159995488,1895.1557938505262,209.72894917298672,2550.1031430115504,6230.333333333333,6552.0,CE-270 De la República-Ponciano Arriaga,19.436764,-99.153865,33,152.7069597069597,154.02930402930403,147.54468021044278,142.01085143092556,0.021096399853463326,6.9419626148370925,0.7682379090585594,9.341037153888463,0.9509055759055759
271-272,93853,151362,90739.04412466801,44558.512569494625,0.0,10462.87517057418,25.304009841752936,18607.33379494335,5973.166666666666,6552.0,CE-271-272 Jesús García - Carlos J. Meneses,19.443684,-99.152465,74,343.7838827838828,554.4395604395604,332.37745100610994,163.21799476005359,0.0,38.325550075363296,0.09268868073902174,68.15873184960935,0.9116554741554741
273-274,40468,55184,41373.98490966576,36718.14493184067,1199.0467589421123,4712.8515742175405,16.52219854554906,14123.336582573931,5986.166666666666,6552.0,CE-273-274 Luis Donaldo Colosio - Av. Jesús García,19.442707,-99.152956,70,148.23443223443223,202.13919413919413,151.55305827716396,134.49869938403174,4.392112670117627,17.26319257955143,0.06052087379322,51.73383363580194,0.9136396011396011
276,16704,16480,18143.362830680024,16566.305789334918,0.0,1384.2962917834006,60.46472504223723,4102.8712190148935,5983.5,6552.0,CE-276 Anaxágoras-Obrero Mundial,19.401986,-99.156366,19,61.18681318681319,60.366300366300365,66.45920450798543,60.68243878877259,0.0,5.070682387484984,0.22148250931222427,15.02883230408386,0.9132326007326007
277,18644,19177,19340.222325749946,19065.37490890914,10.454276523745248,649.7692128523538,1.3461077316786954,191.92128770362993,6383.666666666666,6552.0,CE-277 Prolongación Tonalá-Obrero Mundial,19.401807,-99.15909,31,68.29304029304029,70.24542124542124,70.84330522252728,69.8365381278723,0.038294053200532044,2.380107006785179,0.004930797551936613,0.7030083798667763,0.9743080993080993
278,12942,12847,14451.366614848857,13775.70892083263,5.912388277140777,647.2071399068551,43.122678009576546,339.59213948666155,6335.5,6552.0,CE-278 Mier Y Pesado-Obrero Mundial,19.40071,-99.163831,19,47.40659340659341,47.05860805860806,52.93540884560021,50.460472237482165,0.021657099916266583,2.3707221242009346,0.1579585275076064,1.2439272508668922,0.9669566544566545
279,10750,10476,12610.322425224256,11536.101752501148,246.61128484091165,781.1360091877846,0.0,0.0,6237.0,6552.0,CE-279 La Morena-Providencia,19.399908,-99.166553,31,39.37728937728938,38.37362637362637,46.191657235253686,42.256782976194685,0.9033380397102991,2.8613040629589177,0.0,0.0,0.9519230769230769
280,22733,25144,22859.44905647391,24605.62619465773,66.71351935196954,359.7066499581926,27.037042454499485,2263.85518398242,6430.333333333333,6552.0,CE-280 Anaxágoras-Obrero Mundial,19.4015,-99.156406,39,83.27106227106228,92.1025641025641,83.73424562810956,90.13049888153014,0.24437186575813016,1.3176067764036359,0.09903678554761716,8.292509831437435,0.9814306064306064
281,23746,23632,23941.59622938652,23277.038770038558,27.127043067469256,465.5673887693828,0.0,369.74638325565013,6398.666666666666,6552.0,CE-281 Pitágoras-La Morena,19.398532,-99.157308,31,86.98168498168498,86.56410256410257,87.6981546863975,85.26387827852952,0.099366458122598,1.7053750504372995,0.0,1.3543823562478026,0.9765974765974765
282,18008,18153,18993.817881599956,18483.81024564076,91.43276991046227,704.870763606223,88.69113473701707,370.0457360511201,6381.5,6552.0,CE-282 La Morena-Eje 2 Poniente Gabriel Mancera,19.398719270170474,-99.16128046816084,19,65.96336996336996,66.49450549450549,69.57442447472512,67.70626463604674,0.3349185711005944,2.5819441890337838,0.3248759514176449,1.3554788866341396,0.9739774114774115
283,11246,11005,13232.038591241426,12006.496884226208,412.282640649676,1043.0941289052055,8.771768153576877,26.223031801138763,6049.166666666666,6552.0,CE-283 Av. Coyoacán-Rafael Dondé,19.397923,-99.167248,19,41.1941391941392,40.311355311355314,48.46900582872317,43.979842066762664,1.510192822892586,3.8208576150373825,0.03213101887757098,0.09605506154263284,0.9232549857549857
284,17083,18466,18275.399999584286,18714.574722569894,13.680666664269323,793.598490752266,0.0,166.66538353471836,6286.333333333333,6552.0,CE-284 Dakota-Vermont,19.397693,-99.172981,31,62.57509157509158,67.64102564102564,66.94285714133439,68.55155576032928,0.050112332103550636,2.906954178579729,0.0,0.6104959103835838,0.9594525844525844
285,15703,12865,17717.083325158044,13774.079789141653,188.57049527747543,2243.202578868685,20.379182887385696,518.0561936249222,6008.0,6552.0,CE-285 12 de Octubre-Minería,19.399763,-99.177538,19,57.52014652014652,47.124542124542124,64.89774111779504,50.4545047221306,0.6907344149358075,8.216859263255257,0.07464902156551537,1.8976417348898251,0.9169719169719169
286,23734,21559,24749.50855995907,21355.344568220655,8.042210036724871,2205.56211451956,0.0,1143.0583512876406,6109.666666666666,6552.0,CE-286 13 de Septiembre-Avenida Patriotismo,19.399201,-99.179943,19,86.93772893772893,78.97069597069597,90.6575405126706,78.22470537809764,0.029458644823168026,8.078982104467253,0.0,4.187026927793555,0.9324888074888074
287,14245,12248,16329.432381128898,13369.022626759286,2.0595191632916943,1944.7801630475574,25.5046403720402,1296.3400587806177,6014.833333333333,6552.0,CE-287 13 de Septiembre-Puente de la Morena,19.398946,-99.183254,19,52.17948717948718,44.86446886446886,59.81477062684578,48.970778852598116,0.007544026239163715,7.123736860980063,0.09342359110637435,4.7484983838117865,0.9180148555148555
288,18298,16172,19716.806203088636,17171.887938955653,45.03929495117635,1665.7679299424722,166.67735114347906,2165.4087745786333,6155.5,6552.0,CE-288 11 de Abril-Avenida 2,19.396339843986805,-99.1835709661791,15,67.02564102564102,59.23809523809524,72.22273334464701,62.900688421082975,0.16497910238526137,6.101714029093305,0.6105397477783115,7.931900273181807,0.939484126984127
290,21743,25516,22265.890767514862,25472.336748131936,6.8249380946726195,648.6688983383548,29.77181482233418,4617.118075436662,6264.166666666666,6552.0,CE-290 Yosemite-Colorado,19.39638,-99.1727082,26,79.64468864468864,93.46520146520146,81.56003944144638,93.3052628136701,0.024999773240559044,2.376076550689944,0.10905426674847685,16.912520422844917,0.9560693935693935
291,31129,31464,30771.01925421234,30217.900726841137,0.0,1172.0430805657547,0.0,1790.5258132272184,6281.5,6552.0,CE-291 Magdalena-División Del Norte,19.397651,-99.169946,35,114.02564102564102,115.25274725274726,112.71435624253604,110.68828105070014,0.0,4.293198097310457,0.0,6.558702612553914,0.9587148962148963
292,21604,21970,22069.058184015947,21802.23796771101,5.776713387830734,549.0821097888527,0.0,264.30811213881873,6325.0,6552.0,CE-292 Adolfo Prieto-Eje 4 Sur Xola,19.396917,-99.166264,31,79.13553113553114,80.47619047619048,80.83904096709138,79.86167753740297,0.021160122299746276,2.0112897794463467,0.0,0.9681615829260759,0.9653540903540904
293,11717,11540,13545.259090049045,12519.746450518971,215.4675892127205,817.7612607390445,0.0,0.5925582017551592,6233.5,6552.0,CE-293 Mier y Pesado-Eje 4 Sur Xola,19.397373,-99.164598,31,42.91941391941392,42.27106227106227,49.61633366318331,45.859877108128096,0.7892585685447637,2.9954624935496135,0.0,0.0021705428635720118,0.9513888888888888
294,12298,12071,14266.527101538792,12984.702318740512,13.872608713644993,1083.95324930389,0.0,81.53273269679684,6149.833333333333,6552.0,CE-294 Nicolás San Juan-Eje 4 Sur Xola,19.39644167553825,-99.16090227668974,21,45.04761904761905,44.21611721611722,52.258341031277624,47.56301215655865,0.050815416533498144,3.970524722724872,0.0,0.29865469852306537,0.938619251119251
295,21780,21259,22511.999507614968,21152.79247399357,2.7294822920298336,967.4140559478399,0.0,186.64494971545366,6251.833333333333,6552.0,CE-295 Anaxágoras-Eje 4 Sur Xola,19.396505,-99.156877,35,79.78021978021978,77.87179487179488,82.46153665793028,77.48275631499476,0.009998103633808915,3.543641230578168,0.0,0.6836811344888413,0.9541870166870167
296,15356,14329,16836.097932090775,14996.645756533524,282.0594235855709,1069.4964745120965,5.0669213951133205,474.01915433039386,6249.333333333333,6552.0,CE-296 Diagonal San Antonio-Enrique Rébsamen,19.394283,-99.158756,23,56.24908424908425,52.48717948717949,61.67068839593691,54.93276833895064,1.0331847017786482,3.917569503707313,0.018560151630451723,1.7363338986461314,0.9538054538054538
297,9146,7721,11722.89217940017,9073.54136361193,442.19047855489725,1674.2041158649495,0.0,21.920082962314208,5785.833333333333,6552.0,CE-297 Diagonal San Antonio-Enrique Rébsamen,19.394412,-99.158907,27,33.501831501831504,28.28205128205128,42.94099699413982,33.23641525132575,1.6197453426919313,6.132615809029119,0.0,0.08029334418430113,0.8830636955636956
298,13727,13548,15272.27764907837,14336.261847418302,0.0,831.5603603687659,19.724815090101643,247.11505025846128,6285.333333333333,6552.0,CE-298 Romero de Terreros-Gabriel Mancera,19.394092,-99.162139,19,50.282051282051285,49.62637362637363,55.942408970983045,52.5137796608729,0.0,3.0460086460394358,0.07225206992711225,0.9051833342800779,0.9592999592999593
299,21208,21123,21879.627708648357,21009.338028385042,44.75194034400481,806.6012494688161,0.6122273140248952,155.82295785360975,6338.333333333333,6552.0,CE-299 Romero de Terreros-Mier Y Pesado,19.394601,-99.165054,27,77.68498168498168,77.37362637362638,80.14515644193537,76.95728215525656,0.16392652140661101,2.954583331387605,0.0022425908938640848,0.5707800653978379,0.9673890923890923
300,17878,16863,19089.996204627096,17254.88301649604,9.348523561168799,1163.8123606414279,0.0,1006.3155784908936,6263.0,6552.0,CE-300 Providencia -Luz Saviñón,19.393228574754442,-99.16839435702059,23,65.48717948717949,61.76923076923077,69.92672602427507,63.2046996941247,0.03424367604823736,4.26304894007849,0.0,3.6861376501497936,0.9558913308913309
301,15740,14477,17420.566189157922,15605.14231150262,0.0,1722.2471466795546,22.695019932578806,6862.885416032916,5809.666666666666,6552.0,CE-301 Luz Saviñón-Magdalena,19.393807,-99.171133,25,57.65567765567766,53.02930402930403,63.81159776248323,57.16169344872754,0.0,6.308597606884815,0.08313194114497731,25.138774417702987,0.8867012617012616
302,32768,36133,32284.63055712153,31224.89378248761,0.0,1765.075764325844,57.83750760346958,11725.56865923072,5937.0,6552.0,CE-302 Luz Saviñón-Magdalena,19.393914210245562,-99.1716746986458,39,120.02930402930403,132.35531135531136,118.25871998945615,114.37690030215241,0.0,6.465478990204557,0.2118590022105113,42.950800949563074,0.9061355311355311
303,18394,20487,19455.375498337475,20184.35846214545,3.543498479386723,1132.7364999411484,42.29093229642573,12225.098927907366,5867.333333333333,6552.0,CE-303 Montecito-Av. Insurgentes,19.394861698080163,-99.17300574486944,26,67.37728937728937,75.04395604395604,71.26511171552188,73.93537898221777,0.012979847909841476,4.1492179485023755,0.15491183991364738,44.780582153506835,0.8955026455026455
304,14550,14739,16479.837872412892,15661.531081357309,0.0,2024.9595563623527,7.572097015077602,7302.39145461072,5291.333333333333,6552.0,CE-304 Montecito-Dakota,19.395043,-99.173821,35,53.2967032967033,53.989010989010985,60.36570649235492,57.368245719257544,0.0,7.4174342723895705,0.02773661910284836,26.748686646925712,0.8075905575905575
305,23884,23216,24257.70589551102,22965.404395728317,11.700111166313592,802.6461945591317,1.1743763353867687,3033.679773766116,6201.5,6552.0,CE-305 Avenida del Parque-Arizona,19.394693,-99.175531,31,87.48717948717949,85.04029304029304,88.85606555132242,84.12236042391325,0.04285755005975675,2.9400959507660502,0.004301744818266552,11.112380123685407,0.946504884004884
306,14663,14518,16446.498086861957,15003.533382501177,286.7124441711408,1428.2257893299243,0.0,29.427464265450933,5750.0,6552.0,CE-306 Dakota-Minnesota,19.393699,-99.175664,35,53.71062271062271,53.17948717948718,60.24358273575808,54.95799773809955,1.0502287332276221,5.2315962979118105,0.0,0.10779290939725616,0.8775946275946276
307,6910,6265,9620.010731727762,7798.52096020625,211.57119179424842,1402.0597931628795,0.0,23.79187369683376,5573.333333333333,6552.0,CE-307 Minnesota-Dakota,19.393711808925048,-99.17581468826029,27,25.31135531135531,22.94871794871795,35.23813454845334,28.566010843246335,0.7749860505283825,5.135750158105786,0.0,0.08714972050122256,0.8506308506308505
308,15402,13805,17121.64391481495,14502.250262548978,163.24212710150752,1514.5276116689183,0.0,0.511727195591842,6092.833333333333,6552.0,CE-308 Nueva York-Arizona,19.393643,-99.178156,31,56.417582417582416,50.56776556776557,62.71664437661154,53.12179583351274,0.5979565095293315,5.547720189263437,0.0,0.001874458591911509,0.9299196174196174
309,15111,13582,16710.50303439952,14267.1677102671,34.707675059892644,1274.2640334661467,0.0,27.187639310319078,6174.5,6552.0,CE-309 Pensilvania-Arizona,19.393059,-99.179483,31,55.35164835164835,49.75091575091575,61.21063382563927,52.26068758339597,0.12713434087872763,4.667633822220317,0.0,0.09958842238212116,0.9423840048840049
310,26736,25292,27134.540074760444,25225.393844976647,69.53266451052042,1524.4240560562007,100.57252205928808,3092.175333326457,6261.833333333333,6552.0,CE-310 Calle 1-Av. Patriotismo,19.395316464981526,-99.18172560637684,15,97.93406593406593,92.64468864468864,99.3939196877672,92.40071005485952,0.2546984048004411,5.583970901304764,0.36839751670068893,11.326649572624385,0.9557132682132682
312,14269,12494,15595.624439380468,13697.17475405686,3.9125779554297213,794.4029242127865,23.738461540022403,1826.5669730264487,6316.666666666666,6552.0,CE-312 Avenida 2-Calle 7,19.39270929935713,-99.18373167525715,27,52.26739926739927,45.765567765567766,57.126829448280105,50.17280129691157,0.014331787382526452,2.909900821292258,0.08695407157517364,6.690721512917395,0.964082214082214
313,12854,11638,15598.82529791033,12570.607789012114,135.52791383165544,2536.4155768190167,0.0,41.07228034668168,5727.666666666666,6552.0,CE-313 Pensilvania-Oklahoma,19.391431,-99.178989,23,47.08424908424909,42.63003663003663,57.138554204799746,46.04618237733375,0.49643924480459867,9.290899548787607,0.0,0.15044791335780835,0.874185999185999
314,10278,9263,12655.581410061519,10516.51553396682,93.89111441698107,1452.0305271715536,0.0,121.8686899378712,5876.666666666666,6552.0,CE-314 Nueva York-Louisiana,19.391647,-99.177331,19,37.64835164835165,33.93040293040293,46.357441062496406,38.522034922955385,0.3439234960328977,5.3187931398225405,0.0,0.4464054576478798,0.8969271469271468
315,17777,20131,19043.605994162157,20586.879836156935,52.62217525469541,1267.6015978357564,53.95764259681167,1949.9405663331966,6102.166666666666,6552.0,CE-315 Alabama-Montana,19.391444264426035,-99.17368702595921,27,65.11721611721612,73.73992673992674,69.7567985134145,75.4098162496591,0.19275522071317,4.643229296101672,0.19764704247916362,7.1426394371179365,0.9313441188441187
316,16756,15233,18030.398469885837,15941.96298015032,0.0,1015.3797769214326,0.0,1772.2049795808052,6205.166666666666,6552.0,CE-316 San Francisco-Concepción Beistegui,19.391056,-99.1712,27,61.37728937728938,55.798534798534796,66.04541564060746,58.39546879175941,0.0,3.7193398422030497,0.0,6.491593331797821,0.9470645095645095
317,29859,29610,29452.566964248595,28459.212065605345,1.9598751499516025,868.2376759339603,0.0,2.018016593691539,6404.0,6552.0,CE-317 Avenida Coyoacán-Torres Adalid,19.391456,-99.166157,35,109.37362637362638,108.46153846153847,107.88486067490328,104.24619804251041,0.0071790298533025735,3.1803577873038837,0.0,0.0073920021746942816,0.9774114774114774
318,13240,12776,15169.540238910187,13611.088507557646,247.06690562974882,1288.0550507148344,0.0,27.72788920087921,6090.333333333333,6552.0,CE-318 Luz Saviñón-Amores,19.392195,-99.163987,23,48.498168498168496,46.798534798534796,55.56608146120948,49.85746706065072,0.9050069803287503,4.718150368918807,0.0,0.10156735971018026,0.9295380545380545
319,14705,13502,16544.374171344654,14192.099854067355,208.5019268858186,1517.5867812332533,0.0,0.0,6132.166666666666,6552.0,CE-319 Diagonal San Antonio-Luz Saviñón,19.391991,-99.162684,27,53.86446886446886,49.45787545787546,60.602103191738664,51.98571375116247,0.7637433219260754,5.558925938583346,0.0,0.0,0.9359228734228733
320,14933,13705,16546.891217460685,14380.406286098478,280.5745085316742,1446.4801751338523,5.1490417139541265,119.3511190190601,6113.0,6552.0,CE-320 Enrique Rébsamen-Luz Saviñón,19.391374,-99.159327,19,54.6996336996337,50.201465201465204,60.61132314088163,52.67548090145962,1.0277454524969751,5.298462179977481,0.018860958659172623,0.4371835861504033,0.932997557997558
321,16652,16340,17822.50590036792,16677.582343494956,30.375692595175458,932.0885422277105,9.275173729264687,76.58834800251807,6309.666666666666,6552.0,CE-321 Torres Adalid-Anaxágoras,19.389477,-99.157513,27,60.99633699633699,59.853479853479854,65.28390439695208,61.09004521426724,0.11126627324240095,3.414243744423848,0.03397499534529189,0.280543399276623,0.9630138380138379
322,8361,7627,10729.132234805189,9002.323394646379,154.88416481700975,1146.0465262642938,0.0,0.0,5994.0,6552.0,CE-322 Heriberto Frías-Concepción Beistegui,19.388456876549792,-99.16064277296753,27,30.626373626373628,27.937728937728938,39.30085067694208,32.975543570133254,0.5673412630659698,4.197972623678732,0.0,0.0,0.9148351648351648
323,20884,20812,21526.163300633296,20669.742295530265,36.206657616761895,845.1469511311913,0.0,28.489165111741826,6364.166666666666,6552.0,CE-323 Concepción Beistegui-Gabriel Mancera,19.388986312246836,-99.1632449628014,27,76.4981684981685,76.23443223443223,78.85041502063478,75.7133417418691,0.1326251194753183,3.095776377769931,0.0,0.10435591616022646,0.9713319088319088
324,11968,11626,14079.83506442195,12541.920878168063,44.129976587554324,1361.5474684005865,1.8783201443299034,19.592715740638727,6052.333333333333,6552.0,CE-324 Amores-Avenida Eugenia,19.387483,-99.165409,19,43.83882783882784,42.586080586080584,51.574487415465015,45.94110211783173,0.1616482658884774,4.987353364104712,0.006880293568974005,0.07176818952614919,0.9237382987382987
325,14262,13352,16116.755658043629,14110.594485631547,145.81168074756908,1391.0328421638076,0.0,25.97305287243547,6084.166666666666,6552.0,CE-325 Providencia -Avenida Del Valle,19.38817793281278,-99.16966706519814,23,52.24175824175824,48.908424908424905,59.03573501114882,51.687159288027644,0.5341087206870663,5.095358396204423,0.0,0.09513938781111894,0.928596866096866
326,19825,22485,20843.77628813548,22408.85447335014,24.090857112684713,1186.045218692536,3.367705206395496,2076.395799824529,5921.666666666666,6552.0,CE-326 Eugenia-Nebraska,19.388978,-99.174811,35,72.61904761904762,82.36263736263736,76.35082889426916,82.08371601959759,0.08824489784866195,4.34448798055874,0.01233591650694321,7.60584542060267,0.9037952787952787
327,18723,17812,20003.58312793934,18073.425206392123,429.8352035861779,1351.8898445848752,8.950144141026223,127.37877645886623,6133.166666666666,6552.0,CE-327 Georgia -Pensilvania,19.38885,-99.17772,23,68.58241758241758,65.24542124542124,73.27319827084007,66.20302273403708,1.5744879252240949,4.9519774526918505,0.03278441077298983,0.46658892475775177,0.9360754985754984
328,19011,15927,20703.91403635969,18209.442809677847,0.0,2631.478063851013,65.49508551372249,10498.118894680701,5957.333333333333,6552.0,CE-328 Avenida 1-Calle 7,19.392721,-99.184727,15,69.63736263736264,58.34065934065934,75.8385129536985,66.70125571310567,0.0,9.639113787000047,0.23990873814550362,38.45464796586337,0.9092389092389092
329,23002,19474,24169.280786054715,19768.90153615024,3.3197802334392352,2141.5079769080508,0.0,690.7314099249377,6132.0,6552.0,CE-329 Calle 13-Avenida 1,19.390306,-99.184812,31,84.25641025641026,71.33333333333333,88.53216405148247,72.41355874047707,0.012160367155455074,7.844351563765754,0.0,2.5301516847067314,0.9358974358974359
330,7651,4723,10746.426058036273,6821.076534976824,120.85088685835062,2485.4669143793585,0.0,1596.2109223806283,5399.666666666666,6552.0,CE-330 Calle 15-Avenida Patriotismo,19.389358,-99.182606,19,28.025641025641026,17.3003663003663,39.36419801478488,24.985628333248442,0.44267724123937957,9.104274411646001,0.0,5.846926455606697,0.824124949124949
331,15368,12172,17051.223799790638,13207.123939396024,79.01558893850193,1490.3256627747967,0.0,834.8588588146416,6166.666666666666,6552.0,CE-331 Avenida 2-Calle 17,19.388748,-99.183924,27,56.29304029304029,44.586080586080584,62.45869523732834,48.377743367751,0.2894343917161243,5.4590683618124425,0.0,3.05809105792909,0.9411884411884411
332,8894,6530,11708.361666227234,8185.0995398221385,141.61893128562443,2172.5839404352764,0.0,580.3557450042339,5563.666666666666,6552.0,CE-332 Calle 27-Avenida 3,19.385494,-99.183744,23,32.57875457875458,23.91941391941392,42.88777167116203,29.98204959641809,0.5187506640499063,7.958182931997349,0.0,2.1258452197957287,0.8491554741554741
333,10096,8698,13603.949014588676,9993.824249295072,180.57530970753504,3058.047188180135,0.0,4.708587206200871,5459.833333333333,6552.0,CE-333 Georgia-Carolina,19.387624,-99.180978,23,36.98168498168498,31.86080586080586,49.831315071753394,36.607414832582684,0.6614480209067217,11.201638051941886,0.0,0.017247572183885975,0.8333078958078958
334,16634,17140,18298.451955808887,17660.896126805823,0.0,1742.0155097174256,0.0,835.6430825574869,5640.333333333333,6552.0,CE-334 Nueva York-Av. Insurgentes,19.386530826718293,-99.17510658508034,27,60.93040293040293,62.78388278388278,67.02729654142449,64.69192720441693,0.0,6.3810091931041235,0.0,3.060963672371747,0.8608567358567358
335,9690,9942,12040.49501184513,11118.849279805183,57.51707730165225,1322.834510296401,0.0,6.380973327892643,5636.333333333333,6552.0,CE-335 Magdalena-Ameyalco,19.386989,-99.173438,35,35.494505494505496,36.417582417582416,44.10437733276605,40.72838564031203,0.21068526484121702,4.845547656763374,0.0,0.023373528673599424,0.8602462352462352
336,13894,13545,15842.754131461208,14325.698107858927,403.96557839512167,1377.3967275157138,0.0,2.198597979506775,6024.333333333333,6552.0,CE-336 San Borja-Cda. Dr. J. Bartolache,19.385531,-99.169673,23,50.89377289377289,49.61538461538461,58.032066415608824,52.47508464417189,1.479727393388724,5.045409258299318,0.0,0.00805347245240577,0.9194647944647945
337,17790,17562,18784.992173597817,17908.603403744044,159.9668743367971,711.3310377689493,2.9712695506606295,139.4682026178629,6366.166666666666,6552.0,CE-337 San Borja-Martín Mendalde,19.384849,-99.16704,19,65.16483516483517,64.32967032967034,68.80949514138395,65.5992798671943,0.5859592466549345,2.605608196955858,0.010883771247841133,0.5108725370617688,0.9716371591371591
338,16870,16745,18168.66280296312,17213.671705694524,0.0,823.7919232447034,0.0,30.639922228384602,6291.166666666666,6552.0,CE-338 Nicolás San Juan-San Borja,19.384242,-99.16326,27,61.794871794871796,61.336996336996336,66.5518783991323,63.05374251170155,0.0,3.017552832398181,0.0,0.11223414735672016,0.9601902726902726
339,7755,7217,9948.519373662382,8648.232269824357,84.46802711672395,780.529032058259,0.0,0.0,6108.666666666666,6552.0,CE-339 Enrique Rébsamen-Avenida Eugenia,19.386212,-99.160583,23,28.406593406593405,26.435897435897434,36.44146290718821,31.678506482873104,0.30940669273525256,2.8590807035101062,0.0,0.0,0.9323361823361822
340,26824,25841,27080.242407161284,25181.074678961166,137.02294443696462,1209.542647613737,0.0,83.90836588172913,6244.333333333333,6552.0,CE-340 Anaxágoras-Avenida Eugenia,19.385625037771153,-99.15819257503244,31,98.25641025641026,94.65567765567765,99.19502713245892,92.23836878740354,0.5019155473881488,4.430559148768268,0.0,0.3073566515814254,0.953042328042328
341,13006,11749,14987.670557600355,12653.589649985723,517.2976576193887,1427.389257721026,0.0,0.0,5950.0,6552.0,CE-341 San Borja-Avenida Cuauhtémoc,19.382889,-99.158352,31,47.64102564102564,43.03663003663004,54.89989215238225,46.35014523804294,1.8948632147230355,5.228532079564198,0.0,0.0,0.9081196581196581
342,7845,6965,10083.121844242065,8402.904315386768,111.55354904563782,859.7107480207052,0.0,0.0,5978.5,6552.0,CE-342 Pitágoras-Av. División del Norte,19.38237,-99.1598779,31,28.736263736263737,25.512820512820515,36.934512249970936,30.779869287131017,0.40862105877523014,3.149123619123462,0.0,0.0,0.912469474969475
343,9845,9253,11724.953375208903,10441.019650413913,22.496681222435242,865.8115190094755,8.976619893242322,374.35765904506013,6119.666666666666,6552.0,CE-343 Enrique Rébsamen-División Del Norte,19.384079,-99.160915,15,36.062271062271066,33.89377289377289,42.94854716193737,38.24549322495939,0.08240542572320601,3.1714707656024745,0.032881391550338174,1.3712734763555317,0.9340150590150589
345,7464,7064,10299.263492334305,8528.900043910735,489.92460490960275,1520.447365520904,0.0,0.0,5736.666666666666,6552.0,CE-345 Patricio Sanz - Miraflores,19.384447,-99.172039,23,27.34065934065934,25.875457875457876,37.72623989866046,31.241392102237125,1.7945956223794972,5.5694042693073404,0.0,0.0,0.8755596255596255
346,7004,7586,9751.566531280076,9079.68808366037,122.99006281447782,1333.6559650101653,0.0,70.19748809653494,5424.0,6552.0,CE-346 San Francisco-Santa Margarita,19.38496594717172,-99.17411729704327,26,25.655677655677657,27.78754578754579,35.72002392410284,33.258930709378646,0.45051305060248287,4.885186685018921,0.0,0.25713365603126354,0.8278388278388278
347,13386,12983,15315.314351565692,14243.41860599029,27.11115548157672,1351.960481149866,86.11433946739687,1953.6202476460835,6027.333333333333,6552.0,CE-347 Pennsylvania-Maximino Avila Camacho,19.384474,-99.176084,19,49.032967032967036,47.556776556776555,56.1000525698377,52.17369452743696,0.09930826183727737,4.952236194688154,0.31543714090621566,7.156118123245727,0.9199226699226699
348,10276,9258,13408.907530116505,10476.633564879005,413.6989484950288,2496.215221804465,5.482776984323201,55.131112844364175,5709.666666666666,6552.0,CE-348 Indiana-Avenida San Antonio,19.3854574,-99.1782718,19,37.64102564102564,33.91208791208791,49.116877399694154,38.375947124098914,1.515380763718054,9.143645501115255,0.020083432177008063,0.20194546829437426,0.8714387464387463
349,10853,9731,13967.912368953423,10927.894217479716,716.5702677624871,2641.308056898578,0.0,40.7078011624158,5666.0,6552.0,CE-349 Augusto Rodin-Avenida San Antonio,19.385632,-99.180848,19,39.75457875457875,35.64468864468864,51.16451417199056,40.028916547544746,2.624799515613506,9.675121087540578,0.0,0.14911282477075383,0.8647741147741148
351,19301,17370,20722.948148494743,18211.747222339665,565.7964922339617,1974.968607002861,189.1893928398773,1644.5058744838602,6136.666666666666,6552.0,CE-351 Calle 27-Avenida Revolución,19.385751,-99.186297,15,70.6996336996337,63.62637362637363,75.90823497617122,66.70969678512698,2.072514623567625,7.234317241768722,0.6930014389739095,6.023831042065422,0.9366096866096865
352,15399,13280,17869.896361380182,14112.197780208298,666.3841826333353,2668.664842162154,0.0,2.0252906221682636,5817.666666666666,6552.0,CE-352 Tintoreto-Giorgione,19.384146,-99.185491,31,56.40659340659341,48.64468864468864,65.45749582923143,51.69303216193516,2.440967701953609,9.775329092169063,0.0,0.0074186469676493175,0.8879222629222628
353,7211,6215,10799.435706137028,7782.164525698465,473.71371930640873,2562.995171560542,0.0,8.957041849120127,5208.166666666666,6552.0,CE-353 Carolina-Holbein,19.3823345657493,-99.17888358246273,23,26.413919413919412,22.765567765567766,39.55837254995249,28.50609716373064,1.7352150890344642,9.388260701686967,0.0,0.03280967710300413,0.7948972323972323
354,15510,16168,17829.45973098412,17345.028445433883,78.36628261826434,2266.225982846361,158.67523222452732,2827.7563282020096,5465.0,6552.0,CE-354 Boston-Av. Insurgentes,19.381714,-99.176664,23,56.81318681318681,59.223443223443226,65.30937630397113,63.534902730527044,0.28705598028668255,8.301194076360296,0.5812279568664005,10.35808178828575,0.8340964590964591
355,8447,7658,11259.304656404422,9121.483849084392,51.75716087432479,1651.3114571074718,1.9609776937048413,52.64188992177536,5377.833333333333,6552.0,CE-355 California-Sacramento,19.38201131984727,-99.17328938847277,19,30.94139194139194,28.05128205128205,41.2428741992836,33.41202875122488,0.18958666986932157,6.0487599161445855,0.007183068475109309,0.19282743561089874,0.8207926332926333
356,15366,15128,16916.303957322474,15931.107663896191,247.89281128300382,1027.7954199729174,76.63643007827376,673.8530309299646,6138.0,6552.0,CE-356 Matías Romero -Adolfo Prieto,19.381287,-99.1702,15,56.285714285714285,55.413919413919416,61.96448336015558,58.355705728557474,0.9080322757619188,3.764818388179185,0.2807195240962409,2.468326120622581,0.9368131868131868
357,16038,15812,17550.685904324484,16336.67337614486,10.219691514117459,1114.4878397052084,0.0,46.58656925949751,6192.666666666666,6552.0,CE-357 Matías Romero -Amores,19.380617,-99.167066,27,58.747252747252745,57.91941391941392,64.28822675576734,59.84129441811304,0.037434767450979706,4.082373039213218,0.0,0.17064677384431323,0.9451566951566951
358,9975,9420,12404.655635372113,10632.631589164792,187.5677793107749,1413.0920270563608,0.0,8.968270983933579,5916.5,6552.0,CE-358 Nicolás San Juan-Matias Romero,19.380087,-99.16427,23,36.53846153846154,34.505494505494504,45.43829903066708,38.94736845847909,0.6870614626768312,5.176161271268721,0.0,0.032850809464958164,0.9030067155067155
359,21727,20737,23169.443688099997,20614.476218566644,105.1290275161979,2243.0956565917168,0.0,0.0,5981.833333333333,6552.0,CE-359 Matías Romero -Pestalozzi,19.379331,-99.161163,31,79.58608058608058,75.95970695970696,84.86975709926739,75.51090189951152,0.3850880128798458,8.216467606563064,0.0,0.0,0.9129782254782254
360,13748,13039,16010.966165573807,13788.468478098965,288.6755127016745,1894.5913324837584,0.0,182.85579906070973,5761.5,6552.0,CE-360 Heriberto Frías-Matias Romero,19.379435,-99.162794,23,50.35897435897436,47.76190476190476,58.64822771272457,50.50721054248705,1.0574194604456941,6.939894990782998,0.0,0.6698014617608415,0.8793498168498168
361,8796,7868,11620.4849073505,9244.640797708982,214.260856739966,1925.1080196307282,0.0,18.782714941342928,5324.166666666666,6552.0,CE-361 Porfirio Díaz-Capulín,19.380691,-99.175036,27,32.21978021978022,28.82051282051282,42.56587878150366,33.8631531051611,0.7848383030767985,7.051677727585085,0.0,0.06880115363129277,0.8126017501017501
362,7125,6144,10477.540270679418,7688.695678768959,786.5923254198595,2259.9167185037427,3.909475104660957,12.663645488148504,5477.5,6552.0,CE-362 Augusto Rodin-Alberto Balderas,19.382123281154726,-99.18109126394484,19,26.0989010989011,22.505494505494507,38.379268390767095,28.163720435051133,2.881290569303515,8.278083217962427,0.014320421628794714,0.04638697981006778,0.8360042735042735
363,14589,14149,16638.805639979393,14782.29720418539,597.6951111999078,1727.3509472933379,0.5257419868042363,15.354630964954799,5801.833333333333,6552.0,CE-363 Holbein-Paulo Ucello,19.380839,-99.183932,23,53.43956043956044,51.827838827838825,60.94800600725053,54.14760880653989,2.189359381684644,6.327292847228343,0.001925794823458741,0.0562440694686989,0.885505698005698
365,20603,19974,21663.477240708402,20908.09732256402,49.48522852898452,1291.371138675959,27.73915709921069,1932.6965945792035,6254.833333333333,6552.0,CE-365 Holbein-Avenida Revolución,19.381123,-99.18667,21,75.46886446886447,73.16483516483517,79.35339648611136,76.58643707898908,0.18126457336624366,4.730297211267249,0.10160863406304282,7.079474705418328,0.9546448921448921
366,12846,12202,15034.83440323914,13098.78174209545,503.2023582214485,1603.1441308870972,5.18453484437337,65.11905752713591,5963.333333333333,6552.0,CE-366 Porfirio Díaz-Augusto Rodin,19.378423,-99.181891,19,47.05494505494506,44.69597069597069,55.07265349171846,47.98088550218114,1.8432320813972471,5.872322823762261,0.01899097012590978,0.2385313462532451,0.9101546601546601
367,6997,6037,10387.194085731375,7645.509353796679,657.0936987483992,2234.2324854288627,0.0,27.59793835755091,5243.666666666666,6552.0,CE-367 Boston -Augusto Rodin,19.379593,-99.181351,19,25.63003663003663,22.113553113553113,38.04832998436401,28.005528768486002,2.406936625452012,8.184001778127701,0.0,0.10109134929505828,0.8003154253154252
369,28876,29655,28772.391585106507,28581.28327546427,5.647633528677217,1089.967608317805,13.286283251064683,946.5234857545519,5999.5,6552.0,CE-369 Porfirio Díaz-Av. Insurgentes,19.379941,-99.177224,35,105.77289377289377,108.62637362637362,105.3933757696209,104.69334533137095,0.020687302302846947,3.992555341823461,0.04866770421635415,3.467118995437919,0.9156746031746031
370,17902,17298,19221.604143815985,17698.09785436454,162.30827317514948,1229.975401066369,2.0989975062713024,1016.1372029426287,5835.166666666666,6552.0,CE-370 Tlacoquemécatl-Av. Insurgentes,19.378799,-99.176821,31,65.57509157509158,63.362637362637365,70.40880638760434,64.82819726873458,0.5945357991763717,4.505404399510509,0.007688635554107335,3.7221142964931455,0.890593203093203
371,14076,13718,15712.423331367765,14457.60158408409,9.455791561041993,1022.9718856983307,0.0,139.4481917179081,6026.166666666666,6552.0,CE-371 Tlacoquemécatl-Capulín,19.378546,-99.174297,23,51.56043956043956,50.24908424908425,57.55466421746434,52.95824756074758,0.034636599124695945,3.74714976446275,0.0,0.5107992370619344,0.9197446072446072
372,28491,28909,28004.59096527267,28201.32400913391,0.0,468.21927431494515,186.3379231394923,2144.4793122687956,6464.833333333333,6552.0,CE-372 Dr. Roberto Gayol-Tlacoquemécatl,19.377966,-99.170272,19,104.36263736263736,105.89377289377289,102.58091928671307,103.30155314701067,0.0,1.715088916904561,0.6825564950164553,7.855235576076175,0.9866961741961742
373,11904,11736,13851.713616261764,12775.932743070098,0.0,1043.8379893432545,13.711784623633744,508.3479657502265,6168.5,6552.0,CE-373 Pilares-Gabriel Mancera,19.377932,-99.166594,19,43.604395604395606,42.989010989010985,50.738877715244556,46.7982884361542,0.0,3.82358237854672,0.05022631730268771,1.8620804606235402,0.941468253968254
374,24485,24126,24903.81007782937,23592.35313783171,0.0,998.0895279976576,1.761692067821546,243.68577232430698,6259.166666666666,6552.0,CE-374 Pitágoras-Pilares,19.376959,-99.161099,31,89.68864468864469,88.37362637362638,91.22274753783653,86.41887596275352,0.0,3.6560055970610166,0.0064530844975148206,0.8926218766458132,0.9553062678062677
375,10651,9801,12960.764295702187,10837.827654728217,0.0,1550.4575175806062,1.9682923595875081,348.21790008181665,5626.166666666666,6552.0,CE-375 Tenayuca-División Del Norte,19.376793,-99.158847,23,39.014652014652015,35.9010989010989,47.4753270904842,39.69900239827186,0.0,5.679331566229327,0.007209862123031165,1.275523443523138,0.8586945461945461
377,26344,27276,26188.080344260154,26376.84169558283,21.326325869584398,454.41779284029064,3.9865998949133328,266.0564590311491,6316.5,6552.0,CE-377 Heriberto Frías-Miguel Laurent,19.375397,-99.163778,35,96.4981684981685,99.91208791208791,95.92703422805917,96.61846774938765,0.07811840977869743,1.6645340397080244,0.014602930017997557,0.9745657839968831,0.9640567765567766
378,16259,16485,17331.829711024282,16833.963228099856,19.541512469829772,546.1962751137888,0.0,31.50479411704123,6291.833333333333,6552.0,CE-378 Miguel Laurent-Amores,19.375865,-99.168219,31,59.556776556776555,60.38461538461539,63.486555718037664,61.66286896739874,0.07158063175761821,2.000718956460765,0.0,0.11540217625289827,0.9602920227920227
380,10567,9936,12867.891664458433,11112.952623032486,30.62311463142322,1291.8335749882494,0.0,56.527099555774015,5657.833333333333,6552.0,CE-380 Moras-San Lorenzo,19.374756,-99.173539,23,38.70695970695971,36.395604395604394,47.13513430204554,40.70678616495416,0.11217258106748433,4.731991117173075,0.0,0.20705897273177296,0.863527676027676
381,16650,15340,18639.280684098703,15892.906072964292,53.12242158205141,2007.3335257405308,0.0,1152.9913700072204,5736.833333333333,6552.0,CE-381 San Lorenzo-Manzanas,19.375543381100602,-99.17801052342838,23,60.989010989010985,56.19047619047619,68.27575342160696,58.21577316104136,0.19458762484267916,7.352870057657622,0.0,4.22341161174806,0.875585063085063
384,24241,21060,25575.334530623823,21539.838969206117,69.05090955126508,2947.9790685760163,21.182608335871894,3687.521850794578,5965.166666666666,6552.0,CE-384 Empresa-Poussin,19.375865,-99.185573,23,88.7948717948718,77.14285714285714,93.68254406821913,78.90050904471106,0.2529337346200186,10.798458126652074,0.07759197192627067,13.507406046866585,0.9104344729344729
385,21714,18660,22654.03911181845,19152.80797649081,31.085113841097392,1880.134834630993,4.467672259039729,4016.7171424015964,6164.166666666666,6552.0,CE-385 Poussin-Empresa,19.375650918831095,-99.18558642279095,35,79.53846153846153,68.35164835164835,82.98182824841922,70.15680577469162,0.11386488586482561,6.886940786194113,0.016365099849962376,14.713249605866654,0.9408068783068783
386,19410,15788,21076.608726708448,16286.94181446602,40.23837602631177,2424.6859350954237,0.0,1232.0503932121571,6002.666666666666,6552.0,CE-386 Poussin-Donatello,19.374912,-99.185807,39,71.0989010989011,57.83150183150183,77.20369496962802,59.65912752551655,0.1473933187776988,8.881633461887999,0.0,4.513005103341235,0.9161579161579161
387,11482,10729,13497.343185591893,11789.931206724525,33.403626798109194,1175.7113304123022,0.21323093026128562,399.49711333369476,5953.5,6552.0,CE-387 Cadiz-Empresa,19.374267,-99.180546,19,42.05860805860806,39.3003663003663,49.44081752964063,43.18656119679313,0.1223576073190813,4.306634909935173,0.0007810656786127678,1.4633593895007133,0.9086538461538461
389,40666,38061,39462.6510536266,36275.390540417735,3.057033927909937,1473.6905488101556,0.0,1338.2407586081092,6169.166666666666,6552.0,CE-389 Santander-Félix Cuevas,19.373655,-99.179029,39,148.95970695970695,139.41758241758242,144.55183536126958,132.8768884264386,0.011197926475860575,5.398133878425479,0.0,4.9019808007623045,0.941570004070004
390-391,43846,36540,42225.96515326071,34852.27802890031,0.0,2751.2125296044605,0.0,14253.341271596653,6036.166666666666,6552.0,CE-390-391 Oso-Félix Cuevas,19.373161,-99.178243,47,160.6080586080586,133.84615384615384,154.673865030259,127.66402208388394,0.0,10.077701573642713,0.0,52.21004128789983,0.9212708587708587
392,16192,15683,17704.240104824526,16210.044027441285,89.94693650353665,1206.3923035107293,10.352093428280657,389.0171778420043,5856.5,6552.0,CE-392 Patricio Sanz-Félix Cuevas,19.373004,-99.174764,19,59.311355311355314,57.446886446886445,64.8506963546686,59.377450649968075,0.3294759578884126,4.419019426779228,0.037919756147548195,1.424971347406609,0.8938492063492064
393,18505,17477,20155.58709438053,17730.58632772659,422.62543338723987,1743.7351586436184,0.0,0.0,5690.833333333333,6552.0,CE-393 Adolfo Prieto-Félix Cuevas,19.373307,-99.172471,35,67.78388278388279,64.01831501831502,73.82998935670524,64.94720266566516,1.5480785105759702,6.387308273419848,0.0,0.0,0.868564306064306
394,15544,14378,18187.246317063386,15007.970996658434,836.0058515718171,2698.2139934226825,0.0,8.999213730716232,5585.166666666666,6552.0,CE-394 Dr. Roberto Gayol-Félix Cuevas,19.372474,-99.171639,35,56.937728937728934,52.666666666666664,66.61994987935306,54.97425273501258,3.0622924966000626,9.883567741475028,0.0,0.032964152859766414,0.8524369149369149
395,11538,11148,13934.676430493324,12196.47061148777,83.24095943503966,1495.2690808302639,0.0,11.180631022926589,5466.333333333333,6552.0,CE-395 San Lorenzo-Martín Mendalde,19.373725,-99.169807,31,42.26373626373626,40.83516483516483,51.04277080766786,44.67571652559623,0.30491193932248956,5.4771761202573765,0.0,0.04095469239167249,0.8342999592999593
396,13581,12640,15553.879244202484,13481.508238409333,208.46060537145433,1537.624234071419,0.0,247.34905393936464,5910.833333333333,6552.0,CE-396 Martin Mendalde-Felix Cuevas,19.37165,-99.17015,19,49.747252747252745,46.3003663003663,56.97391664543034,49.38281406010745,0.7635919610675983,5.63232320172681,0.0,0.9060404906203833,0.9021418396418396
397,21131,20344,22278.363118259564,20404.953327314095,249.55518246877241,1307.904493945763,0.0,37.84472429664156,5971.166666666666,6552.0,CE-397 San Lorenzo-Gabriel Mancera,19.37313576931919,-99.16706666355822,31,77.40293040293041,74.52014652014653,81.6057257079105,74.74341878137031,0.9141215475046609,4.790858952182282,0.0,0.13862536372396175,0.9113502238502238
398,28712,27621,28786.116864380652,26607.95266692978,110.72294992379824,1572.4869567478984,0.9693278608083276,160.33601060744783,6133.5,6552.0,CE-398 Juan Sánchez Azcona-Félix Cuevas,19.37104,-99.165653,27,105.17216117216117,101.17582417582418,105.44365151787785,97.46502808399187,0.4055785711494441,5.760025482593035,0.0035506515047924085,0.5873113941664756,0.9361263736263736
399,22948,22618,23567.60943861049,22294.1474791535,4.946769160656169,1060.957693967237,0.0,236.47138809268245,6155.5,6552.0,CE-399 Heriberto Frías-San Lorenzo,19.372469,-99.164538,35,84.05860805860806,82.84981684981685,86.32823970186992,81.66354387968315,0.018120033555517102,3.8862919192939085,0.0,0.8661955607790566,0.939484126984127
401,19320,18650,20253.668026933698,18835.333689812316,69.45213147223842,794.4192980353018,2.177825756253931,437.8220602013303,6138.166666666666,6552.0,CE-401 San Lorenzo-Avenida Cuauhtémoc,19.372101,-99.161501,31,70.76923076923077,68.31501831501832,74.1892601719183,68.99389629967881,0.2544034119862213,2.9099607986641094,0.007977383722541871,1.6037438102612833,0.9368386243386242
402,12690,12185,20747.99665251789,12887.454735711222,7203.323683000723,8077.068119742945,0.0,326.2445308234174,3977.333333333333,6552.0,CE-402 Uxmal-Municipio Libre,19.371142,-99.158591,27,46.48351648351648,44.633699633699635,75.99998773816077,47.20679390370411,26.385801036632685,29.586330108948516,0.0,1.1950349114410894,0.607041107041107
404,18945,17285,20311.383122557858,17479.910196798286,0.0,1451.1564676572493,0.0,541.8698564147248,6088.5,6552.0,CE-404 Miguel Laurent-Avenida División Del Norte,19.373833,-99.157433,31,69.3956043956044,63.315018315018314,74.40067077860022,64.0289750798472,0.0,5.315591456619961,0.0,1.984871268918406,0.9292582417582418
405,29910,28083,30244.08765775288,27186.916820619466,0.0,1934.471814111855,5.1086465131790995,2497.9172575155685,6038.333333333333,6552.0,CE-405 División Del Norte-Municipio Libre,19.370565558464016,-99.15662247688942,27,109.56043956043956,102.86813186813187,110.78420387455267,99.585775899705,0.0,7.085977341069066,0.018712990890765932,9.149880064159591,0.9216015466015466
407,9442,9207,11467.002636452557,10364.869846773874,256.73016618301716,843.8141535655965,13.4457222549842,146.78245762014413,6149.0,6552.0,CE-407  Prolongación Xochicalco-General Emiliano Zapata,19.36726591257277,-99.15865559132271,19,34.586080586080584,33.72527472527472,42.003672660998376,37.96655621528892,0.940403539131931,3.0908943354051153,0.049251729871736996,0.5376646799272679,0.9384920634920635
409,11389,11434,13189.005910691103,12333.206333887927,126.58156107185906,869.9649811296215,0.0,80.11213954569706,6230.666666666666,6552.0,CE-409 Azores - División Del Norte,19.3650233,-99.1554899,23,41.717948717948715,41.88278388278388,48.31137696223847,45.17657997761145,0.4636687218749416,3.186684912562716,0.0,0.2934510606069489,0.9509564509564509
412,18725,19348,19419.387097304763,19218.442725700905,79.8588539389886,591.929503907397,0.0,219.64902011404772,6145.166666666666,6552.0,CE-412 Parroquia-Avenida Universidad,19.368107,-99.164376,34,68.58974358974359,70.87179487179488,71.13328607071342,70.39722610146852,0.2925232745017898,2.1682399410527364,0.0,0.804575165252922,0.9379070004070004
413,11912,11216,14677.317681813109,12247.578733991419,116.51921406318864,2101.6391664979446,0.0,0.0,5673.0,6552.0,CE-413 Parroquia-Avenida Coyoacán,19.369823,-99.172164,35,43.633699633699635,41.08424908424909,53.76306843154985,44.86292576553633,0.4268103079237679,7.698311965193937,0.0,0.0,0.8658424908424909
414,10305,9320,13042.366844709084,10502.074225211163,249.4126790207222,1917.1063379772725,0.0,0.0,5655.666666666666,6552.0,CE-414 Parroquia-José Ignacio Bartolache,19.370213835587535,-99.17385498530166,27,37.747252747252745,34.13919413919414,47.7742375264069,38.469136356084846,0.9135995568524623,7.022367538378288,0.0,0.0,0.8631969881969881
415,8097,7062,11315.96265492407,8500.987371865172,17.60422794519664,2175.3373369163246,0.0,0.0,5037.166666666666,6552.0,CE-415 San Francisco-Parroquia,19.37099,-99.176135,27,29.65934065934066,25.86813186813187,41.45041265539952,31.139147882290008,0.06448435144760674,7.96826863339313,0.0,0.0,0.7687983312983312
416,10855,8720,14012.345483920595,9963.772338085455,477.08114409054406,2836.0024932252973,0.0,29.78720586674476,4842.333333333333,6552.0,CE-416 Recreo-Parroquia,19.371279,-99.177623,27,39.76190476190476,31.94139194139194,51.32727283487397,36.4973345717416,1.7475499783536412,10.388287520971785,0.0,0.10911064420053025,0.739061864061864
417,10307,9762,13045.679935288366,10964.817462040777,180.94577383212885,1795.2716042093589,0.0,0.0,5624.666666666666,6552.0,CE-417 Goya-Augusto Rodin,19.373447,-99.184465,27,37.75457875457875,35.75824175824176,47.78637338933468,40.164166527621894,0.6628050323521203,6.576086462305344,0.0,0.0,0.8584656084656084
419,17814,18830,18998.418067038674,19078.775204639365,173.12210636886283,870.0623168313022,10.614532072483092,335.8783910027032,5913.0,6552.0,CE-419 Actipan-Cadiz,19.370615,-99.181606,30,65.25274725274726,68.97435897435898,69.59127497083763,69.88562346021746,0.6341469097760544,3.1870414535945133,0.03888106986257543,1.2303237765666784,0.9024725274725275
420,15231,14663,17530.977288109418,15516.25943776946,2.655406063188513,2336.3403333147703,0.0,1354.3773165083562,5056.333333333333,6552.0,CE-420 María Luz Bringas-Oso,19.36967233269665,-99.17958118026945,23,55.79120879120879,53.71062271062271,64.21603402237882,56.83611515666469,0.009726762136221659,8.558023198955203,0.0,4.96108907145918,0.7717236467236467
421,7612,6424,11324.07162503695,7996.558386814146,723.674630411854,3017.271605298075,0.0,14.079606749076683,4476.666666666666,6552.0,CE-421 María Luz Bringas-Oso,19.36952,-99.179421,31,27.882783882783883,23.531135531135533,41.48011584262619,29.291422662322876,2.650822822021443,11.052276942483791,0.0,0.05157365109551899,0.6832519332519331
422,4817,3972,8737.29537953961,5777.391738262895,1087.786446096372,2669.385270427479,0.0,0.0,4641.166666666666,6552.0,CE-422 Búfalo-José María Rico (Eje 8),19.368403,-99.177472,19,17.644688644688646,14.54945054945055,32.00474497999857,21.162607099864086,3.984565736616747,9.77796802354388,0.0,0.0,0.7083587708587707
423,8001,7797,10376.403560003797,9215.683613288233,423.9572438682891,943.3112402493219,0.0,0.8354088720263346,5922.5,6552.0,CE-423 Moras-José María Rico (Eje 8),19.367816,-99.175269,23,29.307692307692307,28.560439560439562,38.008804249098155,33.75708283255763,1.5529569372464802,3.4553525283857947,0.0,0.003060105758338222,0.9039224664224664
424,12156,11815,13962.128384698613,13112.649262555211,0.0,934.2845506732644,89.84099032086618,1175.0167608303914,6124.666666666666,6552.0,CE-424 Amores-José María Rico (Eje 8),19.367103332434564,-99.17058136315518,11,44.527472527472526,43.27838827838828,51.143327416478435,48.03168228042202,0.0,3.422287731403899,0.3290878766332095,4.304090699012423,0.9347781847781846
425,22370,23672,22575.745456042117,23043.411109601908,12.678998352871462,495.0503630224262,0.0,541.1185281937853,6197.666666666666,6552.0,CE-425 Nicolas San Juan-Avenida Universidad,19.36704,-99.167387,35,81.94139194139194,86.71062271062272,82.69503830052058,84.40809930257109,0.046443217409785575,1.8133712931224404,0.0,1.9821191508929865,0.9459198209198209
427,17315,17362,18800.474711647646,17863.357606240977,313.6336789431507,1290.6052747470162,60.23456866933026,708.7867942331889,6157.833333333333,6552.0,CE-427 Avenida México-Coyoacán-Av. Popocatépetl (Eje 8),19.364956,-99.1629867,19,63.42490842490842,63.5970695970696,68.86620773497306,65.43354434520505,1.1488413148100758,4.727491848890169,0.2206394456752024,2.5962886235647944,0.9398402523402523
428,12090,11677,14029.188250886888,12626.877729803908,151.48561418698517,1072.3268033388495,0.0,7.017783452074155,6184.333333333333,6552.0,CE-428  Prolongación Uxmal-Av. Popocatépetl (Eje 8),19.363404,-99.160395,27,44.285714285714285,42.772893772893774,51.38896795196662,46.25229937657109,0.5548923596592864,3.927937008567214,0.0,0.02570616649111412,0.9438848188848188
429,10097,9734,12144.803319741797,10969.24417843753,90.70907983357282,875.7332265186456,0.0,102.22385565859733,6206.0,6552.0,CE-429 Pirineos-Av. Popocatépetl (Eje 8),19.363060918104924,-99.15833439679318,19,36.985347985347985,35.65567765567766,44.48645904667325,40.18038160599828,0.3322676916980689,3.2078140165518154,0.0,0.37444635772379975,0.9471916971916972
430,11998,12584,13461.112661040725,13902.229910352175,61.69451485631321,522.7169922495854,28.681254106732098,1013.8659119914286,6370.833333333333,6552.0,CE-430 Tripoli-Av. Popocatépetl (Eje 8),19.36205,-99.154976,23,43.94871794871795,46.095238095238095,49.30810498549716,50.923919085539104,0.2259872339059092,1.9147142573244884,0.10505953885249852,3.7137945494191524,0.9723494098494098
432,14829,15224,16219.165666215993,15744.245752337454,283.4595581120039,672.8067548732741,0.0,5.809737129826827,6191.0,6552.0,CE-432 Carrillo Puerto-Avenida México-Coyoacan,19.361245,-99.16239,35,54.31868131868132,55.765567765567766,59.41086324621243,57.671229862041955,1.03831339967767,2.464493607594411,0.0,0.021281088387644056,0.9449023199023199
433,6585,5664,9575.4283198359,7291.412095881816,139.2296829755219,1783.6623240193244,0.0,2.336300264347682,5382.5,6552.0,CE-433 Jose María Olloqui-Lopéz Cotilla,19.363548,-99.170766,19,24.12087912087912,20.747252747252748,35.074829010387916,26.708469215684307,0.5099988387381755,6.533561626444412,0.0,0.008557876426181985,0.821504884004884
434,5022,4025,8904.471763020534,5819.575411732283,647.5740410427001,2632.5962512270003,0.0,0.0,4667.5,6552.0,CE-434 Jose María Olloqui-Amores,19.363698614576656,-99.17118497195588,27,18.395604395604394,14.743589743589743,32.6171126850569,21.317126050301404,2.372066084405495,9.643209711454213,0.0,0.0,0.7123778998778999
436,10054,9926,12427.884263379785,11095.21784857412,148.6303296852847,1257.3262659596617,0.0,9.652336172555689,5819.833333333333,6552.0,CE-436 Rodríguez Saro-Búfalo,19.36623,-99.177904,30,36.827838827838825,36.35897435897436,45.523385580145735,40.64182362115063,0.5444334420706399,4.6055907178009585,0.0,0.03535654275661425,0.8882529507529507
437,6429,6381,9802.397890334541,8044.303024037957,447.036272168669,1927.5488797724029,6.269925179846671,125.8435788215875,4725.333333333333,6552.0,CE-437 Moras-Comunal,19.364916,-99.175985,19,23.54945054945055,23.373626373626372,35.906219378514805,29.46631144336248,1.637495502449337,7.060618607224919,0.022966758900537256,0.4609654901889652,0.7212047212047211
438,7959,7446,10989.44632322664,8863.236666839588,698.6046343415705,1878.7351672452105,0.0,10.158170858761999,5364.166666666666,6552.0,CE-438 Adolfo Prieto-José María Olloqui,19.36473,-99.174447,23,29.153846153846153,27.274725274725274,40.25438213636132,32.466068376701784,2.5589913345845074,6.881813799433005,0.0,0.03720941706506226,0.8187067562067561
439,9577,8723,12373.213387423031,10029.839005084488,366.7657076074456,1822.9309467625549,0.0,58.06004697396151,5671.833333333333,6552.0,CE-439 Amores-Avenida Coyoacán,19.362037,-99.172683,19,35.08058608058608,31.952380952380953,45.32312596125652,36.73933701496149,1.3434641304302037,6.677402735393974,0.0,0.21267416473978576,0.8656644281644281
440,17638,15998,20400.349678417766,16443.555999024284,107.90493953259428,3706.9431824281337,0.0,127.21234433969441,5555.666666666666,6552.0,CE-440  Martin Mendalde - M. López Cotilla,19.3617925,-99.1714707,27,64.60805860805861,58.6007326007326,74.72655559859987,60.23280585723181,0.39525618876408164,13.57854645578071,0.0,0.4659792832955839,0.8479344729344729
441,18739,19910,20232.053668597142,19876.420521366683,430.0144551378773,1612.2418541917525,0.0,108.8255090475802,5542.0,6552.0,CE-441 Puente Xoco-Real de Mayorazgo,19.361213660076572,-99.16772089901315,31,68.64102564102564,72.93040293040293,74.11008669815803,72.80740117716734,1.5751445243145688,5.905647817552207,0.0,0.39862823826952454,0.8458485958485958
442,9277,9139,11763.848308475639,10357.099428237863,385.56582380866087,1321.5987755661831,32.195616954125875,120.51646897101817,5293.5,6552.0,CE-442  Real de Mayorazgo - Avenida México - Coyoacán,19.359863,-99.165065,23,33.98168498168498,33.476190476190474,43.09101944496571,37.93809314372844,1.4123290249401497,4.841021155920084,0.11793266283562591,0.4414522672931068,0.8079212454212454
443,4395,4177,7420.988329256163,5972.428757721841,578.4826348432318,1214.1097775463652,0.0,0.0,5264.333333333333,6552.0,CE-443 Bruno Traven-Golondrinas,19.359583,-99.162085,31,16.0989010989011,15.300366300366301,27.183107433172758,21.87702841656352,2.118984010414769,4.447288562440898,0.0,0.0,0.8034696784696784
444,10944,11092,13092.811260330507,12102.955538298846,667.5852177667373,1142.8745833902112,1.5685728591345165,10.120306064889066,6205.333333333333,6552.0,CE-444 General Manuel Rincón-Agustín Gutierrez,19.359475,-99.159437,19,40.08791208791209,40.63003663003663,47.959015605606254,44.33317046995914,2.4453670980466566,4.186353785312129,0.005745688128697863,0.03707071818640684,0.9470899470899471
445-446,12181,12310,13754.958739480195,13051.789460142345,164.57577794962774,653.6795587694995,0.0,0.0,6233.833333333333,6552.0,CE-445-446 Riff-Avenida Río Churubusco,19.35857050753971,-99.15610156956063,59,44.61904761904762,45.091575091575095,50.3844642471802,47.808752601254014,0.6028416774711639,2.394430618203295,0.0,0.0,0.9514397639397639
447,25740,24692,26102.236318651787,24511.042609212072,0.0,1203.9250153782316,0.0,1791.3355040479166,6255.833333333333,6552.0,CE-447 Agustín Melgar-Zamora,19.418879,-99.176854,27,94.28571428571429,90.44688644688645,95.61258724780875,89.78403886158269,0.0,4.409981741312204,0.0,6.5616685129960315,0.9547975172975173
448,17534,17118,18700.660100896515,17450.551589222818,35.50998984887049,935.008969685355,1.0874099512655406,183.3302604086774,6336.0,6552.0,CE-448 Dr. Andrade-Arcos De Belén,19.426611,-99.14447,31,64.22710622710623,62.7032967032967,68.50058645017039,63.921434392757575,0.1300732228896355,3.4249412808987363,0.00398318663467231,0.6715394154164007,0.967032967032967
449,38161,36071,36993.92616059871,34605.139829584135,8.553774188965583,1096.698388715509,14.53320058924562,2794.324484697425,6266.666666666666,6552.0,CE-449 Acapulco-Puebla,19.420281,-99.174392,27,139.78388278388277,132.12820512820514,135.50888703516011,126.75875395452064,0.03133250618668712,4.017210215075124,0.0532351669935737,10.23562082306749,0.9564509564509563
450,23769,25864,24101.60580208958,25053.450892900695,0.0,971.9050957373602,95.62137303420535,2819.260030872464,6341.166666666666,6552.0,CE-450 Ramos Arizpe- Av México Tenochtitlan,19.43832573320297,-99.15223784747468,31,87.06593406593407,94.73992673992674,88.28427033732447,91.77088239157764,0.0,3.560091925777876,0.35026143968573387,10.326959820045657,0.9678215303215302
451,13332,10423,17341.501345899967,12290.363387722271,341.8991936853309,4545.987907510295,172.4275987393205,2266.429032273097,4448.0,6552.0,CE-451 Campos Elíseos-Goldsmith,19.428847,-99.201299,33,48.83516483516483,38.17948717948718,63.52198295201453,45.019646108872784,1.2523779988473658,16.65197035718057,0.6316029257850568,8.301937847154202,0.6788766788766789
452,12332,11844,15294.49894428976,14543.049612255465,456.0064826489588,2650.2509473726477,1146.3080645004798,3212.3527684470655,5057.0,6552.0,CE-452 Leibnitz-Av. Ejercito Nacional,19.435867,-99.179856,15,45.172161172161175,43.38461538461539,56.02380565673905,53.271244000935766,1.6703534162965523,9.707878928104936,4.198930639195897,11.76685995768156,0.7718253968253969
453,14884,9963,18667.976950554697,11584.324128398997,0.0,5774.968377775734,139.1157079778595,3463.834467441944,4041.333333333333,6552.0,CE-453 Pedregal-Teapa,19.424842,-99.203739,31,54.52014652014652,36.494505494505496,68.3808679507498,42.433421715747244,0.0,21.153730321522833,0.5095813479042473,12.688038342278183,0.6168091168091168
454,12119,7365,16971.567959847624,10052.432227335501,600.7755068020639,7751.616567923063,465.1269033851792,4682.958879428025,3041.0,6552.0,CE-454 Montes Urales-Monte Pelvoux,19.425905,-99.204236,15,44.391941391941394,26.978021978021978,62.16691560383745,36.822096070826014,2.200642882058842,28.39419988250206,1.7037615508614623,17.153695529040387,0.46413308913308915
455,22935,17987,24635.686503753113,18918.84259271362,0.0,4571.259919139947,595.6125200401021,7373.728060496819,4900.333333333333,6552.0,CE-455 Pedregal-Ferrocarril De Cuernavaca,19.426308,-99.2033,23,84.01098901098901,65.88644688644689,90.24060990385756,69.29978971689971,0.0,16.744541828351455,2.181730842637737,27.009992895592745,0.7479141229141228
456,11544,6407,15730.59126269469,8883.308259111922,261.20836174642454,5269.423036937749,165.28313023744735,2161.566600933244,3866.6666666666665,6552.0,CE-456 Alpes-Montes Escandinavos,19.427517,-99.208412,27,42.285714285714285,23.468864468864467,57.621213416464066,32.53959069271766,0.956807185884339,19.30191588621886,0.6054327114924811,7.917826377044849,0.5901505901505901
457,10735,6065,15371.197620046123,8882.067735996236,201.00520666770302,6059.271157256988,28.23057730661688,3480.7164834680225,3672.6666666666665,6552.0,CE-457 Av. Prado Norte-Explanada,19.42703,-99.212845,17,39.32234432234432,22.216117216117215,56.30475318698213,32.535046652000865,0.7362828083066044,22.19513244416479,0.10340870808284572,12.749877228820596,0.5605413105413105
458,11359,7767,15592.145954411073,10482.560425012818,108.69599597196901,5863.390847776623,308.39374516661576,4372.426263702685,3543.333333333333,6552.0,CE-458 Montes Urales-Volcán,19.428679,-99.206605,19,41.608058608058606,28.45054945054945,57.1140877450955,38.39765723447919,0.3981538313991539,21.477622153027923,1.1296474181927316,16.016213420156355,0.5408017908017908
459,18256,15496,21820.05865694043,16207.875833956396,37.73525961620785,5262.722595132821,502.1353193746561,4974.318152603979,4367.0,6552.0,CE-459 Volcán-Montes Urales,19.429323620268587,-99.2071587592636,31,66.87179487179488,56.76190476190476,79.92695478732757,59.36950854929083,0.13822439419856355,19.277372143343666,1.8393235141928794,18.22094561393399,0.6665140415140415
460,19732,18189,22328.7539663774,19209.48651105928,10.515322942550458,3690.5340868408207,245.64601659607268,5411.929192193607,4970.0,6552.0,CE-460 Juan Vázquez De Mella-Homero,19.43716476942747,-99.20793056498951,35,72.27838827838828,66.62637362637362,81.79030756914798,70.3644194544296,0.03851766645622878,13.518439878537805,0.8998022585936728,19.82391645492164,0.7585470085470085
461,24329,19575,25869.864733128972,20240.97636683488,64.45921886481653,3053.226203086221,163.6586255387007,3388.498593616521,5816.833333333333,6552.0,CE-461 Presa Don Martín-Boulevard Miguel De Cervantes Saavedra,19.440106,-99.210031,31,89.11721611721612,71.7032967032967,94.7614092788607,74.14277057448673,0.2361143548161778,11.183978765883595,0.5994821448304055,12.412082760500077,0.8877950752950753
462,13592,13340,16612.179223104573,14977.957349925597,625.2599122042279,3020.6193677870665,317.6337460063282,2051.4637476475364,5194.5,6552.0,CE-462 Presa Falcón-Presa Danxhó,19.442338,-99.205198,23,49.78754578754579,48.86446886446886,60.85047334470539,54.864312637090094,2.2903293487334357,11.064539808743833,1.1634935751147553,7.514519222152148,0.7928113553113553
463,26440,26617,27247.311842645726,27245.842018793286,2.7761397510358736,2086.1447189607893,565.2405734464322,5835.752754109036,5874.0,6552.0,CE-463 Lago Andrómaco-Lago Zurich,19.443238843979106,-99.20280866324902,27,96.84981684981685,97.4981684981685,99.80700308661439,99.80161911645892,0.010169010077054482,7.641555747109118,2.0704782910125723,21.37638371468511,0.8965201465201466
464,27080,27137,27608.058688087083,27388.380509360435,61.21009962310071,1869.0292827219253,672.5037442970007,5942.294306982698,5897.0,6552.0,CE-464 Mateo Alemán-Prolongación Moliere,19.442421,-99.199838,23,99.1941391941392,99.40293040293041,101.12842010288308,100.32373812952541,0.22421281913223703,6.846261108871521,2.4633836787435923,21.766645813123436,0.900030525030525
465,36751,30408,36791.417105983346,29967.15007645588,27.862974135879114,4106.900907556719,135.8559725795372,5187.177116836636,6117.666666666666,6552.0,CE-465 Lago Ginebra-Lago Wetter,19.445039,-99.194078,27,134.61904761904762,111.38461538461539,134.76709562631262,109.76978049983839,0.10206217632190151,15.04359306797333,0.49764092519976993,19.000648779621375,0.9337098087098086
466,24769,21572,25722.88436880671,21683.747000974658,47.32964192824679,2297.2486075304023,10.723788256773013,2216.119647492456,6193.5,6552.0,CE-466 Lago Onega-Lago Ladoga,19.44269,-99.19083,27,90.72893772893772,79.01831501831502,94.22301966595865,79.42764469221487,0.17336865175181973,8.414830064213929,0.03928127566583521,8.117654386419252,0.9452838827838828
467,21660,21534,22944.185317206757,21418.309385053093,283.16026087565984,1798.1957873985764,0.0,637.4203709295342,5980.333333333333,6552.0,CE-467 Lago Mayor-Lago Alberto,19.440399,-99.186784,27,79.34065934065934,78.87912087912088,84.04463486156321,78.45534573279521,1.0372170728046148,6.586797756038742,0.0,2.3348731535880374,0.9127492877492877
468,12895,12706,15983.639512348274,14297.906683669873,3.580510722418816,3358.8354053873227,127.98897304019837,3753.111391503178,4722.666666666666,6552.0,CE-468 Lago Xochimilco-Av. Ejército Nacional,19.437250121513653,-99.1795731336424,33,47.234432234432234,46.54212454212454,58.548130081861814,52.3732845555673,0.013115423891644015,12.303426393360157,0.4688240770703237,13.747660774736914,0.7207977207977208
469,12696,12285,14951.096365049856,13219.404439535658,70.85614433779418,1707.2364230878113,1.754962198361856,251.18798533620532,5939.666666666666,6552.0,CE-469 Bahía de la Concepción-Bahía de Todos Los Santos,19.434183,-99.173089,27,46.505494505494504,45.0,54.76592075109837,48.422726884746,0.25954631625565633,6.253613271383924,0.00642843296103244,0.9201025103890305,0.9065425315425315
470,15607,14784,17410.814413002194,15493.142252377951,138.81263380563811,1662.1647703465933,3.5263926140026385,627.3601953115771,6058.0,6552.0,CE-470 Bahía de Las Palmas-Bahía de Todos Los Santos,19.435039,-99.173879,23,57.16849816849817,54.15384615384615,63.775876970704005,56.75143682189726,0.5084711861012385,6.088515642295214,0.012917189062280727,2.298022693449,0.9246031746031746
471,12647,11946,14843.747806450208,13125.949298178157,92.33808881931091,1750.455843957717,30.97827102816865,975.0653456579395,5935.166666666666,6552.0,CE-471 Bahía de Chachalacas-Bahía de Santa Bárbara,19.436287,-99.174888,19,46.32600732600733,43.75824175824176,54.3727025877297,48.08040035962695,0.33823475757989346,6.411926168343285,0.11347352024970202,3.5716679328129652,0.9058557183557182
472,15015,14858,17647.914577846746,16425.413141486293,14.471812670799597,3205.2279926706815,112.32672628212379,5454.949879470063,5152.333333333333,6552.0,CE-472 Bahía de Santa Bárbara-Bahía de Ballenas,19.437667,-99.17711,23,55.0,54.42490842490842,64.64437574302838,60.166348503612795,0.05301030282344175,11.740761877914585,0.41145320982462924,19.98150139000023,0.7863756613756613
473,8549,7449,11919.136279479644,9006.039855487084,16.470238683642044,3012.761414470103,0.0,390.58743222991507,4541.0,6552.0,CE-473 Bahía del Espíritu Santo-Bahía de Banderas,19.438143,-99.17519,35,31.315018315018314,27.285714285714285,43.659839851573786,32.98915697980617,0.06033054462872544,11.035756096960084,0.0,1.430723194981374,0.693070818070818
474,31808,37603,32140.37500137192,32028.493686220103,0.355711215365355,2669.7025578600296,116.56169456178738,13526.15950747188,5778.833333333333,6552.0,CE-474 Bahía de San Hipólito-Bahía del Espíritu Santo,19.438984,-99.177549,31,116.51282051282051,137.73992673992674,117.7303113603367,117.32048969311393,0.0013029714848547802,9.779130248571537,0.4269659141457413,49.54637182224132,0.8819953194953194
475,24453,25717,25475.40416942339,26278.737780569845,20.00197262703772,2279.0667906776353,430.94418358855773,9034.796759387167,5384.5,6552.0,CE-475 Lago Muritz-Lago Alberto,19.439249,-99.181065,23,89.57142857142857,94.2014652014652,93.31649878909667,96.25911274934009,0.07326729900013816,8.34823000248218,1.57855012303501,33.094493624128816,0.8218101343101343
476,37171,37876,36648.82499657664,36023.59104005775,140.83367487604602,2069.562014177714,4.7556255938269745,249.8429769135282,6198.333333333333,6552.0,CE-476 Lago Como-Laguna de Mayrán,19.442127,-99.184433,35,136.15750915750917,138.73992673992674,134.24478020724044,131.95454593427746,0.5158742669452235,7.580813238746205,0.01741987397006218,0.9151757396099933,0.946021571021571
477,27276,25308,27990.063424747237,25213.26344092743,0.0,2383.7131016806597,70.1571650742646,9794.509527962304,5557.833333333333,6552.0,CE-477 Lago Iseo-Laguna de Mayrán,19.440905,-99.181743,23,99.91208791208791,92.7032967032967,102.52770485255398,92.3562763403935,0.0,8.73154982300608,0.25698595265298385,35.8773242782502,0.8482651607651607
478,15421,11889,17512.222973545762,12920.156895666474,150.7376908147115,2181.2950952624,0.0,548.7913465195509,5787.833333333333,6552.0,CE-478 Laguna de Mayrán-Lago Chalco,19.440818,-99.176961,27,56.48717948717949,43.54945054945055,64.14733689943503,47.32658203540833,0.5521527136070018,7.990091924038095,0.0,2.0102247125258272,0.8833689458689459
479,9062,7908,12170.354813184811,9284.848048236954,242.50154000860897,2218.6882988765205,0.0,33.788396153081976,5695.5,6552.0,CE-479 Lago Muritz-Av.Marina Nacional,19.444433,-99.179664,25,33.1941391941392,28.967032967032967,44.580054260750224,34.01043241112438,0.8882840293355639,8.12706336584806,0.0,0.12376701887575815,0.8692765567765568
480,28552,27853,28963.53543509768,27276.15056525977,0.9204141260385419,1731.2757479678853,63.512403786470884,4903.495654425889,6257.166666666666,6552.0,CE-480 Lago Iseo-Av. Marina Nacional,19.446073,-99.181654,19,104.58608058608058,102.02564102564102,106.0935363922992,99.91263943318597,0.003371480315159494,6.34166940647577,0.23264616771601057,17.961522543684577,0.9550010175010174
481,25031,25650,25655.064983114462,25909.0732021197,57.45328831700677,1636.6374732945887,215.75327418709378,3174.8318644241713,6243.5,6552.0,CE-481 Lago Garda - Mariano Escobedo,19.449367,-99.182461,19,91.68864468864469,93.95604395604396,93.97459700774529,94.90503004439451,0.21045160555680137,5.995009059687138,0.7903050336523582,11.629420748806488,0.9529151404151404
482,9914,9496,12694.970401858993,10699.62464428072,232.16396292777458,1862.1320502896194,0.9778898824957449,61.160801841581055,5872.166666666666,6552.0,CE-482 Lago Xochimilco - Laguna de San Cristóbal,19.444826,-99.178393,23,36.315018315018314,34.78388278388278,46.50172308373257,39.19276426476454,0.8504174466218849,6.820996521207397,0.0035820142215961352,0.2240322411779526,0.8962403337403336
483,8280,7807,12854.206654038613,9171.433954627644,136.52993731812015,3571.2564224191874,0.0,1.9450287182235226,4942.166666666666,6552.0,CE-483 Colegio Salesiano - Marina Nacional,19.44304,-99.17759,23,30.32967032967033,28.5970695970696,47.0850060587495,33.59499617079723,0.5001096605059346,13.081525356846841,0.0,0.007124647319500083,0.7542989417989417
484,18019,17389,19657.5777851278,18152.8205523694,0.0,1821.5803332760365,166.81721148520228,1694.4507392114149,6127.0,6552.0,CE-484 Laguna Mayran - Lago Cuitzeo,19.44046,-99.174564,15,66.00366300366301,63.69597069597069,72.00577943270257,66.4938481771773,0.0,6.672455433245555,0.6110520567223526,6.206779264510677,0.9351343101343101
485,25869,25872,26631.5894878306,25405.07819141386,313.9121521795292,1622.9497741167152,107.93580675759978,743.4955433047097,6204.333333333333,6552.0,CE-485 Lago de Pátzcuaro - Marina Nacional,19.438506,-99.172696,23,94.75824175824175,94.76923076923077,97.55160984553333,93.05889447404344,1.1498613632949788,5.944870967460495,0.39536925552234353,2.7234268985520504,0.9469373219373219
486,21973,21878,23689.58343680413,21817.328050910724,934.760106525291,2324.1055407353683,21.031131839529845,203.67023063787195,5662.0,6552.0,CE-486 Izcoatl - Circuito Interior Melchor Ocampo,19.437334,-99.169573,23,80.48717948717949,80.13919413919415,86.77503090404443,79.91695256743856,3.424029694231835,8.513207108920763,0.0770371129653108,0.7460448008713259,0.8641636141636142
487,13623,13137,16077.582873488012,13904.718611261413,0.0,2159.480171488269,1.7783291407109916,601.6023907125955,5898.0,6552.0,CE-487 Nopaltzin - Quetzalcoatl,19.441728,-99.167477,23,49.9010989010989,48.120879120879124,58.89224495783155,50.93303520608576,0.0,7.910183778345308,0.006514026156450518,2.2036717608519982,0.9001831501831502
488,9745,9469,12380.287778083164,10716.492096346166,88.41694560853563,1876.6408002879605,0.0,110.57271296779363,5915.166666666666,6552.0,CE-488 Huetzin - Cuitláhuac,19.444812,-99.170307,31,35.69597069597069,34.684981684981686,45.34903948015811,39.254549803465814,0.32387159563566165,6.874142125596925,0.0,0.4050282526292807,0.9028032153032152
489,22598,22169,23588.94131984588,22190.975832990378,6.569437791831262,1813.2102131172846,104.39118721336166,1159.7967152833517,6179.333333333333,6552.0,CE-489 Lago Chalco - Laguna Tamiahua,19.446383,-99.17598,27,82.77655677655677,81.2051282051282,86.40637846097391,81.28562576186951,0.024063874695352608,6.641795652444266,0.3823853011478449,4.248339616422534,0.943121693121693
490,17757,17314,19647.05679533527,18074.05596883464,160.07334029822132,1972.324258317808,145.8282388902401,1117.8388546893968,6022.833333333333,6552.0,CE-490 Lago Garda - FFCC,19.449023,-99.179622,23,65.04395604395604,63.42124542124542,71.9672410085541,66.2053332191745,0.5863492318616166,7.2246309828491135,0.5341693732243227,4.09464781937508,0.9192358567358567
491,10938,9692,15431.443692624673,10880.416389043452,971.580238235229,3946.1008945398303,17.9669329655002,445.3618141227252,5019.333333333333,6552.0,CE-491 Colegio Salesiano - Lago Catemaco,19.44946,-99.17666,23,40.065934065934066,35.501831501831504,56.525434771518945,39.85500508807125,3.5589019715576153,14.45458203128143,0.0658129412655685,1.631361956493499,0.7660765160765161
492,36353,33341,35411.52565326057,32421.552050756785,1.2697299391383625,1845.0808263722665,132.6800780117889,5259.735881006653,6342.5,6552.0,CE-492 Lago Cuitzeo - Felipe Carrillo Puerto,19.449153,-99.173433,35,133.16117216117217,122.12820512820512,129.71254818044164,118.76026392218603,0.00465102541808924,6.758537825539438,0.4860076117647945,19.266431798559168,0.9680250305250305
493,14929,14335,16446.359853620022,15635.535272986866,15.377501025273514,1077.6382320716486,256.0066420145301,2247.111518383653,6232.166666666666,6552.0,CE-493 Lago Tláhuac - Laguna de Guzmán,19.445916,-99.170401,19,54.684981684981686,52.50915750915751,60.24307638688653,57.273022977973866,0.05632784258341946,3.9473927914712403,0.9377532674524912,8.231177723017044,0.9511853886853886
494,54140,46220,52021.099778637756,43088.90557523455,0.0,3486.4902570769336,261.39322935728995,14972.91500659322,6184.166666666666,6552.0,CE-494 Tláloc - Calzada México Tacuba,19.444053,-99.167429,22,198.3150183150183,169.3040293040293,190.55347904262914,157.83481895690312,0.0,12.77102658269939,0.9574843566201097,54.845842514993485,0.9438593813593813
495,46121,37452,44334.35362213955,35933.01807528271,1.360670951201634,2131.0893643544428,0.0,5416.55684066495,6276.166666666666,6552.0,CE-495 Amado Nervo - de los Maestros,19.445528,-99.166934,39,168.94139194139194,137.1868131868132,162.3968997147969,131.6227768325374,0.004984142678394264,7.806188147818472,0.0,19.840867548223258,0.9579008954008953
496,15672,14711,17547.540299630324,15365.556213760998,177.2634647949544,1430.220429517327,4.418901059702222,9.382286695186618,6162.0,6552.0,CE-496 Maestro Rural - José Parres,19.449039,-99.170246,35,57.40659340659341,53.88644688644688,64.27670439425027,56.28408869509523,0.6493167208606387,5.238902672224641,0.016186450768140008,0.034367350531819114,0.9404761904761905
497,11000,13143,13000.328950415773,14079.421430175007,44.86082045495627,773.5688843139644,0.0,3.315835090957559,6080.166666666666,6552.0,CE-497 Manuel Carpio - Plan de Ayala,19.452688,-99.170157,51,40.29304029304029,48.142857142857146,47.62025256562554,51.57297227170332,0.16432534965185447,2.8335856568277085,0.0,0.012145916084093622,0.9279863654863654
498,26932,28445,28215.929101494,27411.71406889553,23.58809363888755,1816.355724884137,184.53773062132348,1899.1455524034316,6227.0,6552.0,CE-498 de los Maestros - Plan de Agua Prieta,19.453146248510524,-99.16645511990282,37,98.65201465201466,104.1941391941392,103.35505165382418,100.40920904357337,0.0864032734025185,6.653317673568267,0.6759623832282912,6.956577115030885,0.9503968253968254
499,27806,28876,28401.517994138107,28098.17287413735,69.8280746851563,1408.5555074783547,46.5006995864655,431.78589915618716,6297.333333333333,6552.0,CE-499 de los Maestros - Calzada de los Gallos,19.455986,-99.165966,39,101.85347985347985,105.77289377289377,104.03486444739234,102.92371016167529,0.25578049335222086,5.159543983437197,0.17033223291745606,1.581633330242444,0.9611314611314611
500,10855,10556,12741.078100428904,11658.484058647035,119.15467257838317,742.7304768587942,0.0,62.224158841270466,6273.666666666666,6552.0,CE-500 Plan de Guadalupe /Ferrocarril de Cuernavaca - Juan Sarabia,19.456546,-99.169344,23,39.76190476190476,38.666666666666664,46.670615752486825,42.7050698118939,0.4364640021186197,2.7206244573582206,0.0,0.22792732176289549,0.9575193325193324
501,15653,14240,17122.20230726354,14814.131029578532,238.78710725443372,991.2272530409929,0.0,840.4061442528609,5978.666666666666,6552.0,CE-501 Plan de Guadalupe /Ferrocarril de Cuernavaca - Eligio Ancona,19.454257,-99.172593,27,57.336996336996336,52.16117216117216,62.718689770196114,54.264216225562386,0.8746780485510393,3.6308690587582158,0.0,3.0784107848090145,0.9124949124949124
502,24377,23024,24825.38443214639,22713.13400003996,65.31245003262856,1101.0106156460254,0.0,1.7519055243187553,6296.5,6552.0,CE-502 Mar Mediterráneo - Callejón de la Zanja,19.453432,-99.174636,35,89.29304029304029,84.33699633699634,90.93547411042634,83.19829304043942,0.23923974370926213,4.0330059181173095,0.0,0.006417236352815953,0.9610042735042735
503,10036,9991,12154.619485898764,11354.126287918225,20.699406478121947,1044.0344136336323,59.93833889434727,844.7436789681395,6164.833333333333,6552.0,CE-503 Nextitla - Mar Egeo,19.455571630398424,-99.17513005440924,19,36.76190476190476,36.5970695970696,44.52241569926287,41.59020618285064,0.07582200175136244,3.8243018814418765,0.21955435492434897,3.0942991903594854,0.9409086284086283
504,12808,11141,14725.815021258435,12124.456108096958,246.78413211145545,1317.8588440771682,0.0,64.96046802496136,6128.333333333333,6552.0,CE-504 Mar Blanco - Calzada México Tacuba,19.455343,-99.179056,27,46.91575091575091,40.80952380952381,53.940714363584014,44.411927135886295,0.9039711798954412,4.827321773176441,0.0,0.23795043232586577,0.9353378103378103
505,16368,14474,19644.208915290532,15183.2299420032,20.10840413544855,3295.3010101060795,0.0,443.65664325275145,5596.166666666666,6552.0,CE-505 Mar Negro - Mariano Escobedo,19.455319,-99.181368,23,59.956043956043956,53.01831501831502,71.95680921351843,55.616226893784614,0.07365715800530603,12.07069967071824,0.0,1.625115909350738,0.8541157916157915
506,10433,9666,12330.116859438092,10806.257343975762,129.10552879864522,785.2598516013227,0.0,41.95726740826864,6210.833333333333,6552.0,CE-506 Mar Mediterráneo - Mar Arábigo,19.459553,-99.185111,27,38.21611721611722,35.40659340659341,45.165263221384954,39.58336023434345,0.47291402490346235,2.8764097128253576,0.0,0.15368962420611224,0.9479293854293854
507,21131,21565,21618.655843823508,21724.22044546909,0.9881253273106615,540.2029907359506,1.4170782247809153,1037.7628830423005,6423.5,6552.0,CE-507 Mar Mediterráneo - Azcapotzalco,19.460292,-99.188303,31,77.40293040293041,78.99267399267399,79.18921554514105,79.57589906765234,0.0036195066934456466,1.9787655338313208,0.005190762728135221,3.8013292419131886,0.9803876678876678
508,7078,6868,9506.072415683904,8601.157328303538,0.0,952.2280727412,31.101290339108182,515.5119463925338,6098.166666666666,6552.0,CE-508 Libertad-C. José Sánchez Trujillo,19.462364,-99.183671,19,25.926739926739927,25.157509157509157,34.82077807942822,31.506070799646658,0.0,3.488014918465934,0.1139241404362937,1.8883221479579992,0.9307336182336181
509,8696,7953,11151.859621400146,9291.545499266804,374.8594120624587,1274.259629592206,0.0,6.3868391975162115,5985.666666666666,6552.0,CE-509  Juárez - Venecia,19.459686,-99.1817781,23,31.853479853479854,29.13186813186813,40.84930264249138,34.0349651987795,1.3731113994961859,4.667617690813941,0.0,0.023395015375517258,0.9135632885632885
510,11264,10628,13444.407076870144,11673.941826484435,545.3213986255512,1247.1758418560732,0.0,7.079558285079372,5876.833333333333,6552.0,CE-510 Egipto - Calle Norte 79 A,19.462152,-99.178291,23,41.26007326007326,38.93040293040293,49.24691236948771,42.761691672104156,1.9975142806796746,4.568409677128473,0.0,0.025932447930693672,0.8969525844525844
511,15058,15294,16230.14537632126,15834.584921058067,10.345821712570297,526.581224492043,4.017030465895506,339.2497029873027,6318.5,6552.0,CE-511 Palestina - Egipto,19.463941,-99.18228,27,55.15750915750916,56.02197802197802,59.45108196454674,58.00214256797827,0.037896782829927825,1.9288689541833077,0.01471439731097255,1.2426729047153946,0.9643620268620269
512,9958,9966,11855.60335752461,11081.207708485732,42.15530433282824,697.6203917737031,0.0,35.570934717728825,6218.0,6552.0,CE-512 Clavería - Floresta,19.465638,-99.186178,27,36.476190476190474,36.505494505494504,43.42711852573117,40.590504426687666,0.15441503418618402,2.5553860504531247,0.0,0.13029646416750484,0.949023199023199
513,20058,19670,21574.60245402279,19619.4764100324,359.32401485967864,2103.2548481386175,0.0,18.508029252509957,5873.666666666666,6552.0,CE-513 Av. Aquiles Serdán - Av. Invierno,19.469578,-99.189828,39,73.47252747252747,72.05128205128206,79.0278478169333,71.86621395616264,1.3162051826361856,7.704230212961969,0.0,0.06779497894692292,0.8964692714692714
514,10769,10883,12519.810646559235,11907.456182458467,282.93252692848415,608.2659710478673,0.0,7.054308697053924,6278.0,6552.0,CE-514 José F. Gutiérrez - Invierno,19.470485,-99.188509,31,39.446886446886445,39.86446886446886,45.86011225845874,43.61705561340098,1.03638288252192,2.228080480028818,0.0,0.02583995859726712,0.9581807081807082
515,7793,7449,10168.880266179074,8977.460386524872,282.7302411334381,1026.7098602519422,4.347294602604453,529.7942446802784,6092.5,6552.0,CE-515 Tebas-C. Salónica,19.469621805880028,-99.18408215045929,19,28.545787545787547,27.285714285714285,37.24864566365961,32.884470280310886,1.0356419089136926,3.7608419789448435,0.015924156053496164,1.9406382589021187,0.9298687423687424
516,5116,4860,7550.62222445122,6573.7604655751575,193.83367979291123,632.5724102876898,0.0,14.35271608810341,6137.333333333333,6552.0,CE-516 Texcoco - Nilo,19.46669,-99.180302,19,18.73992673992674,17.802197802197803,27.657956866121687,24.079708665110466,0.710013479094913,2.3171150559988636,0.0,0.052574051604774394,0.9367114367114366
517,8589,8319,10492.238763412179,9626.115911656023,4.371406198356573,457.4429966155794,0.0,19.455703095236682,6265.666666666666,6552.0,CE-517 Ignacio Allende - Clavería,19.465377,-99.179197,27,31.46153846153846,30.47252747252747,38.43310902348784,35.260497844893855,0.016012476917057046,1.6756153722182394,0.0,0.07126631170416367,0.9562983312983312
518,7352,7218,9968.487183128096,8724.205854513604,4.329676780319255,1226.7320797642356,0.0,132.46400501058272,5923.333333333333,6552.0,CE-518 Heliópolis - Norte 79A,19.468315,-99.177386,27,26.93040293040293,26.439560439560438,36.514605066403284,31.956798001881335,0.015859621905931334,4.493524101700497,0.0,0.48521613556990006,0.904049654049654
519,8174,8713,10230.409089243029,10092.150338440346,135.93361011783617,580.5004947717388,14.97084168587171,199.4892429099673,6281.833333333333,6552.0,CE-519 Poniente 58 - Cuitláhuac,19.464891,-99.177242,23,29.94139194139194,31.915750915750916,37.47402596792318,36.967583657290646,0.49792531178694566,2.1263754387243177,0.054838247933596006,0.7307298275090377,0.9587657712657712
520,16590,18544,17819.75199874324,19783.84393937457,3.7226090487140517,894.9131269956673,231.34496138764294,2734.0395091199866,6320.0,6552.0,CE-520 Salónica - Eje 3 Norte Camarones,19.470699086375355,-99.17832344770432,33,60.76923076923077,67.92673992673993,65.27381684521333,72.46829281822187,0.013635930581370153,3.2780700622551917,0.8474174409803771,10.014796736703248,0.9645909645909646
521,7621,7591,10018.352991727274,8970.505920107722,413.84843130545755,954.4288122383417,0.0,10.292194949509868,6128.333333333333,6552.0,CE-521 Yuca - Clavelinas,19.466423,-99.173061,31,27.915750915750916,27.805860805860807,36.69726370596071,32.85899604435063,1.515928319800211,3.496076235305281,0.0,0.03770034780040245,0.9353378103378103
522,12614,13415,14249.544503018271,14506.638277586124,127.36515712169589,793.994723950926,75.24002895717281,617.8543676757522,6289.833333333333,6552.0,CE-522 Prol. Nueces - Av. Cuitlahuac,19.470597,-99.1700529,27,46.205128205128204,49.13919413919414,52.19613371068964,53.13786914866712,0.4665390370758091,2.908405582237824,0.2756045016746257,2.263202811999092,0.9599867724867724
523,16922,17382,17955.438140840673,19633.821303603152,0.0,684.0282111386363,725.6742237012163,5362.444250539693,6379.5,6552.0,CE-523 Toronjil - Av. Cuitlahuac,19.471112,-99.165294,19,61.985347985347985,63.67032967032967,65.77083568073506,71.9187593538577,0.0,2.5055978429986676,2.658147339564895,19.64265293237983,0.9736721611721612
524,7829,8041,10153.186561124661,9539.190503790926,155.13601091002394,864.6277376292444,49.33319701498472,234.5654707874259,6188.5,6552.0,CE-524 Malvón - Juan Sarabia,19.468119,-99.167268,23,28.67765567765568,29.454212454212453,37.1911595645592,34.94208975747592,0.5682637762271939,3.1671345700704925,0.1807076813735704,0.8592141787085198,0.944520757020757
525,7312,8139,9635.682800435296,10193.500783730442,0.0,788.3602160029916,98.7895593997703,1145.618644213076,6200.0,6552.0,CE-525 Boldo - Tila,19.4683001,-99.165619,23,26.783882783882785,29.813186813186814,35.29554139353588,37.33883070963532,0.0,2.887766358985317,0.36186651794787655,4.196405290157788,0.9462759462759462
526,6497,6653,8829.253453464618,8380.639238840125,273.9016436097022,672.0044637008058,46.49293757000529,371.34800939483705,6202.166666666666,6552.0,CE-526 Toronjil - Mejorana,19.466952,-99.162928,19,23.7985347985348,24.36996336996337,32.341587741628636,30.69831223018361,1.003302723845063,2.4615548120908635,0.17030380062272998,1.3602491186624068,0.946606634106634
527,6273,6434,8565.280973003373,8067.060809797496,326.25123873393375,625.7547970066223,7.021110153772885,147.387855519723,6251.333333333333,6552.0,CE-527 Boldo - Alcanfores,19.464826,-99.163177,23,22.978021978021978,23.56776556776557,31.374655578766934,29.549673295961526,1.1950594825418819,2.292142113577371,0.02571835221162229,0.5398822546509999,0.9541107041107041
528,10599,10805,12611.545326708443,11898.371893944428,393.4524835671695,861.1253069598748,7.12339464751855,90.5639793625213,6256.833333333333,6552.0,CE-528 Tlatilco - Av. Jardín,19.464964,-99.160455,27,38.824175824175825,39.57875457875458,46.19613672786976,43.58377983129827,1.4412178885244304,3.154305153699175,0.026093020686881137,0.3317361881411036,0.9549501424501424
529,10933,11184,12555.723824133098,12752.02968302778,0.9306723540458977,523.9969883002701,197.4968590203402,1465.955110853591,6361.833333333333,6552.0,CE-529  Av Plan de San Luis - Calle Clavelinas,19.465541,-99.166726,19,40.04761904761905,40.967032967032964,45.9916623594619,46.7107314396622,0.003409056241926365,1.919402887546777,0.7234317180232241,5.369798940855644,0.9709757834757834
530,11407,12320,12823.563648893352,13335.08013565198,128.7794031989967,355.2613596026257,8.468765013809545,523.181724104954,6411.5,6552.0,CE-530  Membrillo - Cda. Nueces,19.4645,-99.16948,27,41.78388278388278,45.12820512820513,46.97276061865697,48.84644738334059,0.4717194256373506,1.3013236615480794,0.03102111726670163,1.9164165718130184,0.978556166056166
531,10291,9386,13011.445138682146,10660.998762467925,52.3115450515636,1685.5921879528155,0.0,0.0,5671.0,6552.0,CE-531 Norte 67 - Poniente 44,19.460356,-99.174283,35,37.69597069597069,34.38095238095238,47.6609712039639,39.05127751819753,0.1916173811412586,6.174330358801522,0.0,0.0,0.8655372405372406
532,9745,9320,12311.034976663617,10566.223895351186,692.4883054881624,1552.6331422064784,0.0,124.97402144690076,5974.666666666666,6552.0,CE-532  Av. Biólogo Maximino Martínez - Camarones,19.4608358,-99.1711512,21,35.69597069597069,34.13919413919414,45.09536621488505,38.70411683278823,2.5365871995903384,5.687300887203217,0.0,0.4577802983402958,0.9118844118844118
533,15506,15986,16954.20989178006,16857.649092354837,197.53772236671,959.4080811811893,175.1823476735833,1402.3012849154916,6273.0,6552.0,CE-533  Av Plan de San Luis - Eulalia Gúzman,19.4604943,-99.1672704,23,56.798534798534796,58.556776556776555,62.1033329369233,61.74963037492614,0.7235814006106593,3.5143153156820124,0.6416935812219169,5.136634743280189,0.9574175824175825
534,9644,9592,11795.638069394714,10809.634170707212,10.531618698106524,1011.2284173438229,9.073213199767117,114.41063680648735,6151.333333333333,6552.0,CE-534 Tlatilco - Jazmín,19.4587727,-99.1644993,27,35.32600732600733,35.13553113553114,43.207465455658294,39.595729563030076,0.038577357868522066,3.70413339686382,0.033235213185960136,0.41908658170874485,0.9388481888481888
535,8625,8649,10772.300976388606,10410.127361828643,344.21990644820204,817.0141477391668,173.36568137613799,825.16277898593,6200.666666666666,6552.0,CE-535 Av. Jardín - Orquídea,19.461773,-99.162241,19,31.593406593406595,31.681318681318682,39.4589779354894,38.13233465871298,1.2608787781985422,2.9927258158943837,0.6350391259199194,3.0225742819997437,0.9463776963776963
536,8543,8276,11745.415199531188,9680.321226546897,1018.7221624243417,2197.8477664737757,5.419836892965369,122.71783392351217,5625.166666666666,6552.0,CE-536 Fresno - Eulalia Guzmán (Eje 2 Norte),19.458881,-99.159215,23,31.293040293040292,30.315018315018314,43.02349889938164,35.4590521118934,3.731583012543376,8.05072441931786,0.019852882391814538,0.44951587517770025,0.858541921041921
537,8291,8159,11096.618132736881,9693.826067362594,508.5187821960442,1600.9770285156158,49.29147131811858,504.8105235357614,5930.833333333333,6552.0,CE-537 Fresno - Clavel,19.457543649054422,-99.15946327155325,23,30.36996336996337,29.886446886446887,40.64695286716806,35.50852039326957,1.8627061618902718,5.86438471983742,0.18055483999310837,1.8491227968342907,0.9051943426943426
538,22510,22039,23374.847318378714,22738.549261527754,294.44946954178755,1786.6906982122712,435.50417878260896,2492.6227859902306,6170.5,6552.0,CE-538 Nogal - Eligio Ancona,19.453778,-99.163128,23,82.45421245421245,80.72893772893772,85.62215134937257,83.2913892363654,1.0785694855010532,6.544654572206121,1.5952534021340987,9.13048639556861,0.9417735042735043
539,20416,19924,21549.60175577019,21454.738178644595,0.0,1538.2962995730109,334.2254613467973,2953.1734367635713,6224.0,6552.0,CE-539 Naranjo - Av. Ricardo Flores Magon,19.4551042,-99.1576905,23,74.78388278388279,72.98168498168498,78.93627016765637,78.58878453715968,0.0,5.634784980120919,1.2242690891824077,10.817485116350078,0.9499389499389499
540,14384,14087,16502.06325367699,15631.109663993086,351.0450121538583,1889.5962276454325,461.38791323547173,1525.119332135637,6082.166666666666,6552.0,CE-540 Eucalipto - Ricardo Flores Magón,19.453965040246473,-99.15246807044241,23,52.688644688644686,51.6007326007326,60.447118145336965,57.25681195601863,1.2858791653987482,6.921597903463122,1.6900656162471492,5.586517700130538,0.9282916157916157
541,21852,23212,22711.414625684476,24131.964698195217,92.38148781635275,1634.6847997901293,399.1786988166948,3238.1375629096397,6227.833333333333,6552.0,CE-541 Eligio Ancona - Naranjo,19.45272,-99.158014,27,80.04395604395604,85.02564102564102,83.1919949658772,88.39547508496416,0.3383937282650284,5.987856409487653,1.462193035958589,11.861309754247765,0.950524013024013
542,17176,17780,20012.571676391944,18497.62147311466,1280.0284603189507,3488.9507400121565,228.9064669798549,2069.876371019347,5685.333333333333,6552.0,CE-542 Dr. Enrique González Martínez - Eligio Ancona,19.451838,-99.154584,23,62.91575091575091,65.12820512820512,73.30612335674705,67.75685521287421,4.688748938897255,12.78003934070387,0.8384852270324356,7.581964729008598,0.8677248677248677
543,22274,20985,23269.19387886516,21781.606594374283,306.3327163551489,2271.7705445693127,310.5380675228287,3194.046239331141,6120.166666666666,6552.0,CE-543 Jaime Torres Bodet - Manuel Carpio,19.450506,-99.157375,27,81.58974358974359,76.86813186813187,85.23514241342549,79.78610474129773,1.1220978621067725,8.32150382626122,1.1375020788382004,11.699803074473044,0.9340913715913715
544,24675,24634,25416.95172139287,24650.651501420416,11.654260084024473,1884.2276594355235,339.2298163238723,3723.4259752982857,6186.666666666666,6552.0,CE-544 Salvador Díaz Mirón - Nogal,19.449773,-99.163136,23,90.38461538461539,90.23443223443223,93.10238725784934,90.29542674512973,0.04268959737737903,6.901932818445141,1.242600059794404,13.638922986440607,0.9442409442409442
545,22819,22811,24076.420606490035,22968.42415567139,0.0,2447.9949361253375,237.61450748224996,2897.9527960572723,6082.833333333333,6552.0,CE-545 Sabino - Salvador Díaz Mirón,19.449098384943877,-99.15995210414621,27,83.58608058608058,83.55677655677655,88.19201687358988,84.13342181564612,0.0,8.96701441804153,0.8703828112902929,10.615211707169495,0.9283933658933659
546,26061,24364,26896.679867742987,24509.59127240557,0.0,2722.5965241917334,580.0800241232508,7019.54238144275,6090.0,6552.0,CE-546 Salvador Díaz Mirón - Santa María la Ribera,19.448764,-99.156817,23,95.46153846153847,89.24542124542124,98.52263687817944,89.77872260954422,0.0,9.972881040995361,2.124835253198721,25.71260945583425,0.9294871794871795
547,18335,23975,21637.574179994026,19520.057795287725,0.0,4764.523452137882,72.47168954201946,6593.26071917994,5478.166666666666,6552.0,CE-547 Dr. Enrique González Martínez - Salvador Díaz Mirón,19.447481,-99.155443,31,67.16117216117216,87.82051282051282,79.25851347983159,71.50204320618214,0.0,17.452466857647916,0.26546406425648156,24.151138165494284,0.8361060236060235
548,84002,90471,77647.53449327973,61210.42006382082,0.0,2421.5420197132494,299.006490934265,30163.713813179656,6409.333333333333,6552.0,CE-548 Dr. Mariano Azuela - Jose Antonio Alzate,19.447028903088047,-99.15431119504319,39,307.6996336996337,331.3956043956044,284.42320327208694,224.21399290776858,0.0,8.87011728832692,1.0952618715540843,110.48979418747128,0.9782254782254782
549,26365,28199,26658.99143394112,27511.60105533942,0.0,1687.0121436721515,359.66792171103907,6638.865918522119,6280.0,6552.0,CE-549 Sor Juana Ines de la Cruz - Dr. Atl,19.4450444,-99.1571333,27,96.57509157509158,103.29304029304029,97.65198327450959,100.77509544080374,0.0,6.179531661802753,1.3174649146924509,24.3181901777367,0.9584859584859585
550,20637,19701,21959.710346672382,20317.85348532398,0.0,2039.7262631805067,240.1428261438605,3608.267207573671,6145.166666666666,6552.0,CE-550 Sor Juana Ines de la Cruz - Fresno,19.445947026056686,-99.16137836878987,23,75.5934065934066,72.16483516483517,80.43849943836037,74.42437174111348,0.0,7.47152477355497,0.8796440518090128,13.217095998438355,0.9379070004070004
551,23155,22394,23946.21377361572,22292.83805071051,401.42102798391716,1455.8980681196886,55.849563751520066,617.9513532558263,6219.0,6552.0,CE-551 Nogal - Ribera de San Cosme,19.4435806,-99.1648833,23,84.81684981684981,82.02930402930403,87.71506876782315,81.65874743850004,1.4704066959117845,5.332959956482376,0.2045771565989746,2.2635580705341622,0.9491758241758241
552,20197,18158,21722.50827453809,18544.21715841618,0.0,2146.9989996233294,36.93718179991164,1208.6779163807967,6028.5,6552.0,CE-552 Fresno - Ribera de San Cosme,19.4431081,-99.1624537,23,73.98168498168498,66.51282051282051,79.5696273792604,67.92753537881384,0.0,7.864465200085456,0.13530103223410858,4.4273916350944935,0.9201007326007326
553,40457,40757,38970.60868513368,38227.787563926555,5.545447910898634,997.4955590753358,36.990652609621016,4423.1283081898,6383.5,6552.0,CE-553  Jaime Torres Bodet - Ribera de San Cosme,19.442,-99.1593333,35,148.19413919413918,149.2930402930403,142.74948236312704,140.02852587518885,0.020312996010617708,3.653829886722842,0.13549689600593778,16.201935194834434,0.9742826617826618
554,19067,18863,20256.661378107656,18149.021733370806,174.74534263829622,1460.0075097137417,55.666881378764856,1899.9881935510057,6238.833333333333,6552.0,CE-554 Heroes Ferrocarrileros - Mariano Azuela,19.4417473,-99.155639,27,69.84249084249085,69.0952380952381,74.20022482823317,66.47993308927035,0.6400928301769092,5.348012856094292,0.20390799039840607,6.9596637126410466,0.9522028897028897
555,64635,63024,60401.83874139673,57681.321883645935,0.0,1390.85571633377,57.13750000563923,10160.593894271855,6399.666666666666,6552.0,CE-555 Ribera de San Cosme - Insurgentes Centro,19.44021597,-99.1561678,35,236.75824175824175,230.85714285714286,221.25215656189278,211.2868933466884,0.0,5.094709583640183,0.20929487181552833,37.21829265301046,0.9767501017501017
556,14368,15922,15598.767537514326,16469.978382175603,67.51886046449006,523.8708229299089,1.5426721298105324,399.0839609889043,6366.333333333333,6552.0,CE-556 Plaza Tlaxcoaque - Diagonal 20 de noviembre,19.423056,-99.134941,33,52.63003663003663,58.32234432234432,57.138342628257604,60.32959114350037,0.2473218332032603,1.9189407433329995,0.005650813662309642,1.4618460109483675,0.9716625966625966
557,13642,14280,14857.663281833466,15071.868490329452,75.22613918893049,347.169306567725,16.662066549220505,383.53270292326494,6444.833333333333,6552.0,CE-557 5 de Febrero - Fernando de Alva Ixtlilxochitl,19.41981,-99.135941,27,49.97069597069597,52.30769230769231,54.42367502503101,55.20830948838627,0.2755536234026758,1.2716824416400183,0.061033210803005514,1.404881695689615,0.9836436711436711
558,11838,12156,13457.777658389932,13041.336152564287,9.308178686864322,602.0686705319017,0.0,79.24252272954483,6340.166666666666,6552.0,CE-558 Chimalpopoca - Simón Bolívar,19.4223,-99.139872,27,43.362637362637365,44.527472527472526,49.29588885857118,47.77046209730508,0.03409589262587664,2.2053797455381017,0.0,0.2902656510239737,0.967668905168905
559,10743,10972,12526.39079709264,12119.43593264684,70.13323243796745,686.0612217434303,21.275666202444892,244.20011169864858,6326.5,6552.0,CE-559 Fernando de Alva Ixtlilxochitl - Diagonal 20 de noviembre,19.420029,-99.140999,27,39.35164835164835,40.19047619047619,45.88421537396571,44.39353821482359,0.25689828731856207,2.513044768290954,0.07793284323239887,0.8945059036580534,0.9655830280830281
560,37436,37379,36537.212095885174,35240.067601034236,71.2073434829624,1849.442053940096,278.7795678638413,7278.288368341575,6314.666666666667,6552.0,CE-560 Doctor Liceaga - Eje Central,19.421599,-99.143408,27,137.12820512820514,136.91941391941393,133.83594174316914,129.08449670708512,0.26083276001085126,6.77451301809559,1.021170578255829,26.66039695363214,0.9637769637769639
561,13800,13582,15232.698533777004,14463.258083368348,123.63211739811443,584.578134658576,9.909832164972551,170.61384213098222,6407.5,6552.0,CE-561 Dr. Jiménez - Dr. Lavista,19.423673,-99.147957,27,50.54945054945055,49.75091575091575,55.79743052665569,52.9789673383456,0.45286489889419207,2.1413118485662124,0.03629975152004598,0.6249591286849165,0.9779456654456654
562,18825,18138,19897.04661419094,19307.35700159411,90.32960820288223,1306.5472257390386,367.69320310504685,2759.0173057492707,6275.333333333333,6552.0,CE-562 Claudio Bernard - José María Vertiz,19.42037,-99.146818,23,68.95604395604396,66.43956043956044,72.88295463073604,70.72291941975865,0.33087768572484333,4.785887273769372,1.3468615498353365,10.106290497250075,0.9577737077737077
563,43921,43345,42319.83762730664,41666.93931477448,90.57490625325839,1543.5138491144467,516.4474826095899,3891.7704033345753,6385.0,6552.0,CE-563 Doctor Velasco - Niños Héroes,19.419444,-99.149776,23,160.88278388278388,158.77289377289378,155.01772024654446,152.62615133617024,0.3317762133818989,5.653896883203101,1.8917490205479484,14.255569242983793,0.9745115995115995
564,17724,16065,19231.62249155185,16549.266153890807,86.85383674129196,1854.259565648721,15.976589032521211,328.3645888763575,6161.833333333333,6552.0,CE-564 Doctor Carmona y Valle - Doctor Velasco,19.419509,-99.153227,23,64.92307692307692,58.84615384615385,70.44550363205806,60.620022541724566,0.31814592212927456,6.792159581130846,0.05852230414842934,1.2028006918547893,0.9404507529507529
565,21275,20616,22174.972441950133,20629.85162325071,244.3505292753064,1215.00012623476,15.397483752781973,329.10664265272743,6324.5,6552.0,CE-565 Dr. Martinez del Rio - Dr. Lucio,19.4176712000745,-99.15278613567352,23,77.93040293040293,75.51648351648352,81.22700528186861,75.56722206318942,0.8950568837923312,4.450549912947839,0.05640103938747976,1.2055188375557782,0.9652777777777778
566,22674,21694,23248.99399918498,22683.79786942193,4.399786321066748,1253.809241635357,345.54157469586556,4775.93795604418,6338.333333333333,6552.0,CE-566 Dr. Jiménez - Dr. García Diego,19.416239,-99.149542,23,83.05494505494505,79.46520146520146,85.16115018016475,83.09083468652722,0.016116433410500907,4.5927078448181575,1.2657200538310094,17.494278227268058,0.9673890923890923
567,12774,11686,14807.342521901353,13131.81554004818,2.687247180701978,1807.9517080234486,63.438876835429845,1311.201070558303,6042.666666666666,6552.0,CE-567 Doctor Martínez del Río - Doctor José Terrés,19.417133,-99.145649,23,46.79120879120879,42.8058608058608,54.239349897074554,48.10188842508491,0.009843396266307612,6.622533729023622,0.23237683822501776,4.802934324389388,0.9222629222629222
568,18897,18649,19629.18364701199,19507.69620362607,0.0,908.077806502755,191.19826727212072,3361.7970238332546,6367.666666666666,6552.0,CE-568 Doctor Barragán - Doctor Erazo,19.418013,-99.144598,23,69.21978021978022,68.31135531135531,71.90177160077651,71.45676265064495,0.0,3.3262923315119233,0.7003599533777316,12.314274812576024,0.9718660968660968
569,10255,10040,12321.148032509393,12011.25034043125,20.894682172446952,1100.7931597786032,351.4888885866929,2182.4471210164024,6178.666666666666,6552.0,CE-569 Gutiérrez Nájera - Bolívar,19.415713,-99.141227,19,37.56410256410256,36.776556776556774,45.13241037549228,43.99725399425366,0.07653729733497053,4.0322093764784,1.2875050863981425,7.994311798594881,0.943019943019943
570,14364,15099,15985.254202477543,16177.720746634894,226.49726442573296,1162.5562494621017,109.05654967736983,1387.04637696898,6246.5,6552.0,CE-570 Alfredo Chavero - Simón Bolívar,19.417595,-99.140972,27,52.61538461538461,55.30769230769231,58.55404469771994,59.25905035397397,0.8296603092517691,4.258447800227479,0.39947454094274665,5.080755959593334,0.9533730158730159
571,20123,20700,20833.347224473302,20615.163031841676,13.22754254166995,719.5233341713639,4.803996935856373,325.7433621510786,6389.0,6552.0,CE-571 Manuel M. Flores - Calzada San Antonio Abad,19.416221,-99.134909,35,73.71062271062272,75.82417582417582,76.3126271958729,75.51341769905376,0.048452536782673805,2.635616608686315,0.017597058373100268,1.1931991287585297,0.9751221001221001
572,11722,12403,13415.355880389836,13527.550589117713,95.09097924187493,777.7638021743969,24.93934973852967,620.2888774767188,6296.833333333333,6552.0,CE-572 Manuel J. Othón - José T. Cuellar,19.414677,-99.136894,27,42.937728937728934,45.43223443223443,49.1404977303657,49.55146735940554,0.34831860528159314,2.8489516563164723,0.09135292944516363,2.272120430317651,0.9610551485551485
573,10306,10839,12245.993122749729,12029.348495513053,161.44335515115998,884.7406189943915,7.40890468845863,457.6472547797623,6204.833333333333,6552.0,CE-573 Fernando Ramírez - Isabel la Católica,19.412853,-99.138723,27,37.75091575091575,39.7032967032967,44.857117665749925,44.06354760261192,0.5913676012863003,3.240808128184584,0.027138845012668975,1.67636357062184,0.9470136345136345
574,6788,6825,9124.554406180767,9298.458581981773,32.390952827688054,792.5345278100889,400.46490334954785,1993.1929257175755,6200.333333333333,6552.0,CE-574 José María Roa Bárcenas - Simón Bolívar,19.411768,-99.140899,15,24.864468864468865,25.0,33.42327621311636,34.06028784608708,0.1186481788560002,2.903056878425234,1.4669044078738016,7.301072987976467,0.9463268213268213
575,21720,23727,22344.451947918227,24363.040643499615,3.8063068498141566,1145.9392081598742,98.92694775328205,5447.010239818341,6320.0,6552.0,CE-575 Fernando Ramírez - Eje Central,19.413235,-99.143476,29,79.56043956043956,86.91208791208791,81.8478093330338,89.2419071190462,0.01394251593338519,4.197579517069136,0.36236977199004416,19.952418460873044,0.9645909645909646
576,23028,24498,23394.740674850847,24743.241006350945,12.425576082021758,877.8315917981467,50.69942080910364,2497.83592144577,6381.5,6552.0,CE-576 Doctor Arce - Jose Maria Vertiz,19.413464371675584,-99.14802946153031,27,84.35164835164835,89.73626373626374,85.69502078699944,90.63458244084595,0.0455149307033764,3.2155003362569476,0.18571216413591077,9.149582129837986,0.9739774114774115
577,9727,10469,11774.151588735225,11680.783922309958,302.44109726858477,717.1950803294689,24.81180978834123,184.6234075286046,6146.5,6552.0,CE-577 Doctor Márquez - Doctor Jiménez,19.411609,-99.15314,31,35.63003663003663,38.34798534798535,43.12876039829753,42.78675429417567,1.1078428471376731,2.627088206335051,0.09088575014044406,0.6762762180534967,0.9381105006105006
578,18357,19422,19203.450923013188,19917.383033370526,185.15855927792896,654.0605586142251,139.88884508169036,1214.6549581604577,6389.0,6552.0,CE-578 Doctor Jiménez - Doctor Federico Gómez Santos,19.408649,-99.151126,27,67.24175824175825,71.14285714285714,70.34231107330838,72.95744700868325,0.6782364808715347,2.3958262220301285,0.5124133519475838,4.449285561027318,0.9751221001221001
579,12646,14392,14182.828247620762,15525.74328979705,50.08498496377559,698.6500788867658,78.47480780634992,1929.7762259947851,6320.833333333333,6552.0,CE-579 Doctor Márquez - Privada Doctor Duran,19.410884,-99.144975,27,46.32234432234432,52.717948717948715,51.951751822786676,56.870854541381135,0.18346148338379337,2.559157798120021,0.2874535084481682,7.068777384596283,0.9647181522181522
580,11613,11666,13417.35981441205,13131.121631428558,207.4724724274549,859.9603378668742,242.25521025742412,1161.1280814757288,6256.333333333333,6552.0,CE-580 Antonio Solís - Bolívar,19.409817,-99.141643,19,42.53846153846154,42.73260073260073,49.147838148029486,48.09934663526944,0.7599724264741938,3.1500378676442278,0.8873817225546671,4.25321641566201,0.9548738298738298
581,7049,7790,9085.298562148286,9265.830064389334,210.81018550170052,459.015238469477,25.496283858748324,215.42337910601205,6328.5,6552.0,CE-581 José María Roa Bárcenas - San Antonio Abad,19.411398,-99.135655,27,25.82051282051282,28.534798534798536,33.279481912631084,33.9407694666276,0.7721984816912106,1.6813744998881943,0.09339298116757627,0.7890966267619489,0.9658882783882784
582,17947,18302,18875.620582830445,19435.689627927055,29.26173087314065,669.3234826194855,493.23807866101,3003.2698076969214,6349.166666666666,6552.0,CE-582 Antonio Solis-San Antonio Abad,19.40948,-99.135894,19,65.73992673992674,67.04029304029304,69.14146733637526,71.1930023000991,0.10718582737414158,2.451734368569544,1.8067328888681684,11.00098830658213,0.9690425315425315
583,8310,9401,10165.405521479617,10634.928159339654,137.60649109637083,373.5809021281097,0.0,124.99175620086787,6387.833333333333,6552.0,CE-583 Ángel del Campo - 5 de Febrero,19.408087,-99.137763,35,30.439560439560438,34.43589743589744,37.235917661097496,38.955780803441954,0.5040530809390873,1.3684282129234788,0.0,0.4578452608090398,0.9749440374440373
584,29299,31511,28656.288046430935,30834.787257762455,0.907112620494977,439.65037686195456,111.96152501048202,3992.9613116542664,6471.333333333333,6552.0,CE-584 Enrique Granados - José Peón Contreras (Eje 3),19.40697,-99.14383,31,107.32234432234432,115.42490842490842,104.9680880821646,112.94793867312255,0.0033227568516299524,1.6104409408862803,0.41011547622887184,14.626231910821488,0.9876882376882377
585,10211,10588,12032.42175794742,11754.602631048096,288.62257235119404,611.8814326699528,35.96856799657389,197.62098133125141,6335.0,6552.0,CE-585 José Toribio Medina - Manuel Navarrete,19.405358,-99.14316,27,37.4029304029304,38.78388278388278,44.074804974166376,43.05715249468167,1.0572255397479635,2.241323929193966,0.13175299632444648,0.7238863785027524,0.9668803418803419
586,9090,9301,10882.359476511674,10507.608852768666,68.6222016503688,370.96215289112075,0.0,22.995746130373938,6393.833333333333,6552.0,CE-586 Bernardo Couto-Juan E. Hernández y Davalos,19.40632606093993,-99.13877864484675,27,33.2967032967033,34.06959706959707,39.862122624584885,38.48940971710134,0.2513633760086769,1.3588357248759002,0.0,0.08423350230906204,0.9758597883597883
587,7981,8003,10125.578805111927,9345.052713786901,325.154486569558,659.9233453212753,0.0,5.33002377241226,6272.0,6552.0,CE-587 Jose Toribio Medina - Marcelino Davalos,19.404668302672064,-99.13694635033607,27,29.234432234432234,29.315018315018314,37.09003225315724,34.23096232156374,1.1910420753463664,2.4173016312134625,0.0,0.01952389660224271,0.9572649572649573
588,23612,24468,23691.72463912316,24179.91429841198,0.0,456.0372835671899,66.23483219530355,1617.8453986548845,6447.5,6552.0,CE-588  Av. Fernando - La coruña,19.401175,-99.13748,30,86.4908424908425,89.62637362637362,86.78287413598227,88.57111464619773,0.0,1.6704662401728567,0.24261843294982988,5.9261736214464635,0.9840506715506715
589,10611,9932,12808.60676303528,11116.74207163835,416.67724281882374,1308.607142000936,0.0,150.9976601204438,5976.833333333333,6552.0,CE-589 Cádiz - Calzada de Tlalpan,19.39859,-99.137732,23,38.86813186813187,36.38095238095238,46.917973490971725,40.720666929078206,1.5262902667356182,4.793432754582183,0.0,0.5531049821261678,0.9122150997150996
590,14295,15129,15441.45361913411,15687.517562457511,0.0,449.94667728790404,0.9498915228029774,1364.786139629529,6421.166666666666,6552.0,CE-590 Fernando - Isabel la Católica,19.399172,-99.140625,31,52.362637362637365,55.417582417582416,56.562101168989415,57.46343429471616,0.0,1.6481563270619195,0.0034794561274834337,4.999216628679593,0.9800315425315425
591,18155,19150,19207.526063581332,19425.9953776131,110.36632056418668,1108.6373280075213,71.61441010832094,1138.1091708104343,6293.166666666666,6552.0,CE-591 Simón Bolívar - La Coruña,19.402088,-99.142976,27,66.5018315018315,70.14652014652015,70.35723832813675,71.15749222568901,0.4042722364988523,4.060942593434144,0.2623238465506261,4.168898061576683,0.9604955229955229
592,13839,14142,15199.889610491507,14885.642471341342,174.09934410823956,665.3642545552739,6.04938137487502,288.05191085367983,6354.0,6552.0,CE-592 Cádiz - Eje Central Lázaro Cárdenas,19.399664,-99.145136,27,50.69230769230769,51.8021978021978,55.677251320481716,54.52616289868623,0.6377265351950168,2.43723170166767,0.022158906135073334,1.0551352045922338,0.9697802197802198
593,29088,29576,28733.206786915896,28743.131421169146,0.0,896.819612872031,31.746093161505705,1368.3638485862432,6404.666666666666,6552.0,CE-593 Zempoala - Diagonal de San Antonio,19.401018,-99.147952,31,106.54945054945055,108.33699633699634,105.24984171031464,105.28619568193827,0.0,3.2850535270037766,0.11628605553665093,5.012321789693199,0.9775132275132274
594,41716,47478,39397.97920344429,45716.426562228175,13.820974573423891,249.31015299759687,187.59441432364653,17095.182183047484,6493.833333333333,6552.0,CE-594 Xochicalco - Obrero Mundial,19.4022115,-99.1533118,31,152.80586080586082,173.9120879120879,144.31494213715857,167.45943795687975,0.0506262804887322,0.913224003654201,0.6871590268265441,62.61971495621789,0.9911223036223036
595,28081,28110,27923.672645567534,27274.51928764657,0.0,837.0038060522267,6.453406568273002,1881.0825207237187,6314.5,6552.0,CE-595 Yacatas - Diagonal de San Antonio,19.396983,-99.155114,27,102.86080586080585,102.96703296703296,102.28451518522907,99.90666405731345,0.0,3.0659480075173136,0.023638851898435904,6.890412163823146,0.9637515262515263
596,28364,28468,28132.131665515823,27612.31556953419,8.065147993756323,747.4557774478958,14.193056146259384,1818.9296896629503,6328.833333333333,6552.0,CE-596 Cumbres de Maltrata - Uxmal,19.395205,-99.155049,27,103.8974358974359,104.27838827838828,103.0481013388858,101.1440130752168,0.029542666643796057,2.7379332507248932,0.05198921665296478,6.662746115981503,0.9659391534391534
597,19939,20023,20806.92243528703,19890.66251567637,78.17226033002129,1029.4741619991396,10.322527202757612,452.02577766179206,6325.166666666666,6552.0,CE-597 Diagonal San Antonio - Icacos,19.398858,-99.151211,27,73.03663003663004,73.34432234432235,76.21583309628949,72.85956965449219,0.28634527593414394,3.770967626370475,0.03781145495515609,1.6557720793472237,0.9653795278795277
598,12606,12280,14308.532981105605,13105.751268131287,0.0,923.5549959515266,2.043854533881758,53.72910683493417,6242.333333333333,6552.0,CE-598 Palenque - Cumbres de Maltrata,19.3931,-99.152012,31,46.175824175824175,44.98168498168498,52.41220872199855,48.00641490157981,0.0,3.382985333155775,0.0074866466442555235,0.19680991514627902,0.9527370777370777
599,19603,20268,20566.376166880676,20437.635813697623,258.7704515765072,1080.8635870679416,6.046372651486384,873.2294412945512,6315.833333333333,6552.0,CE-599 La Morena - Zempoala,19.398143,-99.148333,27,71.8058608058608,74.24175824175825,75.33471123399515,74.86313484870924,0.9478771120018579,3.9592072786371486,0.022147885170279793,3.1986426421045833,0.9639550264550264
600,16444,15845,17631.579722558436,16257.42832732646,53.65280764537723,870.5509818444675,0.0,40.77273207304465,6327.166666666666,6552.0,CE-600 Cumbres de Acultzingo - Av. Universidad,19.392463,-99.150544,31,60.234432234432234,58.040293040293044,64.58454110827266,59.55101951401633,0.19653043093544773,3.1888314353277196,0.0,0.1493506669342295,0.965684778184778
601,11976,12312,13575.869380848255,13190.949101451652,227.42734542283918,623.629518822362,0.0,121.8058116165372,6342.166666666666,6552.0,CE-601 Navarra - Fernando,19.395888,-99.145344,31,43.86813186813187,45.0989010989011,49.72845927050643,48.31849487711228,0.8330671993510592,2.284357211803524,0.0,0.4461751341265099,0.9679741554741553
602,12814,13164,14476.012046519341,13901.477101118988,37.90820617065921,893.0247156521802,0.0,68.93071225338961,6262.833333333333,6552.0,CE-602 Correspondencia - Eje Central Lázaro Cárdenas,19.392523,-99.146194,35,46.937728937728934,48.21978021978022,53.0256851520855,50.9211615425604,0.13885789806102275,3.2711528045867406,0.0,0.25249345147761765,0.9558658933658933
603,13780,14343,15091.742580163342,15218.90132111704,4.657086610436595,489.5026044804206,27.128929507867294,681.7610607150624,6382.666666666666,6552.0,CE-603 Castilla - Eje 4 sur Xola,19.394422,-99.143291,27,50.476190476190474,52.53846153846154,55.281108352246676,55.746891286143004,0.01705892531295456,1.7930498332616138,0.09937336816068607,2.497293262692536,0.9741554741554741
604,13147,14686,14528.601692671105,15332.516554575084,115.88851631114817,533.4229594344681,19.750531502279042,402.898707602596,6372.0,6552.0,CE-604 Andalucía - Carteros,19.390945,-99.142972,31,48.15750915750916,53.794871794871796,53.218321218575475,56.16306430247283,0.4245000597477955,1.953930254338711,0.07234626923911737,1.475819441767751,0.9725274725274725
605,10353,10564,12194.858626622725,11699.67088261372,294.34881683234926,733.5225943032086,16.27086316591733,228.90848943910856,6262.0,6552.0,CE-605 5 de Febrero - Alfonso XIII,19.395063,-99.139476,27,37.92307692307692,38.69597069597069,44.669811819130864,42.85593729895135,1.0782007942576897,2.686895949828603,0.05960023137698656,0.8384926353080899,0.9557387057387058
606,11740,12003,13499.748883955563,12900.266713878598,214.87195633668554,871.0645094718625,1.0716682730105993,146.06318294646871,6216.333333333333,6552.0,CE-606 Alfonso XIII - Aragón,19.394974,-99.138949,27,43.00366300366301,43.967032967032964,49.44962961155884,47.25372422666153,0.7870767631380423,3.1907124889079213,0.0039255248095626345,0.5350299741628891,0.9487688237688238
607,7042,6809,9516.849145333494,8303.031958728763,474.6451004808736,997.1750869347749,18.380081640674867,82.56303691713251,6080.833333333333,6552.0,CE-607 Unión Postal - Calzada de Tlalpan,19.39091,-99.138953,19,25.794871794871796,24.94139194139194,34.860253279609864,30.414036478859938,1.7386267416881818,3.6526559960980762,0.06732630637609842,0.302428706656163,0.9280881155881155
608,26101,27527,26214.98808500487,26679.975927418734,139.1933962483161,874.1410738616909,0.0,88.97249060586387,6377.833333333333,6552.0,CE-608 Ahorro Postal - Francisco Márquez,19.3884304,-99.1397718,51,95.60805860805861,100.83150183150182,96.02559738097021,97.72884955098438,0.5098659203235022,3.2019819555373292,0.0,0.32590655899583837,0.9734177859177858
609,9964,11205,11812.163397684073,12248.96321612339,13.771298464070865,570.6013998115662,8.27502516906006,290.0764553297811,6338.333333333333,6552.0,CE-609 Romero - Calzada de Tlalpan,19.384623,-99.139817,31,36.498168498168496,41.043956043956044,43.26799779371456,44.8679971286571,0.050444316718208294,2.0901150176247847,0.030311447505714503,1.0625511184241065,0.9673890923890923
610,14191,16102,16104.892650781601,17432.439571992596,152.46733697483242,1421.6369974571023,81.5932322475306,1487.375545820554,6156.666666666667,6552.0,CE-610  Av. Víctor Hugo - Av. Niños Héroes de Chapultepec,19.387174,-99.143708,31,51.98168498168498,58.98168498168498,58.99228077209378,63.855090007298884,0.558488413827225,5.207461529146895,0.29887630859901315,5.448262072602762,0.9396621896621897
611,12753,14689,14564.931888868452,16073.792431846003,265.86447367173855,1079.067694990896,209.02308764975334,1872.986455612818,6190.833333333333,6552.0,CE-611 Miguel Negrete - Niños Héroes de Chapultepec,19.387506,-99.146338,23,46.714285714285715,53.8058608058608,53.351398860324,58.87836055621246,0.9738625409221192,3.952628919380571,0.7656523357133822,6.860756247666,0.9448768823768823
612,14834,16443,16341.551396602546,17271.54508290736,0.0,989.0795421617879,19.26251569369226,1020.6750933449686,6288.0,6552.0,CE-612 Torres Adalid - Cumbres de Maltrata,19.388148,-99.148446,31,54.336996336996336,60.23076923076923,59.85916262491775,63.26573290442256,0.0,3.623001985940615,0.0705586655446603,3.7387366056592253,0.9597069597069597
613,18101,17931,19077.072902403128,18116.219605411527,0.0,880.4307998270052,1.429699657529382,157.27786782925995,6331.833333333333,6552.0,CE-613 Luz Saviñón - Doctor José María Vertiz,19.390019,-99.15111,31,66.3040293040293,65.68131868131869,69.87938792089058,66.35977877440119,0.0,3.225021244787565,0.005236995082525209,0.5761094059679851,0.9663970288970288
614,14897,14445,16966.92619326716,14983.742473905988,950.0238837199315,1807.166125660276,0.0,0.0,6007.333333333333,6552.0,CE-614 Torres Adalid - Av. Cuauhtémoc,19.389293,-99.156348,27,54.56776556776557,52.91208791208791,62.14991279585041,54.8855035674212,3.4799409660070753,6.619656137949729,0.0,0.0,0.9168701668701669
615,13286,13547,14777.22731482788,14200.735837505,199.10268725503983,706.385069494168,0.0,21.682642753244924,6324.0,6552.0,CE-615 Tajín - Universidad,19.38748,-99.153876,31,48.666666666666664,49.62271062271062,54.12903778325231,52.01734739012821,0.7293138727290837,2.5874910970482343,0.0,0.07942359982873598,0.9652014652014652
616,10304,10095,12602.048697508939,11176.6556490938,0.0,1284.5113684073442,0.0,11.42232345406522,6082.666666666666,6552.0,CE-616 Petén - Eje 5 Sur,19.384965,-99.1535881,23,37.743589743589745,36.97802197802198,46.161350540325785,40.94013058276117,0.0,4.70516984764595,0.0,0.04184001265225355,0.9283679283679283
617,13880,14394,15549.23253395512,15044.180855459348,238.27442044238185,938.7476122722936,2.132680273971494,29.861679713724868,6273.5,6552.0,CE-617 Mitla - Eje 5 Sur,19.384589,-99.150517,31,50.84249084249084,52.72527472527472,56.95689572877333,55.10688958043717,0.8728000748805196,3.4386359423893538,0.007812015655573238,0.10938344217481637,0.957493894993895
618,31191,32272,30508.22595219217,30894.862063411863,17.668939553456134,593.5333254557022,3.352979094682696,566.5133314563996,6378.0,6552.0,CE-618 Bartolomé R. Salido - Edzna,19.381824,-99.148086,31,114.25274725274726,118.21245421245422,111.75174341462333,113.16799290627056,0.06472139030570012,2.1741147452589824,0.01228197470579742,2.0751404082651996,0.9734432234432234
619,9912,10121,11915.2320927453,11359.017562623289,301.7357141902403,847.9649518286928,31.124652676420066,267.77875275093055,6217.833333333333,6552.0,CE-619 Kiff - Rafael Solana Verduguillo,19.381277,-99.145804,23,36.30769230769231,37.07326007326007,43.645538801264834,41.608122940012045,1.1052590263378765,3.1060987246472265,0.11400971676344346,0.9808745522012108,0.9489977614977615
620,10021,10695,11714.069635112011,12234.34755113828,22.102523773173807,448.51622318539575,136.68360545170222,1072.6368005973811,6364.0,6552.0,CE-620 Fernando Montes de Oca - Priv. Lago,19.381804,-99.142997,23,36.70695970695971,39.175824175824175,42.90867998209528,44.814459894279416,0.08096162554276119,1.6429165684446732,0.5006725474421326,3.9290725296607367,0.9713064713064713
621,33708,34210,33004.46373444253,33264.839436176175,40.470482827156246,1140.9695753891056,350.9120613295667,3721.5927438916037,6365.333333333333,6552.0,CE-621 Lago Poniente - Calzada de Tlalpan,19.379458,-99.140943,26,123.47252747252747,125.31135531135531,120.89547155473454,121.84922870394203,0.14824352683940017,4.179375734026028,1.2853921660423688,13.632207853082798,0.9715099715099714
622,13740,14638,15369.501838904343,15401.947806223487,161.95716215020533,959.9715094090969,41.85184409009422,488.17792556869597,6264.5,6552.0,CE-622 Fernando Montes de Oca - Eje 6 Sur,19.378351,-99.143996,27,50.32967032967033,53.61904761904762,56.29854153444814,56.417391231587864,0.5932496782058804,3.5163791553446773,0.15330345820547334,1.788197529555663,0.9561202686202687
623,16397,19218,17474.26162857099,19380.449839327153,7.657312179307064,587.720715449723,13.203151348606784,725.3023235574049,6391.333333333333,6552.0,CE-623 Fernando Montes de Oca - Antonio Rodríguez,19.375518,-99.144118,35,60.062271062271066,70.3956043956044,64.00828435373988,70.99065875211411,0.028048762561564338,2.152823133515469,0.048363191753138406,2.656785067975842,0.9754782254782254
624,17638,19353,18923.168177369367,19538.916415191718,0.0,1159.6364869470126,17.103580018180764,844.9457698159484,6266.0,6552.0,CE-624 Luis Spota - Eje Central Lázaro Cárdenas,19.377516,-99.148116,35,64.60805860805861,70.89010989010988,69.31563434933834,71.57112239996967,0.0,4.247752699439607,0.0626504762570724,3.095039449875269,0.9563492063492064
625,18409,18661,19559.817681161912,19647.797484251605,171.50811328472506,1214.8397987754279,374.87114719657995,1959.067974633549,6256.833333333333,6552.0,CE-625 Zempoala - Angel Urraza,19.379442,-99.150064,19,67.43223443223444,68.35531135531136,71.64768381377989,71.96995415476779,0.6282348471967951,4.449962632877025,1.3731543853354578,7.176073167155858,0.9549501424501424
626,15682,15238,17452.54913267218,15771.330332198058,359.1330060370764,1507.6124285013784,0.0,77.97786841675182,6142.333333333333,6552.0,CE-626 San Borja - Petén,19.382115,-99.153988,27,57.443223443223445,55.81684981684982,63.92875140172959,57.77044077728227,1.3155055166193275,5.5223898479903974,0.0,0.2856332176437796,0.9374745624745624
627,15615,14844,17193.637430270835,15400.044799487385,249.85346788186231,1219.6814439279337,0.0,0.0,6064.666666666666,6552.0,CE-627 San Borja - Av. Universidad,19.382606,-99.156592,31,57.1978021978022,54.37362637362637,62.98035688743896,56.4104205109428,0.9152141680654298,4.4676975968056185,0.0,0.0,0.9256206756206755
628,28441,28391,28564.105401292512,27483.99808234239,56.82184242765256,1403.6450003961886,93.09288123895233,1759.648664733025,6034.0,6552.0,CE-628 Tenayuca - Chichen Itzá,19.378281,-99.15841,23,104.17948717948718,103.99633699633699,104.63042271535718,100.67398564960583,0.20813861695110827,5.141556778008017,0.34099956497784734,6.445599504516575,0.9209401709401709
629,9050,8325,11786.405549711948,9655.596732242988,118.75187692178375,1692.6046936369614,2.2865364773954333,87.69240658078603,5624.333333333333,6552.0,CE-629 Tajín - Chichen Itzá,19.376367,-99.155872,19,33.15018315018315,30.494505494505493,43.17364670224157,35.36848619869226,0.43498856015305404,6.200017192809383,0.008375591492290965,0.3212176065230257,0.8584147334147334
630,17174,17647,18188.27911006219,17943.00970268546,0.0,645.6282166676829,4.619213936186325,278.24761830026137,6382.666666666666,6552.0,CE-630 Cuicuilco - Motozintla,19.375677,-99.152953,30,62.908424908424905,64.64102564102564,66.6237330038908,65.7253102662471,0.0,2.364938522592245,0.016920197568448078,1.0192220450559024,0.9741554741554741
631,14015,14237,15565.928905781973,14912.660198428312,15.438564454053457,950.5953669955225,6.271944947398472,263.17229367057763,6271.666666666666,6552.0,CE-631 Miguel Laurent - Eje Central,19.372907,-99.149207,27,51.336996336996336,52.15018315018315,57.01805459993397,54.62512893197184,0.05655151814671596,3.4820343113389103,0.02297415731647792,0.9640010757164016,0.9572140822140821
632,13707,14091,15430.06281015066,14830.388229380555,97.36201833908567,1118.3909504640644,3.497381860309996,256.62976852254394,6184.5,6552.0,CE-632 Victor Hugo - Sevilla,19.370891,-99.151577,27,50.20879120879121,51.61538461538461,56.52037659395847,54.32376640798738,0.3566374298135006,4.096670148220016,0.012810922565238081,0.9400357821338606,0.9439102564102564
633,15926,16376,17292.40651751903,16868.27151632874,0.0,1043.2981876890697,39.23045005079231,891.1095026416941,6256.166666666666,6552.0,CE-633 Canarias - Calzada Santa Cruz,19.372175,-99.146356,27,58.336996336996336,59.985347985347985,63.342148415820624,61.78854035285252,0.0,3.8216050831101454,0.14370128223733444,3.264137372313898,0.9548483923483922
634,11975,13217,13798.042381685455,14261.623446827292,225.12207801939587,995.1797802440898,52.083669197911284,810.9898773268766,6219.166666666666,6552.0,CE-634 Rumania - Víctor Hugo,19.370133,-99.145866,27,43.86446886446886,48.413919413919416,50.54227978639361,52.2403789261073,0.8246229964080435,3.645347180381281,0.1907826710546201,2.9706588913072403,0.9492012617012616
635,30535,32105,29889.6684377821,31040.46064762888,23.372861930380886,536.2802905230049,99.89845973051894,1363.4111996831505,6467.5,6552.0,CE-635 Calzada Santa Cruz - Antillas,19.370586,-99.142294,39,111.84981684981685,117.6007326007326,109.48596497356081,113.70132105358564,0.08561487886586405,1.9643966685824354,0.3659284239213148,4.994180218619599,0.9871031746031746
636,10349,10898,12166.639501295402,12441.674085879022,47.4874519145867,651.7034305627801,111.46223121988031,1366.8595659250632,6301.833333333333,6552.0,CE-636 Ajusco - Antillas,19.367131,-99.142838,23,37.908424908424905,39.91941391941392,44.56644505969012,45.573897750472604,0.17394671030984138,2.387192053343517,0.4082865612449828,5.006811596795103,0.9618182743182743
637,9449,9738,11456.703295023279,11099.174220406365,123.81392015199546,772.8325041770975,40.46291866855531,389.301946446278,6208.0,6552.0,CE-637 Ajusco - Emperadores,19.36576,-99.144413,23,34.61172161172161,35.67032967032967,41.965946135616406,40.65631582566434,0.45353084304760244,2.830888293689002,0.1482158192987374,1.4260144558471721,0.9474969474969475
638,25050,25303,25126.27847632771,25423.534108205917,11.418071916705255,596.2042363557592,336.386981666229,3425.04260868892,6413.833333333333,6552.0,CE-638 Av Pirineos - C. Antillas,19.361743,-99.143867,19,91.75824175824175,92.68498168498168,92.0376500964385,93.12649856485683,0.0418244392553306,2.1838983016694478,1.232186746030143,12.545943621571135,0.9789122914122914
639,9622,10406,11469.557711177164,11643.379303446802,105.47259257069274,620.1164691664144,20.186697975424483,653.8349446246426,6292.833333333333,6552.0,CE-639 Bulgaria - Rumania,19.364528,-99.146988,23,35.24542124542125,38.11721611721612,42.01303190907386,42.649741038266676,0.38634649293294043,2.271488898045474,0.07394394862792851,2.394999797159863,0.9604446479446479
640,12113,12674,14116.87224579,13772.287831334923,0.0,1263.2879283758114,16.60846976743597,868.9685742269404,6149.0,6552.0,CE-640 Odesa - Bulgaria,19.367465,-99.148786,23,44.36996336996337,46.42490842490842,51.71015474648352,50.447940774120596,0.0,4.627428309068906,0.060836885595003554,3.183035070428353,0.9384920634920635
641,14262,14590,16024.65832798386,15382.28174515079,181.75564353996512,1311.2178797653887,64.96826414632002,691.8430549590696,6163.166666666666,6552.0,CE-641 Sevilla - Av. Presidentes,19.368156,-99.151883,23,52.24175824175824,53.443223443223445,58.69838215378703,56.34535437784172,0.6657715880584802,4.802995896576515,0.23797898954695978,2.5342236445387165,0.9406542531542531
642,10807,10706,13059.754111222559,11769.37237774159,38.89129874257871,1309.2028839282007,24.57378939102857,439.1500726319189,6082.0,6552.0,CE-642 Repúblicas - Monrovia,19.364106,-99.150541,23,39.586080586080584,39.21611721611722,47.83792714733538,43.11125413092158,0.14245896975303557,4.7956149594439585,0.0900138805532182,1.6086083246590435,0.9282661782661783
643,7597,7904,9972.588438926541,9257.1006851554,0.0,966.7555099112831,0.0,52.15326997103462,6090.833333333333,6552.0,CE-643 Filipinas - Av. Pirineos,19.362323,-99.148805,39,27.82783882783883,28.952380952380953,36.5296279814159,33.90879371851795,0.0,3.541228974034004,0.0,0.19103761894151874,0.9296143671143671
644,33320,33485,32792.45720522578,32286.54666980228,2.5226361794995045,1304.5153229009418,178.99366864139802,2200.1720657361116,6334.333333333333,6552.0,CE-644 Monrovia - Popocatépetl (Eje 8 Sur),19.361371,-99.150619,23,122.05128205128206,122.65567765567765,120.11889086163289,118.26573871722447,0.00924042556593225,4.778444406230556,0.6556544638879048,8.059238336029713,0.9667785917785917
645,9959,9750,12074.633286089647,10847.784288819288,0.0,1014.3191038418859,0.0,9.079685429967377,6046.333333333333,6552.0,CE-645 Saratoga - Ajusco,19.358634,-99.152732,27,36.47985347985348,35.714285714285715,44.22942595637233,39.73547358541864,0.0,3.7154545928274207,0.0,0.03325892098889149,0.9228225478225478
646,9313,10877,11147.84356363657,12330.42708599811,129.11155194345773,540.4387479038066,22.17207559193875,826.5041446967214,6329.166666666666,6552.0,CE-646  Rumania - Av. Popocatépetl,19.360545,-99.147501,27,34.11355311355312,39.84249084249084,40.83459180819256,45.166399582410655,0.47293608770497336,1.9796291132007569,0.08121639410966575,3.0274877095118,0.9659900284900284
647,6984,7964,8976.390828467793,9511.133977857331,108.78825390200673,342.1323570869905,1.1972633436282165,560.2134971381892,6377.333333333333,6552.0,CE-647 Antillas - Nevado,19.359256,-99.144433,23,25.582417582417584,29.17216117216117,32.88055248523001,34.83931860021001,0.3984917725348232,1.2532320772417236,0.00438558001329017,2.052064092081279,0.9733414733414733
648,21007,24710,21594.31869964865,24917.389317361674,46.65232469088545,683.860254068809,57.49244388674746,4950.764700264036,6398.5,6552.0,CE-648 Rafael Olivia - 20 de agosto,19.354411,-99.147795,25,76.94871794871794,90.51282051282051,79.1000684968815,91.27248834198416,0.17088763623034964,2.504982615636663,0.2105950325521885,18.134669231736396,0.976572039072039
649,10252,10333,12567.14474137065,11626.73084898621,0.0,1228.713187534303,7.842911559588223,1782.4321673752215,6094.0,6552.0,CE-649 Héroes del 47 - Calzada de Tlalpan,19.35072,-99.146786,23,37.553113553113555,37.84981684981685,46.033497221137914,42.58875768859418,0.0,4.500780906719059,0.02872861377138543,6.529055558150994,0.9300976800976801
650,4559,5287,7130.723538998624,6983.588834795234,6.331177751023755,699.4167770555276,0.0,116.94986885501994,6125.833333333333,6552.0,CE-650 Xicoténcatl- Prolongación Xicoténcatl,19.355809,-99.149393,27,16.6996336996337,19.366300366300365,26.119866443218402,25.580911482766425,0.023191127293127306,2.561966216320614,0.0,0.42838779800373605,0.9349562474562474
651,9138,8742,11706.385586255692,9964.403557285052,78.81880414978728,1448.8573532367525,0.0,345.26416092865327,5934.0,6552.0,CE-651 Héroes del 47 - División del Norte,19.351578,-99.150941,31,33.472527472527474,32.02197802197802,42.880533282987884,36.499646729981876,0.2887135683142391,5.307169792076016,0.0,1.264703886185543,0.9056776556776557
652,10416,10924,12270.601009497539,11955.696678567947,259.13521658825096,612.3892788980905,0.0,271.80718164944744,6186.833333333333,6552.0,CE-652 Xicoténcatl - División del Norte,19.354876,-99.153611,23,38.15384615384615,40.014652014652015,44.94725644504593,43.793760727355114,0.9492132475760108,2.2431841717878775,0.0,0.995630702012628,0.9442663817663817
653,10585,11124,12297.823264543615,12191.55838532001,22.427145403618837,658.9474641680478,6.184608000878907,698.4595288807731,6218.333333333333,6552.0,CE-653 Londres - División del Norte,19.356689,-99.153269,23,38.772893772893774,40.747252747252745,45.04697166499493,44.65772302315022,0.08215071576417156,2.413726974974534,0.022654241761461195,2.5584598127500846,0.9490740740740741
654,7359,7380,9649.432700453304,8773.841451146884,55.24797124418116,795.7826005548129,0.0,15.165643666438253,6135.0,6552.0,CE-654 Londres - San Pedro,19.355942,-99.157461,23,26.956043956043956,27.032967032967033,35.34590732766778,32.13861337416441,0.20237352104095663,2.9149545807868606,0.0,0.05555180830197162,0.9363553113553114
655,7195,7634,9709.926228375116,9074.331415606704,363.86421573788056,951.0925968173367,3.950903869802288,54.94447941570069,5933.0,6552.0,CE-655 Gomez Farias - Viena,19.357086311891955,-99.16019652040175,19,26.355311355311354,27.963369963369964,35.56749534203339,33.239309214676574,1.3328359550838116,3.48385566599757,0.014472175347261128,0.201261829361541,0.9055250305250305
656,8296,8914,10167.269527723258,10007.329806750122,130.0188221065144,492.7937925269197,0.0,17.118968576377938,6114.666666666666,6552.0,CE-656 Ignacio Allende - Paris,19.3543111,-99.1624361,35,30.388278388278387,32.65201465201465,37.242745522795815,36.656885739011436,0.4762594216355839,1.8051054671315738,0.0,0.06270684460211699,0.9332519332519331
657,9941,10461,11798.031884440032,11543.532980527054,223.8440737559156,609.0302595614703,16.106315784151985,241.7934217766295,6098.5,6552.0,CE-657 Madrid - Centenario,19.3574361,-99.1637944,19,36.413919413919416,38.31868131868132,43.216234008937846,42.28400359167419,0.8199416621095809,2.2308800716537376,0.05899749371484243,0.8856901896579835,0.9307844932844933
658,7932,8518,10176.474368992524,9856.93041428972,276.77195665244386,758.211815624258,0.0,71.98147230263272,6080.833333333333,6552.0,CE-658 Vicente Guerrero - Berlín,19.355339,-99.165613,19,29.054945054945055,31.2014652014652,37.276462890082506,36.10597221351546,1.013816691034593,2.777332657964315,0.0,0.2636683967129404,0.9280881155881155
659,10811,10765,12877.401003890984,11698.455298888968,18.040040429405064,1165.6482860836593,0.0,251.05673429433776,5702.333333333333,6552.0,CE-659  Madrid - Avenida Mexico,19.3564861,-99.1694556,23,39.6007326007326,39.43223443223443,47.16996704721972,42.8514846113149,0.06608073417364492,4.269773941698386,0.0,0.9196217373418966,0.8703194953194953
660,13488,13261,15827.875769075763,13938.915194528925,848.0756167438076,1931.628442129927,0.0,34.11982490812597,5547.833333333333,6552.0,CE-660 Josefa Ortiz de Dominguez - Circuito Interior,19.3580028,-99.1701056,27,49.40659340659341,48.57509157509158,57.97756691969144,51.05829741585687,3.106504090636658,7.075562059083982,0.0,0.12498104361950906,0.8467389092389092
661,5298,4865,8398.129650097846,6569.330513773099,539.9891142816017,1494.2617074395348,0.0,0.0,5337.166666666666,6552.0,CE-661 Madrid - Universidad,19.35675,-99.171769,27,19.406593406593405,17.82051282051282,30.76237967068808,24.063481735432596,1.9779821035956107,5.4734861078371235,0.0,0.0,0.814585877085877
662,2951,2861,5390.050368451511,4816.71826887514,84.24992910578406,287.3026557064258,0.0,0.0,6241.0,6552.0,CE-662 Manzano - Circuito Interior,19.362041,-99.175158,23,10.80952380952381,10.47985347985348,19.743774243412126,17.6436566625463,0.30860779892228596,1.052390680243318,0.0,0.0,0.9525335775335775
663,13975,13698,16337.93357683093,14631.234573227157,367.80670926215583,2089.8776271434317,28.4666646380391,535.5503668048085,5896.666666666666,6552.0,CE-663 Hortensia - Avenida Universidad,19.3548028,-99.1754194,23,51.19047619047619,50.175824175824175,59.84591053784224,53.594265835996914,1.3472773233046,7.6552294034557935,0.10427349684263407,1.9617229553289688,0.8999796499796499
664,2736,1606,6495.886659189406,3681.794206226825,672.8078028968624,2079.3083365595226,0.0,0.0,4785.5,6552.0,CE-664 Hortensia - 2da cerrada de Minerva,19.355544,-99.178992,23,10.021978021978022,5.882783882783883,23.79445662706742,13.486425663834524,2.4644974465086538,7.616514053331584,0.0,0.0,0.7303876678876678
665,2534,2126,5502.355000557972,4147.869194361613,194.61204048741615,904.6543211670403,0.0,0.0,5639.166666666666,6552.0,CE-665 Moras - Mango,19.3589028,-99.1779972,23,9.282051282051283,7.787545787545787,20.155146522190375,15.193660052606642,0.7128646171700226,3.3137520921869608,0.0,0.0,0.8606786731786731
666,2773,2526,5554.294203181624,4508.994016383445,214.17746860042953,699.7062493860562,0.0,0.0,5611.0,6552.0,CE-666 Moras - Naranjo,19.3614885,-99.1774325,23,10.157509157509157,9.252747252747254,20.3454000116543,16.51646159847416,0.7845328520162254,2.5630265545276787,0.0,0.0,0.8563797313797313
667,10194,9783,12596.051392073361,11137.281265288986,61.880006366403855,1878.156019528449,2.9684794254030926,1791.181000340869,5190.5,6552.0,CE-667 Hermes - Mosqueta,19.363955445342725,-99.1807891801136,23,37.34065934065934,35.83516483516483,46.13938238854711,40.79590207065563,0.22666668998682732,6.879692379225088,0.010873551008802537,6.5611025653511685,0.7922008547008547
668,28392,28362,28413.690020609898,27294.806097971657,0.0,1286.5785762395171,0.0,1313.513433506146,5977.666666666666,6552.0,CE-668 Plateros - Capuchinas,19.367522,-99.181727,33,104.0,103.89010989010988,104.07945062494468,99.9809747178449,0.0,4.712742037507389,0.0,4.811404518337531,0.9123422873422873
669,16374,12959,18099.52851236416,13837.697904570778,43.01179228304045,2092.6159471795695,0.34511973171886534,586.0982208261361,6026.833333333333,6552.0,CE-669 Los Juarez - Sagredo,19.37076863433144,-99.1873613745247,23,59.97802197802198,47.46886446886447,66.29863923942915,50.68753811198087,0.15755235268512985,7.665259879778643,0.0012641748414610452,2.146879929766066,0.9198463573463573
670,6820,5128,9645.143090599078,6923.795181361771,0.0,1551.6870796077799,0.0,308.7567132442133,5592.166666666666,6552.0,CE-670 Felix Parra - Flamencos,19.3676,-99.1849917,23,24.98168498168498,18.783882783882785,35.330194471058896,25.361887111215278,0.0,5.6838354564387545,0.0,1.130976971590525,0.8535052910052909
671,8578,6430,12146.936806080746,7989.700858032875,0.0,3149.2463287645382,0.0,17.27664933708283,4721.0,6552.0,CE-671 Plateros - Jose María Velasco,19.364577,-99.186288,36,31.42124542124542,23.553113553113555,44.49427401494779,29.26630350927793,0.0,11.535700837965342,0.0,0.06328442980616421,0.7205433455433455
672,16619,18053,18839.692868708255,18722.050733294942,16.53406858280648,2617.240556415989,18.676138438818754,4206.306960845711,5032.0,6552.0,CE-672 José María Velasco - Damas,19.363024,-99.182889,31,60.875457875457876,66.12820512820512,69.00986398794232,68.57894041499979,0.060564353783173916,9.586961745113513,0.06841076351215661,15.407717805295643,0.7680097680097681
673,6221,3419,10562.398726294932,5427.419747822963,20.07020239525788,4034.3103125883013,0.0,340.22907342482,4046.6666666666665,6552.0,CE-673 Miguel Noreña - José María Ibarrarán,19.363153,-99.186963,35,22.78754578754579,12.523809523809524,38.69010522452356,19.88065841693393,0.0735172248910545,14.7776934527044,0.0,1.246260342215458,0.6176231176231176
674,8131,4940,12614.421520686417,7939.064047778991,10.367450906298492,4300.0435175993825,0.0,3854.2627726221904,3863.833333333333,6552.0,CE-674 Silvestre Revueltas - Macedonio Alcalá,19.361846,-99.186814,27,29.783882783882785,18.095238095238095,46.20667223694658,29.080820687835132,0.03797601064578202,15.751075156041694,0.0,14.118178654293738,0.5897181522181522
675,30579,23786,32976.20159175354,24208.781295387973,0.0,6704.439002928602,0.0,10397.48949533006,5222.833333333333,6552.0,CE-675 Manuel Castro Padilla - Av. Revolución,19.3625257,-99.1889584,35,112.01098901098901,87.12820512820512,120.79194722254044,88.67685456186071,0.0,24.558384626112097,0.0,38.08604210743612,0.7971357346357346
676,5890,4362,8750.923797804793,6210.580979639669,2.18206689296871,1572.6941621914245,0.0,231.0906805497607,5438.333333333333,6552.0,CE-676  Ricardo Palmerín - Abundio Martínez,19.3582358,-99.1881061,19,21.575091575091577,15.978021978021978,32.05466592602488,22.749380877800984,0.007992919021863406,5.760784476891665,0.0,0.8464860093397828,0.830026455026455
677,9097,7630,12360.90326176103,9140.749160580277,5.306925348070036,2674.439640749965,0.0,296.25097686215275,4828.833333333333,6552.0,CE-677  Juan Pablo II - Av. de los Insurgentes Sur,19.35904,-99.184498,35,33.32234432234432,27.94871794871795,45.27803392586458,33.48259765780321,0.01943928698926753,9.796482200549322,0.0,1.085168413414479,0.7370014245014245
678,9162,6447,12108.91397450687,9791.750040159957,0.0,2643.6244412186575,0.0,5963.055922874371,4917.833333333333,6552.0,CE-678 Francia - Tecoyotitla,19.3588634,-99.1829297,27,33.56043956043956,23.615384615384617,44.354996243614906,35.86721626432219,0.0,9.683606011789955,0.0,21.84269568818451,0.750585063085063
679,12878,13073,15228.400284610367,14053.646895176558,147.64543245165436,1834.9888893679042,0.0,286.4691866128152,5358.166666666666,6552.0,CE-679 Olivo - Tecoyotitla,19.354886,-99.184642,31,47.172161172161175,47.88644688644688,55.7816860242138,51.478560055591785,0.5408257598961698,6.721571023325657,0.0,1.049337679900422,0.8177910052910052
680,8383,5269,12355.017873086528,6938.464482561884,234.8531685412886,4119.791875829966,0.0,24.90887758830439,4833.666666666666,6552.0,CE-680  Diego Becerra - Av. Revolución,19.366701,-99.188228,27,30.706959706959708,19.3003663003663,45.25647572559168,25.415620815245,0.8602680166347567,15.090812731977897,0.0,0.09124130984726882,0.7377391127391126
681,4406,3547,8212.571330240422,5445.816704365443,257.42304839615053,2361.202820759683,0.0,18.294821338601903,4383.166666666666,6552.0,CE-681 Guty Cárdenas - Ricardo Castro,19.355844,-99.189141,19,16.13919413919414,12.992673992673993,30.082678865349532,19.948046536137152,0.9429415692166686,8.649094581537302,0.0,0.06701399757729634,0.6689814814814814
682,8480,7369,11598.036830217392,8843.622210559432,370.66080700866326,2315.73627194643,0.0,200.97309770794743,5371.833333333333,6552.0,CE-682 Manuel M. Ponce - Fernando M. Villalpando,19.353534,-99.189548,23,31.062271062271062,26.992673992673993,42.4836513927377,32.39422055149975,1.3577318938046272,8.482550446690219,0.0,0.7361651930694045,0.8198768823768823
683,13986,13616,16539.20205545974,14413.087014391473,302.31451544677475,2222.820587918702,0.0,65.4076121417653,5454.166666666666,6552.0,CE-683 Pedro Luis Ogazón-Insurgentes Sur,19.35038263626101,-99.18722301721573,27,51.23076923076923,49.875457875457876,60.58315771230674,52.795190528906495,1.1073791774607133,8.142199955746161,0.0,0.23958832286360915,0.8324430199430198
684,13692,13088,15984.245385905615,13975.353904682419,0.0,1941.1716988826495,5.121718715404474,127.41145193403331,5534.5,6552.0,CE-684 Vito Alessio Robles - Tecoyotitla,19.351594,-99.184772,31,50.15384615384615,47.94139194139194,58.55034939892167,51.19177254462424,0.0,7.110519043526189,0.018760874415401002,0.4667086151429792,0.8447039072039072
685,33065,33069,32544.078271955754,31698.62894986881,67.0804872537388,1232.3956171499653,30.76990404488696,1036.4010692564868,6336.833333333333,6552.0,CE-685 Av De la Paz - Insurgentes,19.347698842866482,-99.18690070520825,27,121.11721611721612,121.13186813186813,119.20907791925184,116.1121939555634,0.24571607052651573,4.514269659889983,0.11271027122669217,3.796340913027424,0.9671601546601546
686,7429,7199,9880.720876980193,8687.31533613214,39.479796998635805,1047.0022540804496,0.0,68.352994633359,5979.666666666666,6552.0,CE-686 Vito Alessio Robles - Universidad,19.352203,-99.178393,27,27.21245421245421,26.36996336996337,36.19311676549521,31.821667897919927,0.14461464102064397,3.8351730918697786,0.0,0.2503772697192638,0.9126475376475376
687,2802,2140,6979.338049586686,4147.461980313204,838.9570693028514,2564.550385160478,0.0,0.0,3931.6666666666665,6552.0,CE-687 Francisco Sosa - Panzacola,19.349307,-99.179074,27,10.263736263736265,7.8388278388278385,25.565340840976873,15.19216842605569,3.0731028179591626,9.393957454800287,0.0,0.0,0.600071225071225
688,21671,21577,22850.25648200682,21304.259797114344,555.1895670990391,1789.6006741327637,0.0,0.0,6027.666666666666,6552.0,CE-688 Panzacola - Miguel Ángel de Quevedo,19.346975,-99.178791,33,79.38095238095238,79.03663003663004,83.70057319416416,78.03758167441151,2.033661417945198,6.5553138246621385,0.0,0.0,0.9199735449735449
689,9841,9883,11783.002222007168,11068.33646529045,109.23032956168649,717.1775922604202,0.0,140.8191160003689,6179.666666666666,6552.0,CE-689 G. Pérez Valenzuela - Salvador Novo,19.351426,-99.175455,23,36.04761904761905,36.201465201465204,43.16118030039256,40.543357015715934,0.4001110972955549,2.6270241474740668,0.0,0.515820937730289,0.9431725681725681
690,6181,6054,8947.456048737955,7607.300613440873,737.8355756079357,1177.5074690911233,0.0,0.0,5738.166666666666,6552.0,CE-690 Tata Vasco - Av. Miguel Ángel de Quevedo,19.345966,-99.172975,23,22.641025641025642,22.175824175824175,32.77456428109141,27.865570012603932,2.7026944161462843,4.313214172494957,0.0,0.0,0.8757885632885632
691,6597,6711,8969.848501839571,8176.80541583457,441.51717424453506,760.1795171725123,0.793102377561284,0.793102377561284,6002.166666666666,6552.0,CE-691 Melchor Ocampo - Dulce Olivia,19.347283,-99.170834,23,24.164835164835164,24.582417582417584,32.85658791882627,29.951668189870222,1.6172790265367585,2.7845403559432684,0.0029051369141438973,0.0029051369141438973,0.9160816035816035
692,11313,12237,12716.80629442148,13256.161622417976,85.1731456949951,295.3606678318315,27.718977163777875,692.1423334136695,6330.166666666666,6552.0,CE-692 Presidente Carranza - Francisco Sosa,19.349149,-99.169646,19,41.43956043956044,44.824175824175825,46.58170803817392,48.557368580285626,0.3119895446703117,1.081907208175207,0.10153471488563325,2.535319902614174,0.9661426536426535
693,4247,4349,6854.366617061929,6074.121211447517,30.27267240592693,724.4591430405981,0.0,0.0,5485.666666666666,6552.0,CE-693 Xicoténcatl - Vicente Guerrero,19.352531,-99.164913,31,15.556776556776557,15.93040293040293,25.107570025867872,22.249528247060503,0.11088890991182025,2.653696494654205,0.0,0.0,0.8372507122507121
694,3630,3738,6280.224714686196,5514.925719041042,386.6624021994072,682.7779901241976,0.0,2.048954978864166,5620.333333333333,6552.0,CE-694 Ignacio Aldama - Centenario,19.353243,-99.163753,23,13.296703296703297,13.692307692307692,23.004486134381672,20.201193110040446,1.4163457956022243,2.5010182788432145,0.0,0.0075053295929090325,0.8578042328042328
695,10449,10486,12683.746117642197,11399.107427398354,650.9592743649662,1317.122011422871,10.39114341618553,95.13053482145322,5439.666666666666,6552.0,CE-695 Malintzin - Allende,19.352141,-99.16225,23,38.27472527472528,38.41025641025641,46.46060848953186,41.75497226153243,2.3844662064650777,4.824622752464729,0.038062796396283995,0.3484634975144807,0.8302299552299551
696,11261,12712,12898.016161748626,13364.749354081032,169.92519323121547,617.1926637967852,0.0,5.64788105474844,5867.166666666666,6552.0,CE-696 México - Malintzin,19.351576,-99.164567,39,41.24908424908425,46.56410256410256,47.24548044596566,48.95512583912466,0.6224366052425475,2.2607789882666123,0.0,0.02068820899175253,0.8954772079772079
697,9189,11270,10805.757934848152,12159.210730232646,62.213826040760274,267.06706458042777,0.0,52.833998855256695,6290.0,6552.0,CE-697 Francisco Sosa - Tres Cruces,19.349277,-99.164921,35,33.65934065934066,41.282051282051285,39.58153089687968,44.53923344407563,0.22788947267677756,0.9782676358257427,0.0,0.19353113133793662,0.96001221001221
698,8345,8487,10463.868071963441,9925.51493292425,338.1063468150753,692.6894027643317,65.82092505933824,332.69958830045596,6244.0,6552.0,CE-698 Cerrada Zamora - Av. Miguel Ángel de Quevedo,19.3447824,-99.1635837,15,30.56776556776557,31.087912087912088,38.32918707678916,36.35719755649909,1.2384847868684077,2.5373238196495667,0.24110228959464555,1.2186798106243808,0.9529914529914529
699,4678,4787,9914.493229835378,6505.883464747284,3469.1736201429862,3715.0517159700807,62.08662170581084,204.8705706426807,4079.1666666666665,6552.0,CE-699 San Gregorio - Felipe Carrillo Puerto,19.346895,-99.163868,19,17.135531135531135,17.534798534798536,36.316825017712006,23.831074962444262,12.707595678179437,13.60824804384645,0.22742352273190786,0.75044165070579,0.622583435083435
700,9023,10026,11010.685580183666,11054.542235297753,226.64135973535704,670.3080671257761,0.0,3.5915904904282816,5939.666666666666,6552.0,CE-700 Abasolo - Miguel Hidalgo,19.350062,-99.160024,35,33.05128205128205,36.72527472527472,40.33218161239438,40.49282870072437,0.8301881308987438,2.455340905222623,0.0,0.013156009122447918,0.9065425315425315
701,7779,8069,10000.027760381567,9447.306724475166,369.2550953018082,658.9489281573102,0.0,2.2757069331535837,6102.666666666666,6552.0,CE-701 Cuauhtémoc - Morelos,19.352052,-99.157981,23,28.494505494505493,29.55677655677656,36.630138316415994,34.60551913727167,1.3525827666732901,2.413732337572565,0.0,0.00833592283206441,0.9314204314204313
702,7797,8206,9907.263497965472,9492.261517681442,315.9990651063039,605.4036270140017,0.0,10.67798285446309,6199.0,6552.0,CE-702 Fernández Leal - Plaza de la Conchita,19.347246,-99.15857,31,28.560439560439562,30.05860805860806,36.290342483390006,34.77018870945583,1.1575057329901242,2.2175957033479916,0.0,0.03911349030938861,0.9461233211233211
703,9757,10210,11660.826716301704,11331.321295319674,259.67376234545566,610.7979301771471,8.849723930400277,36.34272351768446,6272.333333333333,6552.0,CE-703 Miguel Hidalgo - Calzada General Anaya,19.350776,-99.155379,23,35.73992673992674,37.3992673992674,42.71365097546412,41.50667141142738,0.9511859426573467,2.2373550555939454,0.03241657117362739,0.13312352936880756,0.9573158323158323
704,6178,7340,8243.127790847671,8844.711922764805,22.315151051613956,311.9907082548223,0.0,301.1881873590997,6373.5,6552.0,CE-704 Pacífico - Asia,19.344842,-99.157702,23,22.63003663003663,26.886446886446887,30.194607292482313,32.398212171299654,0.08174048004254196,1.1428231071605213,0.0,1.1032534335498156,0.9727564102564102
705,12959,14129,14641.027073376863,14858.951190046935,125.12570036999779,838.9117515872662,0.8045544783249805,265.8104044691854,6301.166666666666,6552.0,CE-705 Europa - Miguel Ángel de Quevedo,19.344107,-99.155933,27,47.46886446886447,51.75457875457875,53.63013579991525,54.428392637534564,0.4583358987912007,3.072936819000975,0.0029470860011904048,0.9736644852351114,0.9617165242165241
706,7623,8137,9712.941210233685,9584.610025617636,243.780338820612,571.0142374393681,21.322120378300642,226.0236225030068,6287.333333333333,6552.0,CE-706 Canadá - Acolotitla,19.347503,-99.15244,23,27.923076923076923,29.805860805860807,35.57853923162522,35.10846163229903,0.8929682740681758,2.0916272433676486,0.0781030050487203,0.827925357153871,0.9596052096052096
707,4298,4436,6779.376603263363,6197.258918951738,176.40699822763304,554.1024642239275,0.0,147.78287581397254,6189.166666666666,6552.0,CE-707 Irlanda - División del Norte,19.348076,-99.14906,27,15.743589743589743,16.249084249084248,24.83288133063503,22.70058212070234,0.6461794806873005,2.0296793561316027,0.0,0.5413292154357968,0.9446225071225071
708,10165,13424,11751.919087248732,14509.119413779707,0.0,264.0395608560671,0.0,2708.925062450785,6455.833333333333,6552.0,CE-708 Irlanda-Canada,19.346419552561255,-99.14566911759721,27,37.234432234432234,49.172161172161175,43.04732266391477,53.146957559632625,0.0,0.9671778785936525,0.0,9.922802426559652,0.9853225478225478
709,14410,18383,15353.42857118786,20168.804405086812,3.781453577919936,245.41535757433087,124.40353305791143,7877.150554839305,6478.5,6552.0,CE-709 Inglaterra - Antigua Taxqueña,19.344275,-99.149988,22,52.78388278388278,67.33699633699634,56.23966509592623,73.87840441423741,0.013851478307399032,0.8989573537521277,0.45569059728172684,28.85403133640771,0.9887820512820513
710,31207,24716,30311.15235934895,22266.936518940587,0.0,2058.292157661739,0.0,6131.278835997749,5897.833333333333,6552.0,CE-710 Molino del Rey - Glorieta de la Lealtad,19.416795,-99.192508,39,114.31135531135531,90.53479853479854,111.02986212215733,81.5638700327494,0.0,7.539531713046664,0.0,22.45889683515659,0.9001577126577126
711,24236,15715,26324.87340304271,16002.06671262977,510.4321402081279,4320.674333850177,0.0,1935.7907067516774,5737.833333333333,6552.0,CE-711 Molino del Rey - Av. Constituyentes,19.414108,-99.191983,39,88.77655677655677,57.56410256410256,96.42810770345315,58.61562898399183,1.8697147992971719,15.826645911539112,0.0,7.090808449639844,0.8757376882376882
